time_s,vehicles_in_network,mean_speed_km_h,total_waiting_time_s,total_time_loss_s,stopped_vehicles
1.0,8,0.0,0.0,0.0,8
2.0,8,6.856683418516769,0.0,6.889330684500616,0
3.0,8,13.351194327652923,0.0,12.720969498752796,0
4.0,8,21.20763059471268,0.0,17.276532250658846,0
5.0,9,22.14344240223523,0.0,21.210835993059888,1
6.0,9,15.30806448066533,0.0,27.39705082729575,0
7.0,10,10.757029887548642,0.0,34.22120118024332,1
8.0,10,12.11443035072231,4.0,41.73551307357571,4
9.0,11,10.650794437870402,6.0,49.28647222048994,5
10.0,11,11.155582652834008,10.0,57.6732380310118,4
11.0,11,13.519264707089512,8.0,65.47407201710045,2
12.0,12,12.89752746380501,12.0,73.19514433266716,5
13.0,19,8.940840325167496,16.0,81.64597113435696,11
14.0,19,13.002421068947772,20.0,95.52705983080808,4
15.0,18,16.173156568549018,25.0,98.8042648631138,5
16.0,17,19.11281282928783,30.0,101.18878312635562,5
17.0,17,15.0499954842805,35.0,90.60560427370571,7
18.0,17,14.98425610742274,40.0,102.36324623649976,5
19.0,17,15.08826114594559,48.0,114.03504260739562,8
20.0,17,14.84780772578363,57.0,125.78035629418447,9
21.0,18,13.099010760875668,67.0,137.8598696117026,11
22.0,15,3.7889258291463226,39.0,140.2057200073684,6
23.0,15,8.214261176606376,40.0,152.76203559200107,4
24.0,15,13.335097442578162,44.0,163.79898309663662,4
25.0,22,11.943327667702592,48.0,173.58762164356978,11
26.0,22,17.226097202770827,52.0,187.93849869889436,4
27.0,23,21.144356440455454,56.0,200.06482646532723,5
28.0,23,26.28284552110633,60.0,210.78899215545368,4
29.0,24,26.73367150553698,64.0,220.9178249008118,5
30.0,24,25.557753789259344,69.0,232.69767055658116,5
31.0,24,24.963566907312682,75.0,244.84890280508057,6
32.0,22,21.234685583994224,82.0,206.6081365796308,8
33.0,22,20.022030613499275,89.0,206.26036746959056,8
34.0,21,19.9676875893159,99.0,210.52294012993542,10
35.0,19,18.180770239595162,109.0,204.54681357016895,10
36.0,19,19.291636288045154,119.0,216.33641592084587,10
37.0,25,12.08313862396232,129.0,208.5757637583543,18
38.0,25,15.011671054287664,139.0,226.38112541337765,10
39.0,24,16.03034736025237,149.0,233.639879720007,10
40.0,24,18.294002414192416,159.0,249.21385039048053,10
41.0,24,16.619315522671275,169.0,258.86218924077224,11
42.0,22,12.656637043486526,179.0,267.89926006290193,10
43.0,23,11.350539913894846,192.0,285.0321533043925,14
44.0,22,9.690418779080233,206.0,298.9269728313058,14
45.0,23,9.146848532245011,222.0,316.86662062755556,17
46.0,23,9.74536495537333,238.0,335.51989887655157,16
47.0,23,11.071171722448817,218.0,353.5604714818709,12
48.0,23,9.66389389523911,231.0,368.1293909069068,14
49.0,30,7.879980895855794,244.0,386.56514682007094,20
50.0,30,10.212266547576894,257.0,410.57150837428316,13
51.0,30,12.960476733695746,271.0,432.87077857852603,14
52.0,30,14.306850730617372,285.0,454.37083198620127,14
53.0,29,8.545654710969515,301.0,439.38251377356613,18
54.0,27,5.4019323848997445,153.0,429.94856842350197,12
55.0,27,8.691306466053023,22.0,452.41261884352764,7
56.0,27,12.940826883019245,20.0,472.50976888455943,5
57.0,28,16.65914897653165,27.0,490.22568547776814,8
58.0,27,18.559723301642165,8.0,499.0828770866737,4
59.0,27,24.191269533612378,6.0,512.7470092075723,2
60.0,23,24.276548177646394,8.0,333.71470995570104,2
61.0,26,17.02401330598034,12.0,246.59192166407064,11
62.0,22,16.197131757423,9.0,160.82278864304956,3
63.0,21,18.764154220873177,5.0,157.71287803173203,3
64.0,19,22.13905233552057,7.0,133.1698899094241,2
65.0,20,23.303567705000788,9.0,143.13540946413082,3
66.0,20,22.850887123339295,11.0,154.23346467124765,2
67.0,19,22.590793881725183,13.0,150.3448298715781,2
68.0,20,22.298495868274046,18.0,160.5923066212742,6
69.0,21,21.82111848729412,23.0,171.59541181001194,6
70.0,21,22.3569511217313,29.0,183.2811660571957,6
71.0,19,18.948483556837335,35.0,167.96541184639827,6
72.0,19,17.54820739750541,43.0,180.05789752865965,8
73.0,25,8.059638118800098,52.0,178.1625028976423,17
74.0,24,8.172250308599931,61.0,190.44456078051417,9
75.0,24,10.026924272042939,72.0,209.35127661491066,11
76.0,23,11.366639913662453,70.0,222.90032335791375,9
77.0,24,11.092191995205258,73.0,240.43288410843826,8
78.0,24,11.382288326744227,78.0,258.8466074023958,7
79.0,25,11.719039933851498,85.0,276.91551264074116,8
80.0,25,14.275457399189596,95.0,294.72789846739664,10
81.0,26,14.63519845395175,107.0,312.0949038173314,13
82.0,25,14.151304219534543,119.0,304.81197396474727,12
83.0,24,13.858872305295701,93.0,301.25003371903244,9
84.0,24,13.61907650297186,102.0,303.1394016809046,10
85.0,30,10.618127928639938,114.0,299.5139313803501,19
86.0,28,10.423124349125029,126.0,300.3447218759914,12
87.0,28,13.281885600010492,138.0,321.03507172477504,12
88.0,27,14.743532443062785,150.0,334.9617606464084,12
89.0,26,9.91109355627601,143.0,298.21108155369285,12
90.0,25,9.460290667684015,155.0,307.11578970348353,12
91.0,25,11.192206644827756,168.0,326.6019637740687,13
92.0,25,12.667645962641776,183.0,345.3577298003307,15
93.0,25,11.27764851024142,199.0,360.18980772772034,17
94.0,23,6.184278409607815,179.0,369.36748328934243,13
95.0,22,7.42220290112971,173.0,371.9960359235343,9
96.0,21,9.007423112474847,182.0,372.3996277693435,9
97.0,28,9.664865673829734,183.0,388.0010984002163,15
98.0,28,14.404097522168152,191.0,407.90965530598845,8
99.0,29,17.387324925433255,199.0,425.7751491865381,9
100.0,29,20.089565034615163,207.0,443.14807075743613,8
101.0,30,22.102340336043106,216.0,458.94285250345695,10
102.0,30,22.241919528119826,226.0,475.67366334941727,10
103.0,30,22.84995160686145,237.0,492.06807192049735,11
104.0,29,21.15604354519979,250.0,465.9030834547311,14
105.0,28,19.410028121476266,263.0,439.96356167439404,14
106.0,24,16.179587661416715,277.0,400.2496502914833,14
107.0,24,17.355605730235304,291.0,416.17782105439943,14
108.0,23,16.650062290811963,305.0,424.7035181373868,14
109.0,28,12.862379774234904,319.0,435.6360990866115,20
110.0,26,12.003673851723237,333.0,432.74364321416505,14
111.0,26,14.15187446423845,347.0,451.52290459222536,14
112.0,25,14.891463634342449,361.0,463.6288324677546,14
113.0,26,15.554647097438457,375.0,480.6550745070183,15
114.0,25,11.884480536565842,389.0,495.84342087970475,14
115.0,25,9.492178540346751,200.0,511.55010263100155,11
116.0,25,10.895958774126624,84.0,531.0071760310846,8
117.0,25,10.338250554774719,62.0,545.369362050375,10
118.0,27,11.02877362800472,71.0,564.0880654143211,11
119.0,27,13.959597548141016,42.0,583.1865755294158,6
120.0,28,16.364499216141784,48.0,600.6422765083456,7
121.0,32,13.862191351515847,57.0,508.2677946168855,15
122.0,31,15.314543802079516,66.0,395.61455401352913,10
123.0,27,16.135996171194247,21.0,259.28952872453016,5
124.0,27,20.638372452298555,27.0,274.907480528018,6
125.0,24,15.905132595864291,33.0,200.8630317123499,8
126.0,23,17.17284653572141,40.0,194.01913399849482,7
127.0,21,18.230794906835452,48.0,200.08889738986832,8
128.0,21,21.513191589981354,57.0,212.29771094628745,9
129.0,19,17.261667261001264,66.0,168.290495287278,10
130.0,16,10.384446703717021,53.0,143.3210576716808,8
131.0,13,7.6412155259863415,15.0,141.37014917894547,3
132.0,13,13.038324490925893,3.0,150.9130094757905,1
133.0,20,11.877794447731624,0.0,159.09928598231826,7
134.0,20,18.82422595250975,0.0,171.53352616419517,0
135.0,21,24.867684988379658,0.0,181.07879986069716,1
136.0,21,30.78953920637113,0.0,189.18001821668832,0
137.0,20,30.691975970841895,0.0,162.53414101682625,1
138.0,19,27.441358030596984,0.0,149.18317900320224,0
139.0,19,26.998247924064632,3.0,158.14171767090517,3
140.0,20,23.3525453535812,5.0,168.0518689305435,4
141.0,21,18.154405118989562,9.0,180.64592179956932,5
142.0,21,15.074419690650377,13.0,195.47551080796526,4
143.0,20,13.139798740857012,21.0,199.62741669998425,8
144.0,19,12.738580677156566,27.0,199.11743204820476,7
145.0,27,10.622611862102529,36.0,212.6895002945201,17
146.0,25,11.006204756981917,45.0,216.24056723226337,9
147.0,24,11.769757256954108,54.0,226.60315959857482,9
148.0,23,12.581258157298306,26.0,238.3241931727255,4
149.0,24,13.564745807718072,20.0,255.05326406667558,3
150.0,24,14.316319911681294,24.0,272.44177529637807,4
151.0,25,15.095081646077368,29.0,289.2286456763183,6
152.0,25,18.670287721840147,36.0,305.25490403296857,7
153.0,25,18.07637725512764,45.0,317.43680188240086,10
154.0,21,12.668813426760655,54.0,241.52980315553145,9
155.0,21,14.163317762927749,63.0,256.776919169033,9
156.0,21,15.104608785446658,58.0,242.9354893921522,8
157.0,26,11.366278539481455,60.0,225.1993053477351,13
158.0,25,13.977342979266204,66.0,226.29684681585863,6
159.0,24,16.86866238992255,72.0,220.0499172546902,6
160.0,24,21.23061596599819,78.0,233.99899814508447,6
161.0,26,19.810707183374817,65.0,247.81316453533782,6
162.0,26,19.606733641561753,70.0,263.6842039957882,5
163.0,26,19.100615805172495,77.0,279.8403859786515,7
164.0,26,18.944475320308847,87.0,296.2206368001414,10
165.0,25,15.00229614569632,99.0,295.1045540848897,13
166.0,24,11.060701687182902,112.0,292.5242980463922,14
167.0,21,5.733166302842705,126.0,272.87295214197184,14
168.0,20,3.7226779048180365,142.0,280.77609201716484,16
169.0,27,3.816189358100553,137.0,298.82478970890065,19
170.0,27,7.081026753271398,139.0,322.17056343448337,11
171.0,28,9.675584340318872,141.0,343.92693475770955,10
172.0,28,14.270787672268165,150.0,364.1539193153901,9
173.0,29,15.976706661797428,159.0,383.1487180378987,10
174.0,29,14.823437141717179,170.0,403.7045967365519,11
175.0,27,11.559735746709233,181.0,367.0906696684952,11
176.0,28,11.628950368640066,168.0,387.41721694044,11
177.0,27,8.482946716138652,180.0,364.34304321443386,13
178.0,27,8.85455749797465,195.0,386.2830438794932,15
179.0,26,9.342924637115388,210.0,395.358829605582,15
180.0,25,9.88834329002964,226.0,401.51786917953063,16
181.0,33,8.62542505134446,232.0,420.96139112739274,22
182.0,29,4.585082729094034,246.0,392.8128955211665,14
183.0,29,5.395337398168274,261.0,418.64684742552623,15
184.0,29,8.415341992079053,83.0,442.7197394291671,8
185.0,30,13.264758133305309,5.0,463.70376421103913,4
186.0,30,16.732726435702467,6.0,483.6957957996322,2
187.0,29,18.255812472064623,9.0,476.87707683845025,4
188.0,29,23.0270925995811,12.0,492.67940603781756,3
189.0,30,23.902898911773768,17.0,507.5136834570284,6
190.0,24,19.330631029062832,14.0,334.3038566236996,4
191.0,24,19.325527605268448,20.0,349.17685405214223,6
192.0,21,16.274903188606977,6.0,269.0430290518017,5
193.0,28,15.096128068076029,8.0,281.88031055894686,10
194.0,26,18.134714461649157,11.0,252.70248295639078,3
195.0,25,21.037711279072063,14.0,251.90222003918115,3
196.0,24,22.44243071057064,17.0,245.9430030992444,3
197.0,26,21.379276156527023,20.0,258.86364474455394,5
198.0,23,15.459971800363325,23.0,207.6710936476642,3
199.0,21,9.99359617634881,29.0,196.77627575222974,6
200.0,21,9.710597095948511,39.0,213.56923190757132,10
201.0,21,7.17988370541537,52.0,209.28153344530105,14
202.0,20,4.885870381266692,39.0,219.885877370894,8
203.0,20,9.289132178377365,38.0,236.08254959400026,5
204.0,20,13.720606104780822,43.0,250.47591603006853,5
205.0,27,11.992954757195827,48.0,263.9048489578354,12
206.0,27,16.252055842636526,53.0,281.9666200020105,5
207.0,28,19.35440489302946,59.0,297.92196854597785,7
208.0,26,18.782329360023876,65.0,295.60431413413227,6
209.0,27,17.17761662689809,73.0,312.1581040902704,9
210.0,27,14.364996275526753,83.0,331.22875505179377,10
211.0,27,12.73825637056631,96.0,351.1888118678349,13
212.0,26,8.055775941179443,113.0,331.6715383259191,18
213.0,27,7.418633407088169,131.0,353.5748132336854,19
214.0,24,4.24384176380058,116.0,354.2300122688493,16
215.0,24,6.478611490131518,114.0,375.03336273946593,12
216.0,24,8.45592074464364,120.0,394.9420615512854,11
217.0,32,8.286214968986341,131.0,413.68434934487163,19
218.0,32,12.525204152755325,142.0,437.7637733726156,11
219.0,32,14.997180889706687,136.0,460.35036660434787,9
220.0,31,14.856495599097554,145.0,452.6969493944092,9
221.0,31,11.830504616701937,156.0,439.92632567385624,12
222.0,30,10.290131074834896,171.0,442.6988155385603,15
223.0,30,8.826943427513605,187.0,436.44185963875987,17
224.0,30,10.330942927544566,208.0,460.2555749799671,21
225.0,30,10.299620554670572,229.0,469.580564572747,22
226.0,25,3.2494446372805665,250.0,464.1650838014063,21
227.0,25,3.400972275884781,228.0,487.4307628673501,17
228.0,26,4.495923635456766,215.0,509.95272805287783,14
229.0,33,5.958480011907123,223.0,531.8247092534149,20
230.0,33,11.170503438107037,200.0,557.2220402444333,9
231.0,33,15.592453170116064,206.0,579.7265045347935,8
232.0,33,17.044982269447143,214.0,601.2749930644142,8
233.0,35,16.886264274467194,222.0,622.3264325159121,10
234.0,35,18.24561691589924,233.0,644.5683781896116,11
235.0,35,18.799034972249615,244.0,666.43790801802,11
236.0,33,17.128745744357577,257.0,617.3206539588577,13
237.0,32,14.104614865571675,272.0,580.1056694786441,16
238.0,31,10.463552270093153,289.0,551.8016588641036,18
239.0,29,7.96940531086786,307.0,531.6897491781461,18
240.0,26,4.607125753228069,326.0,510.5072804010632,19
241.0,30,2.927488985490398,347.0,528.3660667742079,26
242.0,30,3.3343882987129816,369.0,556.544557463527,22
243.0,31,4.353974055431826,347.0,584.0475885499383,17
244.0,31,7.41111575206511,341.0,610.6406262732586,14
245.0,32,11.30837948243764,149.0,634.6234257451055,10
246.0,32,14.761236822696048,37.0,657.3248280946179,5
247.0,32,18.48888250377334,15.0,677.6044252059248,4
248.0,35,19.0258710248764,20.0,696.3665978928447,8
249.0,34,17.188804025037705,26.0,700.3534321565888,7
250.0,32,14.985042216140528,32.0,705.1740970335037,6
251.0,29,13.592814447957984,14.0,557.1453580695303,5
252.0,28,15.521982753248729,19.0,510.6963255622538,6
253.0,34,12.327144340580974,26.0,455.66321740210435,15
254.0,32,14.600135839127649,33.0,405.3417390200617,7
255.0,31,17.51687146272797,42.0,405.2693649916945,9
256.0,30,20.158137356825506,52.0,401.8662889506983,10
257.0,27,17.09438813719512,62.0,364.59863692266265,11
258.0,26,12.50379856237102,72.0,345.54286863297756,11
259.0,25,10.933484523591366,84.0,339.06443514855084,12
260.0,24,10.08429825158099,97.0,338.38649298094936,13
261.0,24,7.2683341247102335,112.0,355.1196463768664,16
262.0,21,4.409279372036714,45.0,363.859259798733,9
263.0,21,9.545954072679768,6.0,380.985873457486,2
264.0,22,13.620997170944873,0.0,396.1783612545337,1
265.0,28,14.954673290428762,1.0,410.0626627180393,7
266.0,28,21.497327736261255,2.0,426.2605133639034,1
267.0,29,25.899658501411935,3.0,439.4563986723394,2
268.0,28,29.56990280933288,4.0,412.0239710930977,1
269.0,26,27.84323954799338,5.0,357.2741005889238,2
270.0,26,22.849748092930998,7.0,339.78797854989614,3
271.0,25,20.49223175394049,11.0,318.33252751107057,4
272.0,23,17.422816769661917,17.0,282.30318379455105,6
273.0,24,16.104660362061892,25.0,297.37029217864085,9
274.0,22,11.569984884090855,10.0,278.577291896794,5
275.0,21,12.213348599284695,14.0,292.48459480826205,4
276.0,20,14.230273724283093,18.0,295.08749781797434,4
277.0,27,12.896246349385928,22.0,308.123169726129,11
278.0,27,17.170789805930607,26.0,325.833089103421,4
279.0,28,20.58304750351563,30.0,341.1985561987684,5
280.0,27,24.589602654100837,34.0,316.7119746559084,4
281.0,27,26.259199433065707,38.0,292.4283596087959,5
282.0,26,24.625870415711525,42.0,273.29546501989057,4
283.0,25,23.458753154708113,49.0,255.98329410913192,7
284.0,25,23.13929577179247,58.0,242.590570096189,10
285.0,25,22.82745559816587,68.0,233.62189857475448,11
286.0,23,21.942104872895815,78.0,214.60951508870198,10
287.0,21,20.370504897091152,88.0,193.89675203960263,10
288.0,19,18.51901701405234,98.0,182.4716297424884,10
289.0,26,13.123362383526187,108.0,185.98287528260028,18
290.0,25,14.26785151982469,118.0,193.52094453395623,10
291.0,25,16.39599092342548,128.0,210.04853013199747,10
292.0,24,17.537317806884325,138.0,221.60238998205287,10
293.0,24,14.695514562768505,148.0,232.17334295035238,11
294.0,24,12.308250376416371,159.0,245.8444877754669,12
295.0,23,10.71797995334834,170.0,259.3953319594338,11
296.0,22,9.866532616373219,185.0,273.23092944952236,15
297.0,23,9.865219236687368,200.0,290.61479839128106,16
298.0,23,9.927465874121568,216.0,309.0226525160085,16
299.0,23,10.494912181779224,193.0,327.15472297639866,12
300.0,23,8.6984672926726,206.0,341.98646224545394,14
301.0,30,7.348974859821181,219.0,360.4828177512566,20
302.0,30,9.681348356720969,234.0,384.5198179278328,15
303.0,30,12.479737060437184,247.0,406.8398432367189,14
304.0,29,14.4016528400285,154.0,417.4297263368539,10
305.0,28,9.913327031100676,145.0,401.3404340821292,11
306.0,27,9.658401400634975,156.0,400.42311593277253,11
307.0,27,12.941595504934106,167.0,420.27110165403127,11
308.0,27,15.895539171402515,180.0,438.54923446221363,13
309.0,27,15.59908974918007,194.0,452.36932759927674,15
310.0,23,10.920272364410664,182.0,331.9280677104504,11
311.0,23,13.346387761244081,192.0,348.8094620933807,10
312.0,19,9.832231328251458,190.0,318.1175313477958,8
313.0,26,9.074673731963939,198.0,332.43387463415,15
314.0,26,12.673436698352413,206.0,351.8823908810547,8
315.0,27,16.90036008642599,62.0,368.71367492778137,5
316.0,25,19.987908387841788,0.0,351.4471084721917,0
317.0,26,23.532314988250373,1.0,364.1134371483072,2
318.0,26,24.339449258057407,2.0,377.2448561884916,1
319.0,26,24.326796269513395,3.0,390.28682843650955,1
320.0,26,23.049979527836726,5.0,364.71323464932595,3
321.0,25,19.84423622674119,11.0,289.16442421320073,7
322.0,22,15.551307626251162,18.0,225.698563623079,7
323.0,19,11.728906329030048,13.0,178.52860493358384,6
324.0,18,13.279031545257979,10.0,163.35771821657045,4
325.0,24,8.71305582604567,14.0,160.5087998444306,12
326.0,24,13.68288566207776,19.0,178.1345662282753,5
327.0,24,18.4674259878886,24.0,193.57372002525503,5
328.0,24,21.767858423875364,29.0,207.4929381827958,5
329.0,25,21.127465962748758,34.0,221.3182256481966,6
330.0,23,16.261051768795866,20.0,182.37814932865035,4
331.0,20,12.606639443299533,25.0,161.36133329871825,5
332.0,20,13.781107973489634,32.0,176.08721316918374,7
333.0,20,12.193417826352828,40.0,187.2424209426582,9
334.0,19,12.761827706881794,33.0,198.55255195216304,7
335.0,18,13.387185668602532,36.0,206.8518058459552,5
336.0,17,12.52879695676932,41.0,184.45198293387608,6
337.0,23,10.151366728549016,47.0,189.29640288374407,13
338.0,23,15.562810130016862,44.0,205.38238571625052,4
339.0,23,21.26912742909671,48.0,218.86617699753165,4
340.0,23,25.67751630867705,52.0,230.3256389199305,4
341.0,25,24.800709068737163,56.0,241.18946184918846,6
342.0,25,24.36830650693954,61.0,254.40161459752915,5
343.0,24,23.658968304912896,68.0,244.55194530443248,7
344.0,21,22.42001895321064,77.0,211.44833707143934,9
345.0,21,21.153398362382568,86.0,206.92674641400134,10
346.0,21,20.401722899507806,96.0,206.972923427433,11
347.0,20,20.542222057010225,106.0,209.33065256140716,10
348.0,19,20.416879909071337,116.0,212.66496629794057,10
349.0,25,14.084079306640184,126.0,219.37275955262305,17
350.0,24,15.32753781700011,136.0,226.9268510131322,10
351.0,24,15.719961652801762,146.0,228.79316132019167,11
352.0,23,16.107934303866205,156.0,239.83853041224594,10
353.0,23,14.331654634420362,166.0,250.64053705910771,11
354.0,23,12.83909162706849,176.0,267.6233690302906,10
355.0,23,11.82341875220164,189.0,285.09491623218975,13
356.0,24,11.775167600853164,205.0,302.3706769770737,17
357.0,24,10.840437519437774,221.0,316.4433657051936,17
358.0,23,10.839677197311012,237.0,331.3356858635457,16
359.0,23,11.720285633574129,253.0,349.00989233808144,16
360.0,23,12.61133238314731,269.0,366.29277996048074,16
361.0,30,8.779637848958595,285.0,380.01501148361695,24
362.0,29,9.770943322142834,301.0,400.23948522987456,16
363.0,29,11.454749605903286,317.0,422.70182461921115,16
364.0,29,12.634482884170046,333.0,444.48148567392053,16
365.0,29,10.228815138694614,350.0,463.23777797131015,18
366.0,29,8.314629133628626,369.0,483.1952487871524,20
367.0,29,9.067188324383993,390.0,507.04927725199025,21
368.0,29,9.427974650228592,412.0,530.7089022509168,22
369.0,29,7.689322237492438,434.0,550.6131803952301,23
370.0,29,7.017939965108923,456.0,575.6557248336172,22
371.0,28,5.878074438279642,387.0,596.751312673187,18
372.0,28,5.639124194371716,394.0,617.1844025661638,19
373.0,33,6.073593610445825,412.0,640.9757850678259,23
374.0,33,7.471756095918464,430.0,668.7428563373834,18
375.0,33,9.18571899296765,448.0,695.3331529600641,18
376.0,33,13.180779444922175,164.0,719.1419737274791,10
377.0,33,13.796123159560048,37.0,695.9396256498687,6
378.0,31,15.592482159918166,16.0,648.6774853564801,4
379.0,32,17.998421062588893,20.0,654.7057718820483,6
380.0,31,21.311975812721943,26.0,659.3662545508017,6
381.0,32,25.041635180038735,33.0,674.3477642362981,8
382.0,25,21.651961349397673,10.0,409.0161794644266,4
383.0,23,24.33634606470035,13.0,329.17729819713463,3
384.0,16,20.916163151973517,13.0,166.73581758290865,3
385.0,22,16.60096837896906,16.0,157.37677311599884,10
386.0,20,18.469674494783074,19.0,132.05299993696215,3
387.0,21,20.904081314070535,22.0,143.41756680223355,4
388.0,19,23.781186436100192,6.0,146.76481380154095,2
389.0,20,23.407620453930914,0.0,156.6205747856533,1
390.0,20,22.24579425683316,0.0,167.87286716039483,0
391.0,18,18.479362426833042,0.0,145.66302812293486,0
392.0,19,18.779253256764886,3.0,156.2502702238942,4
393.0,18,16.000806973038074,9.0,137.00094019366043,7
394.0,16,11.737551136330842,16.0,141.95570030142596,7
395.0,16,10.260996953182838,24.0,154.40686384447037,8
396.0,16,8.492873716757133,32.0,167.4983960638442,8
397.0,24,3.9965561594720733,30.0,181.4743001046853,15
398.0,24,5.987320962513602,23.0,202.49513682370346,4
399.0,24,10.744229525204846,21.0,221.1482270448582,3
400.0,24,16.061704232161603,24.0,237.1458138501422,3
401.0,25,18.851148816133623,27.0,251.33603512633297,4
402.0,26,19.452607317024768,31.0,265.8579371072602,5
403.0,25,19.80557286518186,37.0,267.71950010468976,6
404.0,24,18.8002958978958,44.0,268.6275822656904,7
405.0,25,16.65237616026544,53.0,283.92828379469023,10
406.0,23,13.122251942752117,45.0,295.42539166765744,7
407.0,22,10.804263997644439,47.0,293.16348907556466,6
408.0,23,12.044788289017792,54.0,309.40710420001955,8
409.0,30,11.284209055785244,62.0,325.41017192174326,15
410.0,29,14.419523882399467,70.0,323.6491229900098,8
411.0,28,17.41007493797963,78.0,323.13059595447237,8
412.0,27,19.070223080460327,70.0,313.5075503791487,6
413.0,28,15.545546435915428,76.0,299.1284003971507,8
414.0,27,12.63133442204807,83.0,299.20545157657506,7
415.0,26,12.145116960917196,93.0,295.57652005382636,10
416.0,25,11.613016797507179,105.0,301.16468946009036,12
417.0,25,10.868069832087224,118.0,301.9358112035339,14
418.0,23,5.717598223761814,130.0,288.06365359594497,15
419.0,23,6.616218190608169,145.0,308.107825071727,15
420.0,22,6.331386409660204,124.0,322.6420836332236,12
421.0,29,6.836866073695764,116.0,340.80364395166197,16
422.0,29,10.673904730311335,118.0,363.7421351257013,7
423.0,30,14.724685861832729,125.0,384.1326669924078,8
424.0,28,17.47326899314255,132.0,382.9749721101987,7
425.0,29,17.958811132993713,139.0,400.74373262853464,8
426.0,29,16.343097032225952,147.0,420.4709076911972,8
427.0,29,13.932185010380923,159.0,441.62986010381593,12
428.0,30,12.83549932353948,172.0,463.11642067498167,14
429.0,30,11.277875290868213,189.0,454.4174256798738,18
430.0,27,8.704454077238864,187.0,444.1588976780067,14
431.0,26,9.58517490016979,196.0,447.0221967631978,12
432.0,26,12.168020841116652,208.0,466.392133915675,12
433.0,33,9.957848810980286,221.0,464.0564510898745,21
434.0,31,10.693411949727528,234.0,473.8362638399714,13
435.0,31,11.935606547539487,248.0,497.31777570613656,14
436.0,31,13.066817369421576,236.0,520.0685957043568,13
437.0,30,12.244907848440267,235.0,485.45929854706,13
438.0,30,11.900032240657815,243.0,485.7171977302717,12
439.0,29,11.883717515766344,256.0,484.98487424047926,13
440.0,29,13.611689716313206,270.0,506.5011078827521,14
441.0,30,13.791352541738284,108.0,527.6682814031104,12
442.0,29,12.215077123441462,33.0,546.6760117320915,8
443.0,28,9.396474265602933,26.0,565.2181850352338,6
444.0,29,9.137257945734625,24.0,588.1286255922955,8
445.0,36,9.25141717981895,34.0,610.7056805856216,17
446.0,36,13.400810635220163,35.0,637.3452919638956,9
447.0,34,16.122862095661606,42.0,559.7111709350871,9
448.0,32,18.423229142968896,51.0,476.83688030672624,9
449.0,30,16.38940199221155,61.0,379.3091855389321,12
450.0,28,17.27413198143091,71.0,376.62164376735177,10
451.0,27,18.02881206504933,82.0,381.1544239496658,11
452.0,24,15.65110437843837,95.0,326.5343383654121,13
453.0,25,13.998908093610023,108.0,343.80054095559035,14
454.0,20,4.7105909599224045,47.0,299.76326400900416,7
455.0,20,8.167886711632278,16.0,316.5316396884315,4
456.0,20,12.96634260960744,3.0,331.4231459280975,2
457.0,27,14.048569640550634,1.0,343.95098930067246,8
458.0,27,20.441820510512535,2.0,360.0469057895238,1
459.0,28,23.80793072682395,3.0,373.76510638351743,2
460.0,25,25.72626269075873,4.0,330.8051395466907,1
461.0,25,26.652301737145084,6.0,300.4790169183839,3
462.0,25,27.633201471471178,8.0,311.51833710523437,2
463.0,23,24.404211691446903,12.0,269.1391872123523,4
464.0,24,20.55663366957821,19.0,282.3494210005466,8
465.0,22,12.76773971267817,28.0,245.34845666783008,10
466.0,20,9.248654858019522,15.0,248.78905157792835,6
467.0,19,8.771883920427813,17.0,246.80894653273288,4
468.0,19,12.619622276851988,22.0,260.9782515881322,5
469.0,27,11.16347771954718,27.0,273.96218440825055,13
470.0,27,15.341710147872153,30.0,292.8170666410631,5
471.0,27,20.87264586210252,33.0,308.74994138154295,4
472.0,25,24.24320655529346,37.0,260.8805881079053,4
473.0,26,26.445135625404788,41.0,272.4428409046854,5
474.0,25,22.643021456816296,45.0,235.30713702440386,5
475.0,25,23.6881300280341,49.0,249.05263083812014,4
476.0,23,23.295460473687182,57.0,219.2212873193936,8
477.0,24,24.16522958533937,67.0,231.09787353722905,11
478.0,22,22.15463465544611,77.0,214.80922160972204,10
479.0,22,23.406687406620204,87.0,226.47445179581666,10
480.0,21,21.220467754640357,97.0,198.17966498341855,11
481.0,27,14.991349954748806,107.0,198.62079779183705,17
482.0,25,15.3001875685454,117.0,203.7049294065438,10
483.0,23,15.487201397387471,127.0,204.33243620061856,10
484.0,22,15.683627432301195,137.0,215.09456673023337,10
485.0,23,11.500476105471755,147.0,224.5101453864715,12
486.0,23,11.184020612101598,159.0,242.10227780381308,12
487.0,23,11.877269955479699,172.0,259.32129862072435,13
488.0,22,9.6413831336572,187.0,273.24199859323863,15
489.0,23,9.203262427786205,203.0,290.6928870466048,17
490.0,24,9.928351247649069,185.0,308.5801600138718,13
491.0,23,9.782468818816323,197.0,323.54193282325775,12
492.0,23,10.953132032101252,210.0,341.3018709348526,13
493.0,30,9.463636170466007,224.0,358.4618543085634,21
494.0,30,11.895447234924688,238.0,381.23500389381735,14
495.0,31,13.588429295941566,252.0,402.70921012801443,15
496.0,26,9.627422962110826,266.0,360.346290336827,14
497.0,27,6.65623727818467,281.0,382.81871083596735,16
498.0,27,6.324681100025202,297.0,406.4834281493241,16
499.0,27,7.160295519383101,195.0,429.63634208660955,14
500.0,28,8.955858141375792,180.0,451.6366664552757,14
501.0,29,10.372179665142088,193.0,473.5976426373714,14
502.0,27,10.633414635892887,176.0,489.07888409114395,11
503.0,27,14.179405523617953,180.0,508.27805327899847,9
504.0,27,17.487224204501725,190.0,525.6571820256655,10
505.0,32,12.326350980087438,200.0,436.5978901964497,18
506.0,31,14.868205133463212,210.0,416.67203151586347,10
507.0,29,17.549700924156742,58.0,407.5561626850065,4
508.0,26,19.427150318345184,0.0,375.08358673178446,0
509.0,26,22.455597491236176,0.0,375.08181422259304,1
510.0,26,22.48634610257033,0.0,377.1243602432412,1
511.0,26,24.12842614342107,1.0,390.83590407653475,1
512.0,26,23.40083661204432,4.0,404.83042521658757,3
513.0,23,16.62432571814969,8.0,241.4370095345686,5
514.0,21,11.993302850391148,15.0,249.9275514094991,7
515.0,18,3.4887580616318723,17.0,175.76488673114187,9
516.0,18,5.831854015478742,13.0,191.80587720706356,5
517.0,25,6.546104825240859,19.0,206.71968847390093,13
518.0,25,12.210475313507818,11.0,225.94675512832944,3
519.0,25,18.249660978047878,11.0,242.32464041231827,2
520.0,25,24.200107303024332,13.0,255.90023331648277,2
521.0,27,25.95475320183588,15.0,267.732652414822,4
522.0,23,22.337513435327022,17.0,211.83727126812133,2
523.0,23,22.449424260571462,19.0,225.12804156962406,2
524.0,19,14.316037256973544,23.0,167.2750533255157,4
525.0,20,12.224576089521738,30.0,181.62243423508218,8
526.0,18,6.11891033339708,32.0,172.3392214946209,6
527.0,18,9.028046934812537,35.0,187.17909541188433,5
528.0,18,12.76912276104772,38.0,200.7712639169454,4
529.0,25,12.643027112800924,42.0,212.68103596546797,11
530.0,25,18.26767937161611,47.0,228.8732986497249,5
531.0,26,20.580543630192263,52.0,243.56046955530502,6
532.0,24,18.339370709252734,57.0,238.48598741754085,5
533.0,25,15.662411562328584,63.0,254.77568866596226,7
534.0,25,15.67176122166165,72.0,272.0486920649286,9
535.0,23,12.955978248730656,82.0,258.351079313756,10
536.0,24,12.29115081444776,94.0,275.45821495058027,13
537.0,24,10.288612535248555,107.0,290.72807465011647,14
538.0,20,2.3562172884772443,122.0,288.5076191933621,15
539.0,20,5.331699176024869,109.0,306.3002563579408,12
540.0,20,8.389844787298752,108.0,322.8783140037679,9
541.0,28,7.538181641125926,117.0,338.5855814195636,17
542.0,28,11.432225969777985,112.0,360.24653231341495,8
543.0,28,15.613670906357726,112.0,379.73472052723776,6
544.0,28,20.192714457167558,118.0,396.74893134111016,6
545.0,27,20.111476548951533,124.0,353.59785778528584,7
546.0,28,20.23508711216945,130.0,369.61480605834987,7
547.0,26,19.784583243574144,137.0,336.3443042246423,7
548.0,26,21.899977232993656,148.0,351.0947051615667,11
549.0,27,21.891234911945723,160.0,365.47824647893304,13
550.0,27,23.006125845006686,172.0,380.3060957593206,12
551.0,26,20.48722315938144,184.0,357.84228455121894,13
552.0,24,19.468732654683144,196.0,339.503311826571,12
553.0,30,14.876710237584247,208.0,348.1643392126555,19
554.0,28,14.731166453194426,220.0,342.610019526842,12
555.0,27,16.509035674206157,232.0,341.647000221949,12
556.0,26,15.387305310012328,244.0,352.16775096002766,12
557.0,27,13.543620259737331,258.0,366.5591797935052,16
558.0,26,12.186433941402262,272.0,378.96570920167517,14
559.0,26,11.800930988402722,288.0,398.95852918215814,16
560.0,25,11.14434304881204,306.0,412.1266175690804,18
561.0,25,9.895078452811099,324.0,427.88960778065535,19
562.0,25,8.681944937370014,342.0,443.14441335674763,19
563.0,25,9.842222273178004,360.0,463.3672521554538,18
564.0,24,9.39516398742669,378.0,479.7306667692195,18
565.0,29,6.810096406245098,396.0,499.8942031648404,23
566.0,28,5.128757724708486,414.0,521.2038015499437,18
567.0,29,5.48461001776722,320.0,545.9326715623298,12
568.0,29,8.657081207264701,135.0,569.7600029595799,9
569.0,30,12.107627731270318,34.0,591.3316845041068,7
570.0,30,16.363797603247583,13.0,611.3289864108489,5
571.0,32,19.651531253551035,18.0,628.5404018895936,7
572.0,33,23.758189100708083,24.0,644.5435258275108,7
573.0,27,21.486113397038544,30.0,522.3617524386759,7
574.0,23,20.865980726750696,37.0,341.67028551203464,7
575.0,18,20.502579346946,10.0,272.0243286848614,2
576.0,14,18.22810453631213,13.0,137.6701823938393,3
577.0,22,13.917502659909665,16.0,145.40836073329115,11
578.0,20,14.381957504439171,19.0,121.012317744436,3
579.0,20,19.413542825933042,22.0,133.20967419827286,3
580.0,20,24.237169310727936,25.0,143.47660554196034,3
581.0,19,22.629611888642827,29.0,145.53759812952097,5
582.0,19,19.48075972236407,33.0,141.6899526839612,5
583.0,19,17.458797817530993,38.0,154.15293023240727,5
584.0,18,13.52443843598059,45.0,152.84768301981998,7
585.0,17,5.435346381820672,54.0,161.5366696541036,10
586.0,17,6.351093202125113,30.0,176.3642386026042,8
587.0,18,8.588841563150861,14.0,190.34251384689605,5
588.0,18,13.447695171131182,9.0,203.6495871646405,2
589.0,24,13.658314346729307,11.0,215.31924753348437,8
590.0,24,19.03352674568105,14.0,230.42799334470223,3
591.0,24,21.370676135206484,17.0,230.38314407315437,4
592.0,23,24.112868908465558,3.0,217.35385926369014,1
593.0,23,23.185933494510312,4.0,218.35637791644044,2
594.0,21,18.13957364133485,5.0,191.5075103872585,2
595.0,21,18.207457712463082,9.0,204.8418834215629,4
596.0,20,17.040902747670543,14.0,210.8523052392429,5
597.0,20,13.645239241860056,21.0,221.16088756162435,8
598.0,16,3.367964681968799,17.0,193.84805978312679,8
599.0,16,5.130715653389717,25.0,208.14319030301567,8
600.0,16,7.243042193089512,24.0,221.72768676931506,8
601.0,23,6.840439953380171,23.0,234.4528942602215,13
602.0,23,10.890956770170218,21.0,252.28578325562253,5
603.0,24,15.570749454944524,18.0,267.6100347124909,4
604.0,24,20.714752786383993,18.0,281.424734412627,2
605.0,25,23.362357356399762,20.0,293.43136406447576,3
606.0,25,23.42232975085639,22.0,306.358489534286,2
607.0,25,24.307408933163153,24.0,318.9030056406316,2
608.0,26,25.630517017062022,29.0,330.2409987063963,6
609.0,25,24.516474796293775,37.0,273.9969971981569,9
610.0,24,25.749413856018,45.0,273.21331369523915,8
611.0,23,25.964540588552378,53.0,252.81675495484143,8
612.0,22,26.400742939791595,61.0,237.3656031250574,8
613.0,28,18.185743457883866,69.0,207.06842617121592,16
614.0,27,19.475384083575904,77.0,202.66194935437355,8
615.0,26,20.706593771276676,85.0,210.61772035635244,8
616.0,24,21.444650275418155,93.0,194.35499561024346,8
617.0,24,20.96179009534272,101.0,201.91209149324794,9
618.0,24,17.27997746055965,109.0,205.44951475309244,9
619.0,23,14.875981358236565,119.0,212.70886340592438,10
620.0,22,13.607968565757346,132.0,221.21890981467996,13
621.0,21,10.442023089038795,146.0,229.5244133912575,15
622.0,21,10.946889409303676,160.0,245.90865798686573,14
623.0,22,10.801544356072727,134.0,262.17085078053424,11
624.0,21,9.895828117331464,144.0,275.7444975433956,10
625.0,28,7.803952770978483,155.0,292.33984956352583,18
626.0,28,10.125541427666823,167.0,314.6706688535769,12
627.0,28,14.488324923407337,125.0,334.6360978104905,8
628.0,28,17.023756534092062,134.0,353.2790816629203,9
629.0,26,10.707639470259261,144.0,305.0437404455577,12
630.0,25,11.052992627489024,154.0,321.4035464151888,10
631.0,25,14.241517960555656,167.0,339.5349870506944,13
632.0,25,16.298670960661315,180.0,356.69497248878565,13
633.0,23,12.766850062879731,193.0,329.16860071164126,14
634.0,21,9.160739626774934,178.0,299.1682995969958,11
635.0,19,8.003816707454986,178.0,305.3237146873429,8
636.0,19,10.913396311345354,186.0,320.0447404199823,8
637.0,26,10.051342587617317,194.0,333.6876379050657,15
638.0,26,13.913510794957086,202.0,352.3268333897776,8
639.0,27,17.41826402651169,59.0,368.7625993515451,5
640.0,26,20.894903911634987,0.0,365.7557847916308,0
641.0,26,23.614821666042346,1.0,363.25238342157303,2
642.0,26,24.778828566479856,2.0,376.21846573983373,1
643.0,26,25.245450235343885,4.0,388.9514294186353,2
644.0,27,24.45574108183784,8.0,401.5865054706323,5
645.0,23,18.327718360133666,15.0,250.3381692933085,8
646.0,21,15.339011242695824,23.0,217.24912744542144,8
647.0,17,9.20194635609622,17.0,140.84533503532694,5
648.0,17,11.934325515253974,23.0,153.73495991732284,6
649.0,24,8.7643538211369,17.0,159.1316039328985,12
650.0,24,13.997781174692058,22.0,176.3995418480592,5
651.0,24,18.444431270660516,27.0,191.5058027691257,5
652.0,24,22.63718980028442,32.0,204.58888671952366,5
653.0,23,20.890122929098414,37.0,177.47692531313126,6
654.0,24,18.577867112803503,20.0,191.61048098823628,4
655.0,20,13.30884756079608,25.0,158.95287689114033,5
656.0,20,14.137964097271675,33.0,173.35387588761134,8
657.0,19,10.15410748896299,43.0,181.30892524283192,11
658.0,19,12.088837736909468,36.0,195.5716921573177,7
659.0,19,12.568604398037387,38.0,205.3837247673034,6
660.0,17,12.654239961375103,43.0,195.41616150551388,5
661.0,23,10.290006236959591,49.0,189.11794059889513,13
662.0,23,15.686059431515085,45.0,205.01360644825417,4
663.0,23,20.19397723544103,49.0,218.82649746216333,4
664.0,23,24.155754064672873,53.0,230.80577030997563,4
665.0,25,22.732679761101085,57.0,242.5528619969017,6
666.0,25,22.45765924041626,61.0,256.5873926028113,4
667.0,25,23.335238050846456,66.0,270.2788775519236,5
668.0,21,21.67061036547506,72.0,216.13050192095898,6
669.0,22,22.661002527598345,82.0,227.8265954625619,11
670.0,21,20.528064340215543,92.0,209.17707812473986,11
671.0,20,19.80367107297298,102.0,214.07933437812204,10
672.0,19,19.50255572080497,112.0,215.4360833254732,10
673.0,26,15.271284074986406,122.0,226.95445141912072,17
674.0,25,16.689442438276924,132.0,239.6194614644676,10
675.0,25,17.568220595064524,142.0,246.56825953957653,11
676.0,23,17.34995365046375,152.0,244.75448017198076,10
677.0,24,16.235572931138165,162.0,260.45720963128866,11
678.0,23,13.298109083202514,174.0,270.3624312192028,12
679.0,23,13.0047508541411,188.0,287.819664435442,14
680.0,23,10.797944418237295,203.0,300.7661850527025,16
681.0,23,9.942435332620061,218.0,314.7035882489049,16
682.0,23,9.829030427427368,234.0,333.2816412495256,16
683.0,23,9.431510270801654,250.0,351.93457355528017,16
684.0,23,9.573899426123878,225.0,370.4144723499751,12
685.0,29,4.58220687606011,237.0,381.9977849585217,20
686.0,29,7.207646218571712,251.0,406.4805219795617,14
687.0,29,10.12294876131062,265.0,429.1981011707136,14
688.0,29,11.43473413028665,279.0,451.19561359623447,14
689.0,30,10.939630268666262,294.0,473.3717659427427,16
690.0,29,9.379708603887664,244.0,460.7741039959574,14
691.0,27,8.275963846704862,256.0,447.50363364547815,13
692.0,27,9.71288133643148,270.0,469.25159932171215,14
693.0,28,11.050224144892564,284.0,490.00665450659767,15
694.0,26,10.175251739151486,277.0,504.2430651244447,12
695.0,27,12.74418823628512,285.0,523.2032836789294,12
696.0,25,12.858539446596463,297.0,506.4529545845255,12
697.0,28,11.049416980142004,309.0,463.53251657647,17
698.0,27,12.723422537617772,313.0,476.0015546302176,10
699.0,26,13.706620130229553,323.0,487.3487703129497,10
700.0,26,16.31030130782213,137.0,504.8551675665045,7
701.0,28,17.8139919022379,27.0,520.8988362618799,5
702.0,30,17.759035419039048,3.0,538.2500759658145,3
703.0,30,19.00051709113991,6.0,556.8648331921473,3
704.0,28,18.832008599003625,12.0,540.5545240000168,6
705.0,29,20.185732635295356,14.0,556.7494268556655,6
706.0,26,18.354878906166874,21.0,383.60569715997576,8
707.0,24,19.233082930954563,28.0,335.12873708695304,7
708.0,21,16.84123235989006,37.0,248.29142973266016,9
709.0,26,10.211454453407288,47.0,211.93720539434193,17
710.0,24,10.644599496629027,58.0,193.21564933188515,11
711.0,23,10.654377387694598,55.0,199.7290114666756,10
712.0,21,10.660468700382886,24.0,202.7286746453511,5
713.0,22,12.797145988248811,21.0,218.22531121664898,5
714.0,22,16.076536820837173,26.0,233.25186152416225,5
715.0,22,19.42755309512606,31.0,246.81479996626578,5
716.0,23,21.444876459921193,37.0,259.05519335369,7
717.0,21,18.501142475452323,43.0,250.42169856894049,7
718.0,18,18.691297409094307,27.0,240.22112371725055,6
719.0,16,21.270287300788752,6.0,192.392535492015,2
720.0,16,24.866669812250713,8.0,200.52042992525932,2
721.0,24,19.237074605656296,10.0,207.38692842676133,10
722.0,24,23.860682754465167,12.0,220.04364962624854,2
723.0,24,28.663708605406338,14.0,230.40364713334506,2
724.0,24,32.450354581965705,16.0,238.97024023154327,2
725.0,24,31.81246967741527,18.0,226.3177102038394,3
726.0,24,28.495365745735743,20.0,220.80992949561303,3
727.0,22,26.458745602839073,23.0,196.3481258168964,3
728.0,20,25.27759679428787,29.0,161.61304738498688,6
729.0,20,23.12369232265638,37.0,167.3913782955054,9
730.0,17,18.674335841110672,45.0,129.84073465495266,8
731.0,18,18.23633820966544,46.0,140.30681679682257,7
732.0,17,15.483409281780089,53.0,142.5211144320341,7
733.0,23,9.670018019830687,61.0,140.46472851224453,15
734.0,22,10.960183298362661,69.0,151.7513622415612,8
735.0,22,15.09907149952451,77.0,167.05676236896358,8
736.0,21,15.803082123564879,85.0,177.19987987065565,8
737.0,22,11.949763994888988,93.0,182.00524642210388,10
738.0,21,8.852373684631042,101.0,187.78073135639988,8
739.0,21,8.342193588307584,112.0,205.45417036086073,11
740.0,21,10.15311287724717,98.0,222.4581797028218,11
741.0,22,11.061005134087406,109.0,238.89917708303713,12
742.0,21,8.76812906634268,92.0,248.63667204863285,9
743.0,21,12.233974100548751,96.0,264.70941666803225,7
744.0,21,16.641063274856386,103.0,278.93981457967254,7
745.0,28,14.892853159704174,110.0,291.7925435979323,14
746.0,24,12.731210404077173,117.0,256.0500727082052,7
747.0,25,14.634900089218094,124.0,272.57028049981153,8
748.0,23,15.505806162229797,125.0,254.38835257158755,7
749.0,24,16.629074750864856,130.0,269.27223285132567,7
750.0,24,15.877872374354196,136.0,285.66799505769046,6
751.0,23,16.69531179537172,144.0,290.82333811370427,8
752.0,24,17.568822501197875,152.0,305.61090483825234,10
753.0,25,16.949693056209135,162.0,321.34920365039227,11
754.0,25,17.07763987006833,173.0,338.0166543119841,11
755.0,24,15.909709917048072,184.0,336.0029904151523,11
756.0,23,13.808571972440792,195.0,339.5135953100206,11
757.0,31,8.859523702724932,208.0,356.9668095233455,21
758.0,28,5.823463610289324,222.0,359.380632730293,14
759.0,27,6.3625186055321175,222.0,379.098729686186,13
760.0,27,9.103745541192575,221.0,401.2918400795017,11
761.0,28,10.518836510541684,226.0,422.5181169933996,11
762.0,29,10.509220342562596,234.0,444.50712236620444,11
763.0,29,12.442981322447677,245.0,466.38120705319074,11
764.0,29,15.551721513557878,257.0,486.44240335723225,12
765.0,28,15.186208700095598,98.0,476.1626822819434,11
766.0,25,13.391970354684322,23.0,466.12268156192397,7
767.0,25,15.108230062197059,9.0,458.7426736063048,4
768.0,25,20.532315106646937,12.0,473.7246958045446,3
769.0,30,17.715855321832358,15.0,451.97936552912876,10
770.0,30,22.651733779966065,19.0,468.7365429705122,4
771.0,25,22.6652821067769,23.0,267.14036296211833,4
772.0,26,22.540515215835864,11.0,280.6476577650982,4
773.0,23,16.48454594625731,14.0,182.05915594333328,4
774.0,22,13.807340923378707,20.0,185.49654517317128,6
775.0,21,12.591665141235744,28.0,188.76859998306676,8
776.0,21,13.520596382429112,38.0,204.1297506353986,10
777.0,21,12.048362125016164,47.0,215.14318636760453,11
778.0,17,4.538906156090686,26.0,188.9533767010881,7
779.0,17,8.914172250599732,17.0,202.9438751933389,5
780.0,17,15.531622490705645,0.0,214.711452685076,0
781.0,24,15.509395442491028,0.0,224.3616684926087,7
782.0,24,21.98849982014893,0.0,237.94703946152916,0
783.0,23,24.833369959427237,0.0,231.15103615977281,1
784.0,21,27.297720882508777,0.0,195.71594883622848,0
785.0,22,25.942983698062555,0.0,205.56810559928823,1
786.0,19,17.138648775878448,1.0,161.82899487083492,1
787.0,18,9.708560759548995,4.0,154.19764102998312,3
788.0,19,9.282711520215246,11.0,168.72245211454023,8
789.0,20,8.045675793937315,21.0,184.60194423184615,11
790.0,18,5.677643634078397,19.0,193.76350338848818,8
791.0,18,10.264465262097975,18.0,207.97260722880657,5
792.0,18,14.948338388438584,17.0,220.44897312108998,4
793.0,26,12.97443065226064,15.0,231.5558199584534,11
794.0,24,14.592260125182314,18.0,233.66124145233707,3
795.0,24,18.016137469403574,22.0,248.85346944332954,4
796.0,24,21.74002052898399,19.0,262.199523803192,2
797.0,25,23.011444690162552,22.0,274.4555680093146,4
798.0,26,21.759077830155295,26.0,287.8215265192887,5
799.0,26,21.479917424501167,31.0,302.2658915532848,5
800.0,24,20.31090928154082,37.0,270.6316799885487,6
801.0,23,17.10477772691411,47.0,239.43953162917566,11
802.0,19,8.228720646770293,57.0,202.14235389863603,10
803.0,19,2.8045655075331286,69.0,207.53388201904312,13
804.0,19,2.1084734582689566,81.0,225.71961329838712,12
805.0,26,1.844879502889601,94.0,243.74078620784968,20
806.0,26,4.628478706244418,88.0,267.3125262173523,11
807.0,26,7.1962731011810295,86.0,289.58217251280274,10
808.0,27,11.203689713642293,66.0,309.54910687552075,7
809.0,28,13.144598589370355,67.0,329.1848133411111,6
810.0,28,16.165378281344815,72.0,348.05998531411393,5
811.0,28,18.96491773726351,80.0,365.32899167225486,8
812.0,28,18.543035820146237,90.0,382.7880977711415,10
813.0,29,16.960113374154517,101.0,400.7115380454658,12
814.0,27,11.158330374784718,108.0,399.9279630830354,12
815.0,26,8.774115280045846,120.0,405.42543767381284,12
816.0,24,7.555919266911507,114.0,391.33188505135956,11
817.0,31,7.837998859284717,120.0,410.4622066734085,16
818.0,30,10.48091141900519,130.0,422.47487517799567,10
819.0,31,13.4773689286727,140.0,444.2373394318464,11
820.0,30,15.637497367942455,152.0,454.96383917171755,12
821.0,30,14.471303480370791,164.0,465.11999412929134,13
822.0,28,10.362922569067713,177.0,417.84507194019295,13
823.0,28,8.891414261279028,190.0,440.8429519227336,13
824.0,28,6.899578270131766,208.0,432.1905528876772,19
825.0,28,5.984887896378521,226.0,428.23097373239483,19
826.0,26,4.00394426055248,213.0,445.4861544098672,16
827.0,26,6.718103352723487,205.0,468.0747935051171,13
828.0,26,10.291930280795897,202.0,488.836041533189,11
829.0,34,9.744230359422694,213.0,508.34307222197333,19
830.0,32,10.519058001399726,225.0,518.5652909117944,12
831.0,32,13.094494598696668,85.0,542.0216618316264,8
832.0,32,14.379333633864558,26.0,564.7071200878239,4
833.0,33,14.758203451963045,30.0,586.8839034852394,5
834.0,34,15.96117524270152,37.0,608.9435848908813,8
835.0,34,18.237855701312405,46.0,630.3674836735962,9
836.0,32,19.36249116570404,57.0,583.3211511217368,11
837.0,32,18.256778741745737,70.0,551.8863578221835,14
838.0,25,10.3710966196745,83.0,382.80673550330135,13
839.0,24,6.764048333991289,53.0,345.1249323344351,13
840.0,22,4.0282905020036175,36.0,331.08927847815283,8
841.0,28,5.247604272654076,37.0,350.0883262060337,16
842.0,28,10.458228135641285,25.0,372.053173108733,6
843.0,28,15.325932038073198,29.0,391.1522196265951,5
844.0,30,19.6697474832322,16.0,406.895603368851,5
845.0,29,22.82264029838164,19.0,393.0168914289139,3
846.0,28,23.3079267280984,23.0,371.8065830135347,4
847.0,29,23.45584630440296,29.0,385.69795083458195,7
848.0,27,22.306099257104773,37.0,351.1491213281555,8
849.0,27,20.63769248815821,45.0,366.4212762514097,8
850.0,25,11.460651487767059,54.0,346.5839190636994,11
851.0,25,9.780299703288124,64.0,366.3838015806028,10
852.0,24,7.545119889144778,55.0,370.2665598397111,9
853.0,30,5.794792239277979,60.0,371.655015176969,16
854.0,30,10.18627138806307,69.0,395.35346025564826,9
855.0,30,12.779248715542824,78.0,404.7328103638129,10
856.0,30,17.217919372517635,87.0,424.3045675059892,9
857.0,31,17.540235139131795,96.0,443.33608481971703,10
858.0,29,12.896420736633857,106.0,386.8997366144554,10
859.0,29,10.571106533622181,95.0,409.7397701575996,12
860.0,28,7.831884527243979,109.0,368.3076239447626,15
861.0,29,8.923820059912886,124.0,391.17712899668527,16
862.0,27,7.274754436934386,142.0,361.4972778440287,18
863.0,27,8.232113291785447,160.0,384.3193299669746,18
864.0,25,5.755651292419392,179.0,395.07794517815114,19
865.0,31,1.8756488545126115,185.0,379.7384863573421,26
866.0,31,3.21924859562659,203.0,408.6946310065109,18
867.0,31,6.351102419599675,177.0,435.5986393602534,15
868.0,31,9.901673753864918,154.0,460.2260989639714,12
869.0,32,11.690497552638506,146.0,483.4026130411541,11
870.0,33,12.99250924400453,141.0,506.40176894279455,10
871.0,31,14.694487321882312,147.0,504.55487324382375,8
872.0,31,16.626495601822697,156.0,525.0945819052388,9
873.0,32,15.651899731298272,166.0,546.0461028011268,11
874.0,30,14.856425364336863,170.0,560.578947365674,10
875.0,31,15.842502368429066,178.0,580.7979359980595,12
876.0,31,17.273903477792523,189.0,601.125412918179,11
877.0,36,12.756037842331878,200.0,565.1027719274705,18
878.0,35,13.536609709712375,211.0,574.5750585362407,11
879.0,32,11.236942600792197,224.0,509.12109535596755,13
880.0,33,10.171516785128016,238.0,534.2318970643151,15
881.0,30,4.965610376569303,255.0,484.26886951238237,18
882.0,30,4.4444578959099035,276.0,511.47129146358105,21
883.0,30,4.687300386137963,298.0,538.5121422346209,22
884.0,30,4.90518465017831,321.0,565.3942556894896,23
885.0,31,4.793505984956582,343.0,592.3405956875306,24
886.0,30,2.2473808350532494,326.0,613.7153439620892,21
887.0,30,4.714278003798839,320.0,640.9451519778403,16
888.0,30,7.5427525752883,321.0,666.5250216515043,16
889.0,35,8.639425051020083,329.0,690.6074531103885,20
890.0,35,11.311827831906216,344.0,717.8097748472334,15
891.0,35,11.810965609711038,359.0,735.4213904612642,16
892.0,34,12.248546088304606,177.0,752.2235635051005,13
893.0,35,11.835959193213835,74.0,777.926449629067,10
894.0,35,11.155480431149478,58.0,804.9446744465621,9
895.0,37,9.823772226028712,68.0,832.483306557047,12
896.0,38,11.000524241967799,80.0,860.9799855257999,13
897.0,39,12.090701502054989,96.0,889.4335126719261,17
898.0,35,11.193200254083465,76.0,807.3533368699863,12
899.0,33,12.464763814638685,76.0,705.4995396376377,11
900.0,29,10.996478485642733,86.0,583.7156826772831,11
901.0,36,11.756194181879955,97.0,603.5540837343453,18
902.0,34,14.324904397379976,108.0,587.6719149897061,11
903.0,34,17.472222108204974,119.0,609.0525533341231,11
904.0,32,17.993653119321273,66.0,621.7045339555435,7
905.0,29,17.68169522972812,25.0,547.1157944363521,3
906.0,29,16.388816145372115,7.0,524.2169563868598,2
907.0,28,17.329756947133703,3.0,507.5073150653554,3
908.0,26,18.30320259404332,11.0,474.6212997579689,8
909.0,26,19.20181395079832,20.0,458.5094691918767,10
910.0,23,19.6847823979038,21.0,436.7307103666194,7
911.0,22,20.26451283285663,13.0,364.0893432097301,5
912.0,22,21.055507099365407,15.0,344.6961687910124,4
913.0,27,16.996485177563745,18.0,320.2273301149829,9
914.0,27,18.102720277552564,21.0,336.9535811870523,3
915.0,28,17.641477951429557,25.0,353.530972989772,5
916.0,29,17.47969290614858,30.0,370.75234928101276,6
917.0,27,16.986079830694568,36.0,366.0416146898136,6
918.0,28,15.271784628846925,41.0,383.4613028653228,8
919.0,28,13.916738530266297,49.0,402.632422515389,8
920.0,28,13.451528252866622,61.0,422.1191533301812,12
921.0,27,11.481653382106073,76.0,384.90064002561354,16
922.0,26,8.936095477321956,58.0,378.55563273813345,13
923.0,25,8.837566389155485,53.0,396.26279501745887,8
924.0,25,10.500193759545295,58.0,398.2944748824911,9
925.0,31,11.519618622371683,67.0,415.80290166789797,15
926.0,30,14.480170013262882,70.0,420.1647742574822,8
927.0,32,17.661643015023984,71.0,438.51599438509425,8
928.0,32,20.844966639918812,77.0,456.8819364554696,6
929.0,30,20.077225514939226,83.0,394.02978296138104,6
930.0,31,20.352046462016116,89.0,411.0454566921575,7
931.0,29,19.50703407075291,97.0,355.5813825392802,8
932.0,29,17.47945294501636,106.0,340.383406425182,10
933.0,29,14.740465466401472,117.0,333.7837539218294,12
934.0,29,13.876376024937619,128.0,354.3771517587749,11
935.0,28,13.288604138319087,140.0,353.490654303562,12
936.0,28,14.246590332711978,153.0,373.25976711204106,13
937.0,35,9.279832494346138,168.0,385.3724067281914,23
938.0,32,6.775332309245777,183.0,381.88648865554944,15
939.0,31,6.842955127528142,200.0,393.1259691565716,17
940.0,31,8.892055005351445,198.0,418.42701991078485,14
941.0,31,6.775097381854581,205.0,439.5080112737825,16
942.0,32,6.457451013033384,215.0,466.4339539537264,15
943.0,32,8.071453953663438,230.0,493.31158945534196,15
944.0,32,10.466417835326883,238.0,518.6910855708729,16
945.0,33,12.82715426222516,250.0,542.2930416631768,17
946.0,33,15.679574089192595,266.0,565.0132031669557,16
947.0,32,16.00152579523035,282.0,524.4493373214824,17
948.0,32,18.255139198018853,298.0,544.9332439694122,16
949.0,37,14.825669413786281,314.0,522.3250898699861,23
950.0,36,16.75004595974257,330.0,525.9257731306114,16
951.0,34,16.8242248252019,346.0,523.087570389393,16
952.0,35,17.27158599165692,362.0,545.117867714153,17
953.0,34,14.900359318708034,378.0,538.0189810576682,17
954.0,33,12.457907328582884,396.0,548.1670091534531,18
955.0,31,8.719620018822354,417.0,554.7551579357793,21
956.0,30,7.7344320118150085,317.0,570.0265398383481,18
957.0,30,8.949213442184558,125.0,586.0539141890658,12
958.0,29,9.564542770914167,49.0,600.5837003485591,9
959.0,29,13.138360853695122,46.0,621.9237723513438,7
960.0,29,17.07531945517617,54.0,640.9098661011452,8
961.0,36,17.246506159657155,62.0,657.3469250504249,15
962.0,32,19.289156312861635,18.0,525.911959871536,4
963.0,29,19.696403694921983,22.0,340.3123839245162,5
964.0,27,22.842632094302548,14.0,335.89786199285265,3
965.0,22,19.7640526279403,17.0,190.66447663947127,4
966.0,22,21.7632301113566,21.0,202.75948787656827,4
967.0,20,23.59313391526463,25.0,189.5708833047838,4
968.0,18,19.68407693336654,32.0,134.72983924271438,8
969.0,17,13.522723660702065,39.0,129.55276217286,8
970.0,14,10.840347675640835,17.0,130.76383211207877,5
971.0,14,16.429308600350602,10.0,140.1140340866255,3
972.0,14,22.64470247101653,0.0,147.65864235169926,0
973.0,22,17.44295310349082,0.0,153.8295549187292,8
974.0,20,20.400177406481202,0.0,133.13241237778408,0
975.0,19,23.27994216522882,0.0,132.36090027879487,0
976.0,19,24.21771639385497,0.0,141.80734351890408,0
977.0,20,20.38228028321089,0.0,152.45451420233357,1
978.0,19,13.240747248275458,1.0,142.18585600677548,2
979.0,19,12.15690902563164,4.0,156.43843084451257,3
980.0,19,12.079820709530363,10.0,170.77299545855348,6
981.0,19,10.223255933089638,20.0,181.32267378360524,11
982.0,17,7.258437240042613,17.0,189.44579249248474,8
983.0,17,6.008918154248045,15.0,199.25374911575844,6
984.0,17,9.641711135473688,18.0,212.76846564732227,5
985.0,24,9.900056487685658,19.0,224.7482428682088,11
986.0,24,16.30437056423524,14.0,240.47932684738717,2
987.0,24,22.477763478217987,16.0,253.13705151483424,2
988.0,25,25.283713534598842,18.0,263.93022219132524,3
989.0,26,24.49604915716257,20.0,275.6740750268817,3
990.0,26,23.335008797174623,22.0,288.96493093225234,2
991.0,25,20.689694279167806,27.0,281.7792706597748,5
992.0,23,16.042278682997924,35.0,252.2550498887539,8
993.0,23,12.543937954461082,44.0,244.0893240649639,10
994.0,20,4.061658199436971,57.0,218.4390373700205,14
995.0,19,1.6069184309314932,71.0,213.38202005713765,14
996.0,19,2.028323808112311,86.0,231.60253219557745,15
997.0,26,1.9648581895599861,103.0,249.55651120319502,24
998.0,26,5.406013925479435,79.0,272.65898037462296,11
999.0,27,8.070372175104819,74.0,294.1673404509051,9
1000.0,27,11.786265474387426,70.0,314.6099617343475,6
1001.0,28,14.250109783858514,71.0,333.423877407476,6
1002.0,28,16.404996952732294,76.0,351.90634322225714,5
1003.0,28,18.06320880456129,83.0,369.5482784384232,7
1004.0,28,16.725532088555248,92.0,373.0170507330221,10
1005.0,28,14.479101716590273,105.0,378.50748212513736,14
1006.0,26,12.00885005121008,97.0,390.61199856936446,9
1007.0,26,12.414639941208064,103.0,409.938033999761,8
1008.0,24,12.273225841216247,111.0,389.36438938743953,8
1009.0,32,11.235690188374797,121.0,406.01112973293965,18
1010.0,31,14.32268669939016,131.0,413.8037448540245,10
1011.0,31,16.892716179712757,142.0,434.192910551118,11
1012.0,28,14.785430824128133,153.0,404.7210829484345,11
1013.0,27,9.822483674589652,164.0,368.6010454422093,12
1014.0,27,6.957396844973882,177.0,361.20695649364853,14
1015.0,27,6.896971466619817,194.0,384.70174304064705,17
1016.0,27,8.126200247165542,214.0,407.601013645851,20
1017.0,28,8.62147796198386,235.0,430.1040929534504,22
1018.0,24,2.926472840159853,219.0,438.45902947222464,17
1019.0,25,4.339802165977906,207.0,460.1528315046558,14
1020.0,25,7.388549499074721,204.0,481.2233807881363,11
1021.0,32,7.8099027340445035,216.0,500.96006518857894,19
1022.0,32,11.878109909251652,221.0,525.133156213201,11
1023.0,32,15.161363076409822,81.0,547.2062471246207,8
1024.0,33,15.670251318026422,26.0,568.6110119796493,6
1025.0,34,16.597620409199592,29.0,590.0762500655906,5
1026.0,34,17.981514079701384,35.0,611.6212136888696,6
1027.0,33,18.878475359042962,43.0,598.9035643005061,8
1028.0,32,18.9883193498171,54.0,589.6349760158854,11
1029.0,29,12.458836537847612,66.0,408.05408893631625,14
1030.0,26,7.744593931905392,80.0,393.9610158783128,14
1031.0,23,3.675023374211794,55.0,354.4936898766048,13
1032.0,22,4.401616330327313,40.0,346.65645920838335,10
1033.0,28,6.05540337621166,42.0,365.33100506966485,16
1034.0,28,11.429893507218438,11.0,386.94503752618704,4
1035.0,30,15.488789259413206,12.0,405.62239813511184,5
1036.0,30,19.99010955945446,16.0,423.6023735471394,4
1037.0,29,23.63543971712523,20.0,409.6237566412882,4
1038.0,29,22.815270353108883,24.0,387.49208719353004,5
1039.0,29,23.228109994955222,28.0,403.2306546076501,4
1040.0,27,20.716573027209222,33.0,357.04850863118776,6
1041.0,27,17.838044860144826,42.0,359.0888579090707,10
1042.0,27,16.966872443153356,34.0,377.10819775505445,7
1043.0,25,14.96904397737915,38.0,387.78314319957184,6
1044.0,23,14.62260017644728,44.0,364.19805554842486,6
1045.0,30,11.101078724268493,51.0,363.7743116911107,15
1046.0,30,15.822507195509235,56.0,384.652645624679,6
1047.0,30,20.857989622059087,62.0,402.5894390314777,6
1048.0,28,23.047068308222347,68.0,344.81947038621075,6
1049.0,29,23.9324650409189,74.0,359.5074665746828,7
1050.0,28,21.117469961926066,81.0,311.57173067122255,8
1051.0,28,22.415282404371045,89.0,327.5094084103394,8
1052.0,26,21.99325656359418,99.0,295.1499898132052,10
1053.0,27,22.775353565531788,111.0,309.3635144806709,13
1054.0,25,21.93562605698748,123.0,293.5990239533305,12
1055.0,25,20.556970786661566,135.0,292.22948579702955,13
1056.0,23,18.230640614326475,147.0,277.9652986672132,12
1057.0,28,11.90185869473066,159.0,264.95818215466187,19
1058.0,27,12.716314567023002,171.0,278.89369834946336,12
1059.0,25,12.778813510917182,129.0,278.8077926117848,8
1060.0,25,12.89482443156563,137.0,292.3071814949558,9
1061.0,25,12.7776149975801,146.0,306.2578184839958,10
1062.0,25,12.425969737148588,155.0,324.8332115519809,9
1063.0,25,12.97825419797142,166.0,343.06619769426004,11
1064.0,25,13.946861447059405,178.0,360.72804282006797,12
1065.0,23,8.83260478635509,161.0,295.62740153549197,11
1066.0,21,6.929205434658544,172.0,305.90779592497785,11
1067.0,21,10.189207769404018,170.0,322.342243870844,9
1068.0,21,13.260153058883613,179.0,337.3957778914647,9
1069.0,28,12.0523771171212,188.0,351.1824932181297,16
1070.0,28,15.16946232649001,197.0,370.2009626117104,9
1071.0,25,13.190535848060065,206.0,331.7839441328173,10
1072.0,25,14.628177571104432,216.0,349.12774417979745,10
1073.0,26,14.644867582142876,228.0,366.22069071037834,13
1074.0,26,12.437140425839006,240.0,385.6464569787598,12
1075.0,25,9.71522190703941,252.0,396.45541040865135,12
1076.0,26,8.878033708412207,266.0,416.97546581119065,15
1077.0,25,5.732791418672164,280.0,431.2024951911462,15
1078.0,25,7.695049862530176,272.0,452.1983642355018,13
1079.0,24,10.006145353843776,281.0,458.8346592481786,11
1080.0,24,12.490491277974657,292.0,476.88055889760324,11
1081.0,30,11.406358379516268,303.0,494.0208767817286,17
1082.0,28,11.734262728280843,315.0,501.47330680205414,12
1083.0,28,13.305625793914697,328.0,521.9381974708126,13
1084.0,26,14.734287295949185,136.0,497.3166950289996,7
1085.0,27,18.454523725994363,26.0,513.1180889872767,3
1086.0,28,20.080535184846763,1.0,528.6104992341741,2
1087.0,28,19.561444169798445,2.0,518.8924911632619,3
1088.0,28,21.548981352802627,4.0,534.8836114161559,2
1089.0,29,22.292303701171225,9.0,550.0277750881486,6
1090.0,24,17.032756055874202,15.0,332.05732786474084,6
1091.0,24,14.669126636857843,23.0,344.8005413408442,9
1092.0,20,9.353755928974653,25.0,218.9258011686457,9
1093.0,27,8.216822648225351,35.0,234.55024080971356,17
1094.0,25,9.387051327756605,36.0,214.87532035801559,8
1095.0,25,13.324648524392526,42.0,233.03869183722767,7
1096.0,25,15.552717693558543,17.0,245.53015787789067,4
1097.0,25,17.591798843772366,1.0,256.7126831592226,2
1098.0,24,19.8697189496894,0.0,259.0420954577437,0
1099.0,23,22.010034398880514,0.0,259.4831580094311,0
1100.0,23,24.229273927827116,1.0,271.00713344181355,1
1101.0,23,20.605674211422656,6.0,241.35331399202002,7
1102.0,19,20.69688308520217,9.0,193.52413562162013,4
1103.0,18,24.312062904728368,13.0,184.44473234634984,4
1104.0,16,25.314247717243056,17.0,155.2448566275208,4
1105.0,23,17.351821786048465,21.0,163.48496061174683,11
1106.0,23,17.445269026294493,12.0,178.53586174506194,2
1107.0,24,17.084377496095513,14.0,193.24727264506822,3
1108.0,24,18.710758816314303,19.0,208.092074800111,5
1109.0,25,18.691658810254882,25.0,222.46885266790716,7
1110.0,25,17.02059277091342,32.0,238.69345294903997,7
1111.0,24,15.107591436229747,41.0,236.10550962068857,9
1112.0,24,14.708361405244878,52.0,238.7167200334409,12
1113.0,23,12.17155840619389,63.0,226.5867486011399,12
1114.0,22,12.545867584059247,54.0,232.67433021007093,8
1115.0,20,13.018506401073028,52.0,240.78100211986688,7
1116.0,19,14.271133013481768,54.0,247.94743752322572,6
1117.0,27,11.929608540015744,61.0,260.5219560451792,15
1118.0,25,12.532158389036772,68.0,265.0176643783782,7
1119.0,25,16.113694316448,75.0,282.2108573802353,7
1120.0,23,16.777670116439612,63.0,240.44732145176798,5
1121.0,24,17.73458354463729,64.0,255.2402365992564,6
1122.0,23,14.504873268737592,70.0,223.8047478687449,7
1123.0,23,16.690632387311545,76.0,239.44713098795967,6
1124.0,23,18.709040101919744,85.0,254.25032103320584,9
1125.0,24,18.289101114635585,94.0,268.8988513105471,10
1126.0,23,15.998391570763296,104.0,281.4257120188107,10
1127.0,22,9.800408094199495,115.0,278.8088615010078,12
1128.0,22,8.808056279730192,126.0,297.04814219992403,11
1129.0,28,5.24677947278951,140.0,307.3238263734605,21
1130.0,27,6.3074182416004465,137.0,324.6821815229549,11
1131.0,27,9.31257429502579,143.0,346.7428228854052,10
1132.0,28,11.195689448546688,149.0,367.49667380168285,10
1133.0,29,13.080081566132627,158.0,387.92278959532416,10
1134.0,29,13.883069512763583,161.0,408.91547597912745,8
1135.0,29,15.485743827659672,171.0,428.9699824073937,10
1136.0,28,16.510697645453618,183.0,416.4417732731966,12
1137.0,29,16.87543911998004,197.0,407.3861941121069,16
1138.0,27,17.218431592353664,211.0,380.8872732908291,14
1139.0,27,19.777853374144367,225.0,397.57877114292575,14
1140.0,25,18.817118706068772,239.0,378.0687389541882,14
1141.0,32,15.550823189883811,253.0,393.3678150639441,21
1142.0,31,15.880102458293646,267.0,403.9583083551719,14
1143.0,31,16.540146454925317,281.0,414.51731934356303,15
1144.0,28,13.541905708033779,295.0,398.6276593912094,14
1145.0,29,12.454844179223098,310.0,419.2228588048324,16
1146.0,27,7.63058513878532,326.0,432.284914955507,16
1147.0,27,7.118744693847406,272.0,455.4343680336781,13
1148.0,26,5.357608749606368,284.0,471.5076943969226,14
1149.0,27,8.401761786322528,125.0,492.9309135462534,13
1150.0,27,11.5080515296692,50.0,513.5778267914104,9
1151.0,27,15.156866566933465,46.0,532.1490057297694,7
1152.0,27,19.378616501760852,53.0,548.4212099858714,7
1153.0,31,14.278257451436717,15.0,465.9240617646388,12
1154.0,30,17.23276792761573,19.0,442.0033114123013,4
1155.0,26,18.410192240659118,11.0,329.26257605761157,3
1156.0,25,23.34493431135448,14.0,296.7872685091843,3
1157.0,23,23.487960483555334,18.0,215.0900704980128,5
1158.0,23,24.303522520062074,22.0,204.10231639396872,5
1159.0,17,16.43233689676397,27.0,114.75360260771421,5
1160.0,17,16.404560697122022,34.0,125.85725097146653,7
1161.0,18,12.533597719221317,42.0,138.0265778192405,9
1162.0,14,7.340636007420661,16.0,137.67439364223983,5
1163.0,15,11.999015457779185,2.0,147.9189608093492,2
1164.0,15,18.662409395584493,0.0,157.04303095369514,0
1165.0,22,17.104731657875472,0.0,164.0458132842771,7
1166.0,21,21.58814490749024,0.0,156.6894824676089,0
1167.0,21,26.433894066630398,0.0,165.58391796806748,0
1168.0,20,24.357881476970956,0.0,144.99124683659113,1
1169.0,19,20.33732149283793,0.0,134.52497574825767,1
1170.0,19,13.997369894639885,2.0,147.85685786999574,2
1171.0,19,10.103085542158228,7.0,162.8061102326729,5
1172.0,19,8.459115654969121,16.0,178.45661938487748,9
1173.0,20,5.45913105400323,24.0,191.11875484622956,11
1174.0,19,5.376175890189316,18.0,204.91483703648927,8
1175.0,19,8.196879365850105,17.0,220.58434538457894,6
1176.0,19,12.578993643145665,17.0,234.49173073106763,4
1177.0,26,12.438631855289346,16.0,246.54055637930603,10
1178.0,26,17.160984985503514,19.0,262.922059471319,3
1179.0,25,17.522816181434923,22.0,261.7016131517456,4
1180.0,25,19.47444746205925,25.0,276.1777829932398,3
1181.0,26,18.974487127894516,29.0,290.5538744545391,5
1182.0,26,18.186803488169687,34.0,306.33281692809214,5
1183.0,26,17.458657835697295,42.0,322.52807657205295,8
1184.0,26,14.091694731584926,52.0,320.85825491236346,11
1185.0,26,12.106854493982315,64.0,336.3467600704955,13
1186.0,21,5.84687858771228,53.0,315.0224677588577,11
1187.0,21,7.933356676713073,55.0,332.424351490554,9
1188.0,20,9.054660173888488,64.0,335.02115463140507,9
1189.0,28,8.285022657775423,73.0,350.30174354185726,17
1190.0,28,12.327431663150744,66.0,371.31344832453533,8
1191.0,28,16.528426772725222,63.0,389.9332261118398,7
1192.0,26,18.94263573900216,62.0,332.6674606996396,5
1193.0,27,20.544797066781065,63.0,347.45237971265334,5
1194.0,28,21.246177302172264,67.0,362.33594562970654,5
1195.0,26,20.08057532752385,72.0,316.93735498483323,5
1196.0,26,20.209503441513334,80.0,332.17343034601356,8
1197.0,27,18.302845305025958,90.0,348.0716420028623,11
1198.0,25,14.151212075705129,101.0,349.0725391186122,11
1199.0,24,8.33276020952376,105.0,345.86230198194704,11
1200.0,23,5.87750043264332,117.0,362.16129518543977,12
1201.0,30,5.152725569599697,130.0,382.1285614361724,20
1202.0,29,6.924595774438736,129.0,398.3639089408385,11
1203.0,29,9.986539299607415,134.0,421.6214817308051,10
1204.0,30,12.372461400271476,142.0,443.2005341343557,10
1205.0,29,11.625605440974372,153.0,442.65591345205536,12
1206.0,29,12.844875190060316,166.0,464.2543736103776,13
1207.0,29,14.263300127024111,179.0,485.06561465108484,13
1208.0,29,14.645890705594528,193.0,505.66284226422476,14
1209.0,28,9.591828012551552,208.0,450.0643708005649,17
1210.0,26,7.812666533105102,201.0,435.6067170184517,14
1211.0,25,7.501393098202523,196.0,428.12605695834066,12
1212.0,25,9.580077423209662,202.0,448.252205232534,12
1213.0,31,8.623648668773443,214.0,443.96147248713726,19
1214.0,31,11.967614043864064,215.0,467.58092643828746,10
1215.0,32,13.55688259769778,75.0,489.99492425186776,8
1216.0,32,15.174159612590095,19.0,512.3175392199846,3
1217.0,33,14.594381926083592,23.0,534.5753161038344,5
1218.0,33,14.228899752396218,29.0,557.9417437342082,6
1219.0,33,16.277516638896373,35.0,579.8127215331584,6
1220.0,33,17.077007743825213,46.0,586.7107063081423,12
1221.0,29,11.735578229399806,57.0,416.6333945437375,12
1222.0,27,10.896616498433307,56.0,429.7852035755658,10
1223.0,23,9.74765807754758,22.0,360.3488846576697,7
1224.0,22,13.358478557395763,6.0,371.02204057122424,3
1225.0,29,12.643571809048982,5.0,378.70882761106265,10
1226.0,29,18.45523960326654,7.0,396.96810480598407,2
1227.0,29,24.431749972407037,9.0,411.8108105214764,2
1228.0,27,27.549608124860885,11.0,351.058200337253,2
1229.0,27,29.49950007835934,13.0,339.43639123334776,3
1230.0,26,24.741825178903575,15.0,292.3855801306398,3
1231.0,23,17.812927460578933,20.0,234.8543631181912,5
1232.0,23,16.66092087552091,27.0,250.06185859384198,7
1233.0,24,16.531744432658904,36.0,265.03688636474647,10
1234.0,22,13.97373698637878,46.0,273.3716551929513,10
1235.0,23,10.470493564099439,58.0,290.23258916356684,13
1236.0,22,7.099538612500483,71.0,296.3356848995773,13
1237.0,27,2.187375213638587,86.0,302.41517407286034,22
1238.0,27,4.346304803908578,78.0,327.08520093232175,12
1239.0,27,8.153384456040193,80.0,349.7156741828313,11
1240.0,28,10.973400932854885,84.0,370.70948981042676,10
1241.0,29,12.627265365151386,93.0,391.6695057354243,10
1242.0,29,13.159457395995931,102.0,413.3118546760932,9
1243.0,29,12.64551352512514,113.0,435.1962418855138,11
1244.0,28,12.139388809487304,101.0,417.6034766819049,11
1245.0,29,10.289572557676138,114.0,406.90198987461144,15
1246.0,28,10.219789940731008,128.0,391.2342665581824,14
1247.0,27,10.296295987182333,143.0,384.46333418406317,15
1248.0,26,10.24111182314567,159.0,382.79519550835965,16
1249.0,32,7.736755867157485,177.0,376.8043549338043,25
1250.0,28,3.814078293947912,182.0,348.2767351843197,16
1251.0,29,4.7554025923244225,198.0,373.50572148569466,17
1252.0,29,7.793742110350632,167.0,398.0092427218914,13
1253.0,30,9.36098630110909,150.0,421.46899854535286,11
1254.0,30,11.050766647065938,144.0,445.0127857393698,9
1255.0,30,14.299298792119691,145.0,466.64108314578345,8
1256.0,29,15.042745440916365,156.0,457.9799688581828,12
1257.0,30,16.287869332052875,167.0,477.16286681291604,12
1258.0,28,16.674699285608543,171.0,489.70868225617227,10
1259.0,28,19.55198152652397,181.0,506.7017285734633,10
1260.0,28,21.543040900455374,182.0,522.6520760226616,9
1261.0,35,15.996510275568193,192.0,513.9920526962675,18
1262.0,32,13.336854665450446,203.0,452.52604972754364,11
1263.0,32,13.558663895621228,216.0,475.59602547390153,13
1264.0,28,8.77457615738242,230.0,423.163534722788,14
1265.0,29,8.778904708638592,246.0,445.9221577130314,17
1266.0,28,6.359327099564655,263.0,446.4875657733414,18
1267.0,28,6.659424432680398,282.0,470.59602511898356,19
1268.0,28,7.435852839993767,303.0,494.25630147150383,21
1269.0,29,7.66225126317982,324.0,517.6552324544558,22
1270.0,26,4.291394730602267,317.0,531.874387247351,18
1271.0,26,3.6706195352728166,312.0,551.1474993850223,16
1272.0,26,5.650951488682259,309.0,574.238812435946,13
1273.0,31,6.617160343538902,324.0,596.0997449645059,20
1274.0,31,10.008973893735254,330.0,620.8092058773441,13
1275.0,31,12.572986502382058,343.0,643.912326854243,13
1276.0,32,13.742214003436882,159.0,666.1148876115424,11
1277.0,33,14.686747458742165,55.0,688.564759573548,8
1278.0,33,17.009986260069414,36.0,710.5554112256339,6
1279.0,34,16.06749036063829,45.0,699.348376200001,11
1280.0,33,16.863792608589698,56.0,687.4957950400033,11
1281.0,35,16.997097692198512,68.0,708.3649659941003,14
1282.0,30,13.560566558201153,80.0,532.0840165796681,12
1283.0,27,11.778959937706906,94.0,461.94838359498857,14
1284.0,23,7.485296422670986,109.0,339.7157669613606,15
1285.0,29,6.835974061695036,127.0,358.7492523958994,24
1286.0,28,6.921896186501994,104.0,343.0897687345217,13
1287.0,28,9.662518505641959,114.0,365.604483232004,12
1288.0,26,11.615872725714867,62.0,378.70218036565984,8
1289.0,26,15.747826682770075,29.0,396.3387353573044,5
1290.0,26,17.95882036468603,16.0,412.8757778539052,3
1291.0,27,18.976330861852663,13.0,428.6404626962423,4
1292.0,26,17.568985207181274,18.0,418.0390325029244,6
1293.0,26,19.840988990260364,25.0,433.8733838586127,7
1294.0,24,18.91073603726166,10.0,403.6424436130378,4
1295.0,23,19.336061497495443,9.0,387.9221589454666,2
1296.0,22,19.10407901380407,11.0,373.65004254767626,2
1297.0,29,12.796937171387611,14.0,362.1028457359089,11
1298.0,28,14.536631140809835,18.0,360.05626677215844,4
1299.0,29,16.43294895023402,25.0,378.0252178183813,8
1300.0,24,11.694521740567922,34.0,292.14887879713154,9
1301.0,24,10.871465045649103,44.0,310.7145571235067,10
1302.0,26,8.429126278846581,56.0,330.2159992003173,14
1303.0,26,7.488244563695883,70.0,352.2543298887738,14
1304.0,26,8.356465854994706,87.0,373.85547057144356,17
1305.0,26,6.413527343115782,107.0,392.30250876288494,21
1306.0,23,2.630646496269533,100.0,404.4882719620742,16
1307.0,24,3.7244817478842527,92.0,425.7202130737802,13
1308.0,24,5.794827062797881,90.0,446.94061446425894,11
1309.0,30,6.951470094583583,102.0,466.76908535417704,18
1310.0,30,11.233534085716043,108.0,489.97003329036795,11
1311.0,30,13.777904711394093,119.0,511.52324817550436,11
1312.0,31,15.200570911346919,68.0,531.7337487513282,8
1313.0,31,16.371724136086886,75.0,552.1011669567802,7
1314.0,31,16.68698408672289,82.0,572.287831575152,7
1315.0,31,16.642333718790454,92.0,592.4517624119568,10
1316.0,30,16.20555083924288,105.0,565.7016908954655,13
1317.0,30,15.210866898257905,120.0,543.3984589804907,16
1318.0,23,7.9452067994784406,136.0,431.2221360830813,16
1319.0,22,6.063412257726929,153.0,411.7599964093015,17
1320.0,20,3.688542421786619,115.0,420.40659515843106,14
1321.0,26,4.74261269909472,79.0,437.88996576854856,16
1322.0,27,8.91575200369467,17.0,458.99421554401107,3
1323.0,27,14.510683135161312,0.0,478.04465611726465,0
1324.0,27,20.9507700788002,0.0,493.56358772515,0
1325.0,28,25.027097222579908,1.0,506.3931904549454,2
1326.0,27,27.416782332665683,2.0,479.7219469908408,1
1327.0,26,28.69966813160342,3.0,456.981495552477,1
1328.0,26,24.74497720831867,6.0,430.02272676401793,5
1329.0,24,21.483357496125663,11.0,401.8021575157721,5
1330.0,23,19.94565516358974,10.0,412.14521470926917,4
1331.0,23,17.380580396855557,14.0,422.4689091701248,5
1332.0,22,16.759755684149766,19.0,418.94183957383996,5
1333.0,29,11.630315219650692,24.0,410.70559473844673,13
1334.0,27,14.746632633551862,26.0,405.4009256925364,4
1335.0,27,19.998701450697222,30.0,421.5517799159753,4
1336.0,27,23.60308104287041,34.0,387.10322862690094,5
1337.0,26,25.476695572333806,38.0,348.79080451852917,4
1338.0,26,23.11473860072918,42.0,317.38112330490236,5
1339.0,26,21.6114341936767,46.0,295.70905243934465,5
1340.0,24,22.155368230139825,54.0,245.84393777405896,8
1341.0,24,24.140054705310952,63.0,258.23781674820157,9
1342.0,24,23.267276766598236,73.0,260.7259840228304,11
1343.0,24,21.862083078371892,83.0,240.47106903603228,11
1344.0,22,20.85649769549358,93.0,210.68292858804108,10
1345.0,27,13.818023737073746,103.0,191.02933195552106,17
1346.0,26,13.897294319380846,113.0,201.38413479780718,10
1347.0,26,16.087676057456555,67.0,218.78189287714392,6
1348.0,26,14.40287870307509,73.0,224.5430429023203,8
1349.0,25,13.179431633663661,80.0,238.99892048664418,7
1350.0,24,11.937448183791034,89.0,252.46316841439202,9
1351.0,25,12.614340619581977,100.0,270.00371910541185,12
1352.0,25,13.830061260394867,112.0,287.9762437177753,12
1353.0,24,10.052705466949766,95.0,237.8755004006979,11
1354.0,23,9.990856495669455,104.0,241.03575662818147,9
1355.0,21,10.01653949109527,101.0,249.51236433463578,8
1356.0,22,13.788266242903244,105.0,264.14941167913344,8
1357.0,28,14.673708705862342,112.0,277.5883459102176,13
1358.0,29,18.057776278256927,119.0,294.7670251659463,8
1359.0,26,16.651720778555443,126.0,256.13255457189587,8
1360.0,26,18.884494176107335,134.0,272.3377744518764,8
1361.0,26,17.82807684665611,142.0,289.0515441392703,8
1362.0,27,13.927018835243114,150.0,307.46220873175275,9
1363.0,27,11.597092215347628,161.0,328.01553993840776,11
1364.0,27,9.374753664662936,176.0,341.65011038990247,16
1365.0,27,6.946135867459158,193.0,360.7696858024344,18
1366.0,25,3.7398477852240974,212.0,367.1551549173195,19
1367.0,25,4.934282461177195,201.0,389.4210029759063,16
1368.0,25,7.129614444048726,206.0,410.6613756718894,14
1369.0,33,6.996590906665551,213.0,430.94874045797985,20
1370.0,33,9.78198031919875,226.0,457.4766719739989,13
1371.0,33,13.043802402539786,227.0,481.96540738090766,11
1372.0,33,16.191459483293837,235.0,504.4087032847565,10
1373.0,32,17.058453310698926,88.0,478.21837436142346,8
1374.0,33,18.6324946851853,25.0,497.91743538876517,6
1375.0,32,20.21420419479065,26.0,496.23618652501176,3
1376.0,31,21.9330325914582,34.0,492.36678977484854,8
1377.0,30,20.299463849849896,42.0,478.56242537420155,9
1378.0,29,19.397615749669157,51.0,455.34447279539813,9
1379.0,27,15.675535668328662,60.0,328.10687887506816,10
1380.0,25,13.585082443051354,71.0,316.35327829037766,11
1381.0,28,6.762892587872845,64.0,234.62081665652622,17
1382.0,28,9.6966143632645,69.0,256.5092068182294,8
1383.0,27,12.329137809103326,77.0,269.4828348893383,8
1384.0,27,15.450962206594498,8.0,277.8819012750973,3
1385.0,28,17.645258600345308,10.0,294.82981124814035,3
1386.0,28,20.5592889003212,12.0,311.1225818121179,2
1387.0,28,22.733722897905228,17.0,326.1799708375285,5
1388.0,26,23.021784622839704,22.0,292.01956733642317,5
1389.0,28,22.341457577723254,29.0,305.5036475527679,9
1390.0,19,11.535533744246303,36.0,178.61064671316984,7
1391.0,18,9.551418465033755,45.0,176.84472460198768,9
1392.0,15,5.957726233947965,36.0,168.96225162821878,5
1393.0,22,6.584627041610472,38.0,180.870247481567,11
1394.0,23,11.022319137947967,42.0,197.4753513413213,5
1395.0,23,16.10750392625134,46.0,212.6109991389099,4
1396.0,23,20.45202565616618,50.0,225.64288897488893,4
1397.0,24,21.299810013348942,54.0,237.7677713702161,5
1398.0,24,21.87056294854296,59.0,250.62051384832344,5
1399.0,24,22.974747829026345,65.0,262.8876766326795,6
1400.0,25,23.46574169271992,74.0,274.446398968934,10
1401.0,26,23.340414301874976,84.0,286.60812976216795,11
1402.0,24,21.9627860038477,94.0,255.36208551031453,10
1403.0,24,23.28354397295011,104.0,267.5156642774836,10
1404.0,21,20.607711096417976,114.0,242.53641341868794,10
1405.0,28,14.45714242565775,124.0,237.35772281463,18
1406.0,27,16.461089859908267,134.0,244.35740443142788,10
1407.0,25,16.759328175949467,144.0,239.930352589369,10
1408.0,24,17.52167701453354,154.0,249.47917447749185,10
1409.0,23,12.855901256561602,164.0,253.94211457258302,11
1410.0,24,12.500377946599436,154.0,270.7881635204568,10
1411.0,23,12.397230913544865,163.0,284.81902487261584,9
1412.0,23,13.264519610937642,174.0,301.55950145352654,11
1413.0,24,13.04707059717216,186.0,318.11309693451847,13
1414.0,22,10.19905468594388,200.0,328.97948204101124,14
1415.0,22,9.270899493119432,177.0,341.92122255137014,11
1416.0,20,6.930352463255909,187.0,323.7608856149449,10
1417.0,27,5.952198668647028,198.0,340.3419062980915,18
1418.0,27,9.567601021107185,197.0,362.0506103474146,9
1419.0,27,13.608121207183888,206.0,381.56599613217793,9
1420.0,28,15.138184673280682,215.0,400.0208049668975,10
1421.0,26,13.715263239267243,226.0,362.8121835160749,12
1422.0,25,13.326815896216212,237.0,369.3697092542605,11
1423.0,25,13.893622495970158,249.0,387.32420076466985,12
1424.0,23,10.22919090494074,261.0,382.23288402456825,12
1425.0,25,7.975491703743337,276.0,401.3802989086913,17
1426.0,23,4.953653782471831,277.0,415.3022757719075,13
1427.0,23,7.305028072147906,287.0,434.9580208152328,12
1428.0,23,9.84459039820008,299.0,453.40216393002135,12
1429.0,28,9.773925979305078,311.0,470.87734135635577,17
1430.0,29,12.776320232572939,311.0,491.3220516007451,11
1431.0,29,15.393835120610056,321.0,511.2568281196895,10
1432.0,29,15.53488660836341,331.0,531.2360026018034,10
1433.0,30,12.38970377505613,342.0,552.8665499903913,12
1434.0,30,10.160983538769717,152.0,576.8368863074343,8
1435.0,30,10.573376740115643,38.0,600.5669236397185,7
1436.0,29,9.516373990106482,16.0,595.5335093995607,9
1437.0,32,11.452766794804642,28.0,617.3063607715105,15
1438.0,30,13.611812426823318,24.0,632.9280462172909,9
1439.0,30,16.681836583442216,26.0,652.9614208237233,7
1440.0,26,16.407198137706782,22.0,432.22859625375673,5
1441.0,34,15.33713351985083,27.0,447.64601523870033,13
1442.0,30,16.571006118787334,33.0,316.2391900249901,6
1443.0,30,20.180692528226473,39.0,333.80019384222663,6
1444.0,28,21.26919329604838,45.0,301.5883964200111,6
1445.0,27,19.880773019659227,53.0,274.5689944076103,9
1446.0,24,14.59574695069384,62.0,251.9289127652546,10
1447.0,22,13.649666704804131,72.0,238.39616060138326,10
1448.0,21,13.784856038241873,84.0,238.7291197140519,12
1449.0,20,9.5032178386089,97.0,237.39386774436025,14
1450.0,17,5.744370791562236,43.0,242.61891292229618,7
1451.0,18,10.672819781783089,1.0,255.7614867274043,2
1452.0,18,15.67315562240172,0.0,268.0226619698222,0
1453.0,25,15.209676559468237,0.0,278.21858400355853,7
1454.0,25,21.594422811483092,1.0,292.1802659231516,1
1455.0,25,27.44062858012577,2.0,303.1948577804411,1
1456.0,25,29.78674744413454,3.0,277.7332879987199,2
1457.0,23,29.782587948088167,4.0,226.9895835487755,2
1458.0,22,27.91048142950401,6.0,209.5907884301061,2
1459.0,21,25.167566066833075,9.0,190.022708918688,3
1460.0,21,23.876271313169713,15.0,200.95133451022127,6
1461.0,19,12.664740594837694,21.0,166.73917335168525,8
1462.0,17,9.69706719767054,13.0,158.9057832079647,4
1463.0,17,11.377963123921717,17.0,171.9490016154925,4
1464.0,17,13.611594578937462,21.0,184.19884325561986,4
1465.0,24,12.393476573487813,25.0,195.11499594750444,11
1466.0,25,16.898317637187937,29.0,210.59569844125843,5
1467.0,25,22.633731206120178,33.0,224.2581541824775,4
1468.0,24,26.632906461825684,37.0,213.7604173187944,4
1469.0,24,27.46101417759368,41.0,197.10247901951712,5
1470.0,23,25.116744154141067,45.0,190.81677708727412,4
1471.0,22,23.597713652138943,49.0,185.30746953667708,4
1472.0,22,21.69044296569519,57.0,184.9587141625361,9
1473.0,22,20.696637971966965,66.0,181.42278212983467,10
1474.0,20,16.59456350739689,76.0,167.75976339696942,10
1475.0,19,14.823632361526228,86.0,177.66328740004164,10
1476.0,18,14.660169098186135,52.0,178.8313778110278,7
1477.0,24,8.176440994600448,60.0,178.54795352614585,16
1478.0,24,11.316170457366127,68.0,197.02444141359922,8
1479.0,23,12.859586988602077,76.0,209.9707475924802,8
1480.0,23,15.76076556442105,84.0,225.62899049168033,8
1481.0,24,15.526145683992477,92.0,241.16557324336168,9
1482.0,22,12.09239148167562,80.0,209.76024411609734,7
1483.0,21,11.844899718867206,88.0,201.22538066814826,8
1484.0,21,12.978964759061132,98.0,216.6822139099275,10
1485.0,21,11.911603726348629,109.0,228.45923547357688,12
1486.0,19,10.582253347190377,96.0,235.95790364635425,8
1487.0,20,12.954623609092112,101.0,249.5876275631358,8
1488.0,18,12.371795614435324,108.0,226.98961436979107,7
1489.0,24,9.887030025704005,115.0,234.51047479728564,14
1490.0,24,14.586432328402912,115.0,251.30266980426492,6
1491.0,24,19.47769486038623,121.0,265.7746339178285,6
1492.0,25,21.685751142788394,127.0,278.7544555221493,7
1493.0,26,22.74243016060887,133.0,291.7048985602505,7
1494.0,26,22.190950398057115,139.0,305.8674143443743,6
1495.0,24,20.028104081471806,146.0,287.70568412736355,7
1496.0,22,18.29159088254463,155.0,272.6532321062364,9
1497.0,24,18.02334413835039,167.0,285.6031903295855,14
1498.0,22,16.341007245296122,179.0,280.0304763705266,12
1499.0,22,17.548256761637642,191.0,293.8137849932277,12
1500.0,21,17.295964300532557,203.0,302.1550667688197,12
1501.0,27,11.795334849560351,215.0,312.3409050563095,19
1502.0,27,10.387659394278261,227.0,323.3909326631918,13
1503.0,27,11.770956352309467,88.0,343.82107339151014,8
1504.0,27,13.881791075776952,35.0,363.1346153832681,6
1505.0,26,13.482251695587498,41.0,364.8417662591168,7
1506.0,26,14.529158524964101,47.0,383.3832273325454,6
1507.0,26,17.28713909742758,31.0,400.57929251644566,5
1508.0,27,18.157958867701996,38.0,416.9973221827926,8
1509.0,24,13.785098694240535,47.0,255.5009867191853,10
1510.0,24,15.551832521106473,57.0,272.34656678891264,10
1511.0,19,11.896841045996576,9.0,190.9501972565721,5
1512.0,18,14.987538791953018,10.0,197.88327866117854,3
1513.0,24,10.175772393580727,14.0,172.3847640291978,12
1514.0,24,14.910185323973087,18.0,188.75536016047246,4
1515.0,24,20.650924796164947,8.0,202.34526818396006,2
1516.0,24,26.206232772329617,10.0,213.25160979494075,2
1517.0,21,23.164527942986457,12.0,167.3238885740833,3
1518.0,20,17.52433352587251,14.0,139.28497382464604,3
1519.0,20,17.907775122285692,16.0,151.89021702097696,2
1520.0,19,15.383541006879156,21.0,155.23117560763697,5
1521.0,18,10.026919033255277,29.0,152.17513916578747,9
1522.0,17,8.36258023386799,33.0,163.5710071199071,6
1523.0,18,11.110598593390531,31.0,176.45584174477173,5
1524.0,18,15.40669094069686,35.0,188.6818094432709,4
1525.0,25,13.657841281967148,39.0,199.48898011503212,11
1526.0,25,18.234574746728217,44.0,214.90691879616298,5
1527.0,25,20.913337506806357,49.0,229.00470536794637,5
1528.0,26,21.309993849668075,54.0,242.6705036990849,6
1529.0,26,17.75527992025779,61.0,248.00067332297579,8
1530.0,23,11.61775541257432,69.0,227.42342312367708,8
1531.0,23,10.46841573595812,77.0,245.4979167994048,8
1532.0,22,10.391634037362909,87.0,257.3105536989923,10
1533.0,24,8.100672436374522,101.0,275.3820796787691,16
1534.0,22,4.97059078550478,116.0,287.98242196748106,15
1535.0,22,6.048151408788789,105.0,307.2540549590981,12
1536.0,22,7.145246064962315,109.0,326.0123536819958,10
1537.0,29,7.367481032889469,112.0,343.57679089855367,15
1538.0,30,10.361552024623858,121.0,366.1592281444639,10
1539.0,30,15.233528342298017,128.0,386.77177241118113,8
1540.0,30,19.480994315466443,136.0,404.81998579863654,8
1541.0,31,20.46212267426897,144.0,421.83259320358,9
1542.0,29,18.612707332034166,152.0,383.64098003530074,8
1543.0,30,18.412260590061415,162.0,401.39567424103467,11
1544.0,28,18.664553810408957,175.0,372.55893831448395,13
1545.0,28,18.537567452409636,189.0,373.71616120630074,15
1546.0,27,18.66980884560882,203.0,369.7759507990436,14
1547.0,26,18.860631315925048,217.0,368.18659970471543,14
1548.0,25,18.841007069768434,231.0,372.328818847037,14
1549.0,32,13.783542423536007,245.0,374.4241039460092,22
1550.0,29,12.047725770699367,259.0,366.4610069095542,14
1551.0,27,10.717217220731913,273.0,375.32909673835786,14
1552.0,27,11.257013915448466,229.0,396.3550950999748,10
1553.0,27,9.96808771482755,240.0,413.8001587351301,12
1554.0,27,8.354950905682418,254.0,432.0276395567455,15
1555.0,27,10.7182903309272,268.0,453.5497673369549,14
1556.0,27,12.253734433463189,282.0,474.2609457554609,14
1557.0,28,12.125006305580014,297.0,494.7690638069022,16
1558.0,24,6.832404552429731,314.0,429.465981202113,17
1559.0,25,7.883458173718813,294.0,449.6701644647488,14
1560.0,23,6.687226654745911,290.0,457.71220042088004,11
1561.0,28,7.711081597493085,300.0,476.3720726228135,16
1562.0,28,11.535771782832443,311.0,497.86456914083044,11
1563.0,28,14.902264177851027,322.0,517.4754591761448,11
1564.0,29,18.080579657871986,138.0,534.9264619944249,8
1565.0,26,14.817238410331155,30.0,486.37577359403707,5
1566.0,26,14.787062417688688,8.0,504.6518266019216,2
1567.0,28,13.899673844585328,11.0,522.8543399958675,5
1568.0,28,16.066501046594734,15.0,541.9039708384598,4
1569.0,30,16.749471476549147,23.0,560.001986551096,10
1570.0,24,13.62001877089915,14.0,340.65025201285033,5
1571.0,24,18.624261642688786,17.0,355.85785848326947,4
1572.0,21,19.699283244712813,22.0,267.3832767324482,5
1573.0,27,16.608502440659045,27.0,236.74649210077075,12
1574.0,24,15.685620832750534,32.0,197.79804313470385,6
1575.0,24,19.66147141108763,37.0,212.41309479893854,5
1576.0,23,22.38327333957913,43.0,205.50754426151454,6
1577.0,21,19.920316010254062,49.0,186.89876970629152,7
1578.0,20,17.401610514733374,56.0,182.27859424168483,7
1579.0,20,14.07363224197044,63.0,184.1620145273956,8
1580.0,20,12.769586174174105,71.0,199.10978500880196,8
1581.0,21,10.249739180667627,82.0,214.8542794184703,12
1582.0,19,7.4111026823985995,32.0,224.129942216151,7
1583.0,18,8.08530194072958,14.0,234.33598723686342,4
1584.0,17,10.448421778542594,2.0,242.04223758794126,1
1585.0,24,10.894772188737004,3.0,253.8074438362641,8
1586.0,24,16.431467131520836,4.0,269.9712995771742,1
1587.0,25,21.83131631891091,0.0,283.12425228191233,1
1588.0,25,25.746240329270584,0.0,295.31480368156366,0
1589.0,23,26.287431049482223,0.0,246.73467894581515,0
1590.0,23,21.45894960969226,1.0,234.03524617137805,3
1591.0,21,17.94266478982895,3.0,202.07444492358272,2
1592.0,21,16.327374323978646,8.0,216.13886801517896,5
1593.0,20,11.06553940867314,15.0,205.2924213512448,8
1594.0,18,8.245820814045336,14.0,214.08662151884107,6
1595.0,19,10.56302149155401,8.0,228.07469305669227,4
1596.0,19,13.866318102918477,10.0,241.778886020998,3
1597.0,26,12.829767443687174,12.0,254.07969931304794,10
1598.0,26,17.98687016615395,15.0,270.70230788804366,3
1599.0,26,22.239145106499574,18.0,285.0527658725659,3
1600.0,27,23.597658414753376,21.0,298.1451183378099,4
1601.0,26,20.79028627520368,24.0,292.0069033427085,4
1602.0,26,17.38488394627316,28.0,308.83855362308884,4
1603.0,24,13.01793695158507,34.0,301.4090092890761,6
1604.0,23,8.97990680838974,45.0,311.5095857302442,11
1605.0,25,6.623448094886091,59.0,330.9916307009546,16
1606.0,24,5.90992884369261,51.0,348.91552029772714,11
1607.0,23,6.59771606814343,58.0,366.07732759812916,11
1608.0,23,8.814072860988954,66.0,384.9961350160883,10
1609.0,30,8.595587528498807,75.0,402.80505196519744,17
1610.0,31,11.685715729027299,85.0,425.5917044189498,11
1611.0,31,14.881241159179496,95.0,447.4612214267046,10
1612.0,30,15.709823132715282,88.0,425.3697137333473,9
1613.0,30,14.129447781254418,98.0,406.745921872266,11
1614.0,30,14.263828031583456,109.0,428.0737157816679,11
1615.0,29,12.385253501514518,122.0,379.7652971866294,14
1616.0,28,12.827155346556548,137.0,368.86251653180625,15
1617.0,28,10.822186726535055,154.0,362.0937894192005,18
1618.0,23,2.2619543517158096,172.0,324.2649778243548,18
1619.0,23,2.1008909115302337,191.0,346.20098528575863,19
1620.0,23,3.6826265513095278,155.0,367.53332850835403,13
1621.0,31,4.3727036457983095,130.0,387.98200158406604,18
1622.0,31,8.531565871157444,124.0,413.944306594634,8
1623.0,31,13.513996055589661,121.0,436.8837549196362,8
1624.0,31,18.85723293056509,127.0,456.6061655328581,7
1625.0,32,20.3130658817122,134.0,475.14179746037325,8
1626.0,31,16.608328644610975,142.0,470.74183111899515,9
1627.0,31,15.632972391330098,154.0,492.3348887358402,12
1628.0,31,15.510155127255878,168.0,514.060059636105,14
1629.0,30,11.473234062889079,183.0,511.40023273426795,16
1630.0,28,8.213057464158284,183.0,503.6919138456556,12
1631.0,27,6.300622296653671,196.0,493.18411698136106,14
1632.0,27,8.615319851253526,210.0,515.5419208372728,14
1633.0,34,9.053881261806652,226.0,536.405850893456,23
1634.0,32,9.628302062730548,242.0,548.10768484449,16
1635.0,32,11.35714190418581,107.0,573.1003501072778,12
1636.0,32,12.58893374984971,27.0,558.9877945330443,7
1637.0,32,14.305171134545196,18.0,546.3148040816379,5
1638.0,30,14.424311699840704,10.0,505.1287276382725,2
1639.0,30,17.29193211237393,13.0,524.9295289347795,3
1640.0,30,20.905722107015556,18.0,542.5966756105032,5
1641.0,28,17.424902092879595,24.0,378.5978301166581,8
1642.0,28,16.09206205791059,32.0,397.37003240032595,8
1643.0,24,10.50493223072267,20.0,326.27948783448545,7
1644.0,24,10.880396906029054,24.0,345.09569089991896,8
1645.0,31,9.017851735645625,22.0,363.56323103102926,14
1646.0,32,12.512082596499837,29.0,386.60770707795757,8
1647.0,30,14.673849675685402,37.0,390.50213834258255,8
1648.0,29,16.071316879481735,46.0,384.22022894036587,9
1649.0,30,15.566911307246786,56.0,403.7638908839607,11
1650.0,28,13.02278533836985,68.0,388.9246861753232,12
1651.0,27,9.952320038698414,81.0,384.051188074717,14
1652.0,26,9.486085001502907,98.0,391.8164361373518,17
1653.0,26,8.134838257862379,116.0,409.66458270335715,19
1654.0,24,6.152885911504032,75.0,424.0465149296136,14
1655.0,23,5.862934237051565,57.0,440.9046946870547,9
1656.0,23,8.963855071579118,54.0,459.88053220670855,7
1657.0,31,9.209547949121124,55.0,477.36532571401847,16
1658.0,31,13.227511492432239,56.0,500.4339665209496,7
1659.0,31,18.30478806816965,57.0,520.422347923799,6
1660.0,30,22.879032006203833,59.0,496.976475754532,5
1661.0,30,24.770238911445997,59.0,464.24042969475215,5
1662.0,30,23.891489826197663,63.0,443.5633380112957,5
1663.0,29,24.009434610314223,67.0,414.6412702936649,4
1664.0,28,24.982578070899546,75.0,398.15069924058673,8
1665.0,28,25.920136532291814,85.0,375.2410474862395,11
1666.0,26,25.759726196804003,95.0,345.16214546335704,10
1667.0,26,24.920426178725474,105.0,327.98640574694025,11
1668.0,24,24.43486765443842,115.0,297.61892737642063,10
1669.0,29,17.60276994079541,125.0,275.07232255145675,17
1670.0,27,17.839320196329705,135.0,264.9318861727058,10
1671.0,26,18.64073498261779,145.0,263.4835154233394,10
1672.0,26,19.01422794132764,155.0,264.7561137187927,11
1673.0,26,18.359333671752967,165.0,273.8771106110242,11
1674.0,25,15.037200057190887,176.0,287.9728222870733,11
1675.0,24,13.834606693099651,188.0,293.2005449660499,12
1676.0,23,12.798724673142157,203.0,307.02103205414204,15
1677.0,24,10.64509058755366,219.0,317.0708818461668,18
1678.0,24,11.738428371988487,235.0,335.409569848675,16
1679.0,23,10.949446852818657,251.0,349.5264220155727,16
1680.0,22,10.098289489899924,267.0,362.9325949478417,16
1681.0,29,7.835548199660034,283.0,380.22673150566686,23
1682.0,30,9.5337056329263,299.0,403.34653977749355,17
1683.0,29,10.570122763656435,315.0,423.1489017959211,16
1684.0,29,10.811648757244265,332.0,445.6949158993117,17
1685.0,29,8.547016593768248,349.0,465.0955972745578,18
1686.0,29,7.5960603855874345,367.0,489.54033314665077,18
1687.0,30,8.110797833651652,316.0,513.5063553214961,17
1688.0,30,9.073671329703426,331.0,537.9032958484804,16
1689.0,30,8.828127225416566,347.0,558.3102280003,17
1690.0,30,9.639613786217422,365.0,582.4425163321476,18
1691.0,30,11.445500305662996,383.0,605.4955486779854,18
1692.0,30,13.204529151033778,401.0,627.4751201905359,18
1693.0,33,9.051627249528865,419.0,581.2720427603573,24
1694.0,31,7.128049255264846,438.0,573.7574480452304,19
1695.0,30,6.657835049543187,443.0,591.3517906523697,16
1696.0,29,8.225126302648468,260.0,607.150852664442,12
1697.0,30,10.462678901700059,158.0,630.1601905199934,10
1698.0,31,12.235415159886175,140.0,652.8517437485675,9
1699.0,33,15.079030912765056,31.0,674.2384245728233,7
1700.0,33,19.828578768013355,5.0,694.501508731289,2
1701.0,32,20.964436282003195,9.0,684.5543664625733,5
1702.0,28,20.507788818685118,13.0,471.68919084948425,4
1703.0,28,22.019035905463376,17.0,476.2928877077771,5
1704.0,24,21.24845226235045,24.0,347.0336968676546,7
1705.0,27,14.756268372642843,31.0,247.04111612116523,14
1706.0,24,13.277802669753155,40.0,181.9571806711912,9
1707.0,20,10.6395192219075,42.0,138.9255073780494,8
1708.0,21,14.308470390364134,10.0,152.4299490662362,4
1709.0,20,13.838791444133538,4.0,159.2833914251603,2
1710.0,20,14.769077718628425,6.0,173.5113013861876,2
1711.0,20,18.097605241740595,8.0,186.43362264996887,2
1712.0,20,22.03213849002035,12.0,197.77148827070235,4
1713.0,22,22.085554091094057,18.0,208.19965251649833,8
1714.0,18,18.151586236176545,25.0,181.62840044514766,7
1715.0,18,18.033849328963957,25.0,193.226995577735,5
1716.0,18,18.438978797970016,12.0,204.74297235733516,3
1717.0,23,10.004870305239217,13.0,175.79304671899735,11
1718.0,24,11.477215146950668,19.0,193.4388725494507,7
1719.0,23,12.912031736990071,25.0,195.6698373271343,6
1720.0,23,16.5372602939186,32.0,211.07842539248045,7
1721.0,22,14.088108400905739,41.0,204.93850276019649,10
1722.0,22,10.392749455523038,50.0,222.4075245839443,9
1723.0,23,6.380748542059428,60.0,241.52809557282094,11
1724.0,23,5.65382176918852,73.0,261.9853498999514,13
1725.0,23,3.622631884005532,89.0,279.3103575252044,17
1726.0,22,2.942739993604461,81.0,296.26143919416415,14
1727.0,22,5.64931521309678,74.0,315.80702076688556,12
1728.0,22,8.847151061733378,60.0,333.8954094610939,8
1729.0,30,8.985123500220482,53.0,350.41510112804485,14
1730.0,30,14.360761409807909,55.0,371.69527200499147,5
1731.0,30,18.712073766299692,61.0,390.3879276589602,6
1732.0,30,20.43648663897607,67.0,408.15824777873485,6
1733.0,31,18.618968510422302,73.0,426.6713443640125,7
1734.0,30,15.98495758375518,82.0,424.5865771106425,10
1735.0,30,16.266606141678572,94.0,445.07999805337835,12
1736.0,28,13.540900972570851,109.0,420.7790804289264,15
1737.0,27,10.245888029220533,125.0,435.713529958252,17
1738.0,23,3.0005862351961996,113.0,418.80704561492945,13
1739.0,24,3.7607090868936903,116.0,439.9501186806777,12
1740.0,24,6.906640438453011,127.0,460.56331151960717,11
1741.0,31,7.184579831050151,141.0,480.0257272415561,21
1742.0,31,10.661661402242773,137.0,504.3294959506929,12
1743.0,31,14.231021193642684,135.0,526.4470163970669,10
1744.0,31,16.386287514203328,136.0,504.050649717085,10
1745.0,31,17.292987118794223,135.0,482.8658243856398,8
1746.0,30,17.986795704424374,139.0,466.88887889859456,6
1747.0,29,18.267062492364413,146.0,452.62584608235545,7
1748.0,29,18.39207366407215,157.0,471.04398786728893,11
1749.0,31,15.910101076678153,165.0,490.2745234808014,12
1750.0,31,15.472545291811173,176.0,511.69293341425947,11
1751.0,29,12.65640933779393,188.0,497.04673411425205,12
1752.0,29,12.085910875144094,201.0,519.1273861896357,13
1753.0,34,6.702043684527063,216.0,522.0507196739592,22
1754.0,35,6.806747920573768,233.0,551.3512235159158,18
1755.0,33,4.754870219139383,252.0,569.0290190561961,19
1756.0,32,4.067986240143447,272.0,588.7765606385548,20
1757.0,33,4.742404177151342,296.0,617.2735744182378,25
1758.0,33,4.387530071234354,321.0,647.0605608685606,25
1759.0,34,4.371205935221531,346.0,676.8449490479709,26
1760.0,34,4.540106279286401,373.0,707.531787545674,27
1761.0,35,5.682178528553274,196.0,737.3066953915697,21
1762.0,33,5.91402557552853,87.0,761.0443608530509,13
1763.0,33,9.663241270505473,64.0,787.5797859541318,9
1764.0,33,14.02537228797892,56.0,811.18119969587,8
1765.0,41,15.246232018698134,64.0,831.4985530731901,16
1766.0,41,19.99930012377167,72.0,855.8111101522425,8
1767.0,35,20.33591868155197,80.0,718.6687286423916,8
1768.0,31,19.318456000011462,89.0,539.2596968521779,9
1769.0,28,15.536846422385015,99.0,441.20714966338466,11
1770.0,27,12.689467756830132,111.0,372.7188024067045,13
1771.0,25,10.73938330139411,124.0,367.56724947737985,13
1772.0,25,11.339408518088044,138.0,386.5109236090583,14
1773.0,26,11.201494276845692,154.0,405.2898663576615,17
1774.0,21,5.016913169933202,120.0,408.7093508011022,13
1775.0,21,4.5573277460861465,86.0,422.987524431115,10
1776.0,21,7.5389716311692805,63.0,440.6713675935199,8
1777.0,28,8.00578242029179,41.0,457.0316221538818,14
1778.0,28,13.240243387827892,4.0,477.4362032265076,2
1779.0,28,17.689613167097214,0.0,495.25558509189796,0
1780.0,29,20.393565762940263,0.0,511.18833611688444,1
1781.0,29,24.022998830987635,1.0,526.1422693030676,1
1782.0,30,24.75508576794907,3.0,540.1841204650519,3
1783.0,30,24.469075663930635,7.0,555.3956399453815,4
1784.0,27,20.799931273425173,12.0,472.2866885009038,5
1785.0,28,16.17734871432508,20.0,438.1271373883541,10
1786.0,24,10.113581848233798,33.0,392.61830359169534,13
1787.0,23,7.740551438236968,47.0,367.2301630593397,14
1788.0,22,6.1408732529943375,62.0,354.23794382566376,15
1789.0,27,2.256796432388646,79.0,317.2533255899061,24
1790.0,28,4.230272502894337,52.0,341.90060411709004,12
1791.0,28,7.549116010739475,48.0,365.62745798615026,9
1792.0,28,11.979877887472147,45.0,386.8569260158127,7
1793.0,29,15.490732492917795,37.0,405.7836700727641,6
1794.0,29,17.879914972383506,30.0,424.2696056065273,4
1795.0,30,18.32320683695758,28.0,442.2444654039735,5
1796.0,29,19.075682136801408,31.0,447.41661962763646,4
1797.0,29,18.496475236430538,37.0,450.70102861273097,7
1798.0,28,17.15398574693845,46.0,464.9969082056869,9
1799.0,27,15.61561203355613,46.0,478.9717677943864,7
1800.0,27,12.626099301978334,53.0,475.62901003783617,8
1801.0,33,9.340964368006713,60.0,478.1109576043897,14
1802.0,31,9.558812436297789,69.0,477.90484601997076,9
1803.0,31,12.709318872209138,73.0,500.79146035979693,8
1804.0,31,17.194016476994975,79.0,520.8246880571504,8
1805.0,31,18.11835959002847,85.0,496.71762538638797,8
1806.0,31,17.969102681923733,87.0,468.9035744982743,7
1807.0,29,17.620918256217042,94.0,406.727937243329,7
1808.0,29,19.63745745969409,105.0,424.12904627195485,11
1809.0,28,17.25611787724408,116.0,372.9715179957452,12
1810.0,28,16.935471230538777,122.0,391.49255922929467,10
1811.0,29,15.337998262461861,133.0,410.6420893090393,12
1812.0,28,11.985934414804017,144.0,416.55382226186805,11
1813.0,34,7.876743488990543,156.0,429.06200237082817,19
1814.0,33,7.525288979067448,170.0,450.4645110498639,14
1815.0,33,9.106204390132804,185.0,477.5574582820871,15
1816.0,32,7.127654590396141,204.0,485.0321637787696,20
1817.0,32,4.198714797006736,224.0,510.34820642389394,21
1818.0,32,3.70325928911064,245.0,540.0070846408837,21
1819.0,32,4.784241937622971,267.0,568.9671943999062,22
1820.0,32,5.736661406127704,292.0,597.3196586910591,25
1821.0,34,5.144468049547395,318.0,625.8049366230365,28
1822.0,32,1.5297232533215936,345.0,650.204980131951,27
1823.0,32,2.0949975364482047,335.0,680.8650813903895,24
1824.0,32,4.379768250172461,247.0,710.0385035506383,17
1825.0,39,5.789809167858835,235.0,737.4737187847077,22
1826.0,40,9.29542548663798,241.0,768.9756929930583,15
1827.0,40,13.28483590278323,105.0,798.2655708956817,10
1828.0,40,17.453826973962236,53.0,824.1932305104151,6
1829.0,41,20.370564023373568,60.0,847.3873032326247,8
1830.0,36,18.862171243951796,67.0,698.3568436534322,7
1831.0,36,18.734260841377044,74.0,677.942129964399,8
1832.0,33,18.554393324510986,83.0,639.1656267847646,9
1833.0,29,13.83076441074022,96.0,440.81482906207975,14
1834.0,26,12.512255217470424,68.0,389.7772743684345,11
1835.0,20,6.087697081072982,38.0,286.1694627983633,8
1836.0,21,9.351454765532887,25.0,302.1548199387078,6
1837.0,28,9.611174606011565,17.0,317.6155526591715,11
1838.0,28,15.396192461772083,15.0,336.8050972529021,3
1839.0,28,19.837558834958468,19.0,353.5936661106249,4
1840.0,28,22.341450222411986,23.0,369.04783360521014,4
1841.0,29,21.150485203088454,27.0,384.7420348698938,5
1842.0,28,17.45831778734477,32.0,379.6302538638076,6
1843.0,28,16.719204302866455,40.0,398.33582818745776,8
1844.0,26,13.876598539672912,50.0,370.623144170288,10
1845.0,27,13.041101404338812,62.0,389.62329739257035,13
1846.0,22,4.142512782669272,77.0,381.6805290050387,15
1847.0,22,2.3240475993803136,61.0,383.86263536546085,14
1848.0,22,4.249507318926367,61.0,403.8707221196231,11
1849.0,29,5.382437731034878,72.0,422.58390175383016,18
1850.0,29,9.822714444311957,68.0,445.683502777493,10
1851.0,29,13.363163103825798,66.0,466.65863974068606,8
1852.0,30,17.136315487362538,63.0,485.049422198773,8
1853.0,31,18.858206400285,60.0,502.9089670334196,6
1854.0,29,18.740115552057823,62.0,431.50706559197704,4
1855.0,29,20.21031672979908,68.0,448.6234833313422,6
1856.0,27,18.486786511835366,74.0,389.7820007564069,6
1857.0,29,16.99994495212035,82.0,406.5794850362556,10
1858.0,29,16.037103673498468,91.0,425.9813424047108,9
1859.0,29,14.981980038579868,100.0,446.02908776319924,9
1860.0,28,12.707342537433345,112.0,449.66273253464493,12
1861.0,34,8.769760360466353,126.0,449.87390943539225,21
1862.0,35,9.703478649054563,142.0,476.9474712487907,17
1863.0,31,6.284343610595344,160.0,465.87382349179535,18
1864.0,31,7.953236423575776,180.0,491.8190609634782,20
1865.0,31,5.418362395388118,201.0,513.4750305742515,22
1866.0,31,4.677162051360377,224.0,541.4916827130264,23
1867.0,32,3.8418108815484895,248.0,570.0355547043879,25
1868.0,32,5.055961753379278,246.0,598.7824396554531,21
1869.0,32,4.927981722371591,268.0,623.3042779400487,23
1870.0,31,5.733084946119355,251.0,647.463326762677,20
1871.0,31,7.888611812123976,246.0,673.353103921246,17
1872.0,32,10.234351542059661,242.0,697.5190311832667,16
1873.0,38,9.463913150260355,258.0,714.4708348496059,23
1874.0,35,9.847218644502549,274.0,697.4690682453838,16
1875.0,35,12.273869664033162,291.0,723.6059942712927,17
1876.0,33,12.41052496066591,280.0,654.0150709292353,16
1877.0,34,14.239086895891658,266.0,676.9244897092747,15
1878.0,34,13.41244384824144,254.0,664.7541943647041,13
1879.0,33,14.191513029988426,250.0,641.0679346408297,11
1880.0,32,15.467870198310159,258.0,628.9357340939097,13
1881.0,32,15.57998176162605,272.0,605.6650071260402,15
1882.0,32,16.948397493098565,281.0,626.3962522162003,12
1883.0,33,16.163272736834845,293.0,647.2544351100103,13
1884.0,31,13.345441276916777,306.0,636.0821795654762,13
1885.0,36,11.002415479925464,319.0,658.6604915230917,18
1886.0,35,9.971724342411681,319.0,679.9072988874649,12
1887.0,34,8.833370096787013,335.0,697.1263244868517,16
1888.0,32,6.720673480648365,153.0,701.5431461109969,13
1889.0,33,8.64589626790161,51.0,727.9030676122171,13
1890.0,34,11.356551202219864,36.0,753.3191193636278,11
1891.0,35,14.696765223045066,50.0,777.2008173890955,15
1892.0,33,16.654678829687818,63.0,772.1569282676735,14
1893.0,35,16.812371373346036,77.0,793.6362014488838,16
1894.0,28,11.469405746953,91.0,623.4660134155555,14
1895.0,27,13.447161674035724,70.0,591.3259165004652,11
1896.0,23,10.948807135487186,62.0,466.5858962386633,10
1897.0,30,11.097619048219709,54.0,482.85203986842083,15
1898.0,29,12.708538069065101,62.0,465.30819442905573,9
1899.0,29,16.56835269119939,70.0,484.66297987365317,8
1900.0,28,18.030259276420704,67.0,498.90220997446903,8
1901.0,28,15.229807851450111,69.0,513.2356672696358,8
1902.0,26,10.554490820993552,77.0,436.33627303236716,8
1903.0,27,9.9795133033584,87.0,456.9498305351746,11
1904.0,25,8.112015073763803,100.0,390.0346186710214,13
1905.0,26,7.011358484120065,116.0,411.4195864797118,17
1906.0,24,3.948003006246065,134.0,425.91497511030695,18
1907.0,24,5.169061385848391,154.0,447.29193687984383,20
1908.0,24,3.519059576485975,174.0,462.9067844450881,21
1909.0,30,0.674047629190453,194.0,479.4136984701502,27
1910.0,30,2.9134043123652216,154.0,507.64172875460633,17
1911.0,30,7.128132475438328,90.0,533.241918514118,10
1912.0,30,11.778616167688545,72.0,555.9127866439004,8
1913.0,30,14.658482521550539,81.0,576.7519085533941,9
1914.0,31,15.104158407891285,90.0,597.0354169457194,10
1915.0,31,17.91661373227363,75.0,616.4968292032592,7
1916.0,31,18.162314168443473,84.0,635.8168963932151,9
1917.0,30,15.585611593780694,94.0,609.2982047380907,10
1918.0,29,13.227536222436585,100.0,573.6475246737806,9
1919.0,30,13.03365117717377,114.0,594.3023454086835,15
1920.0,26,8.895472671998185,130.0,517.7460489467427,16
1921.0,30,5.354398616377487,148.0,502.1848294136489,24
1922.0,29,6.1068078238959576,167.0,487.17395952339467,19
1923.0,28,8.139171093575262,128.0,475.9370311289545,15
1924.0,27,9.085322436035083,75.0,478.116905039995,10
1925.0,27,12.847774919664156,49.0,498.16465199826973,7
1926.0,27,16.17822142362646,42.0,516.3927001705605,6
1927.0,28,19.455654866133855,48.0,532.4885927517554,7
1928.0,28,20.990552336901537,58.0,548.8317922494239,10
1929.0,27,14.489112576531685,66.0,526.1862436202719,11
1930.0,22,8.068376319005557,31.0,468.929272941187,8
1931.0,21,8.895790851896267,25.0,459.06895583535135,6
1932.0,21,10.840031947387486,12.0,443.0545121114049,4
1933.0,28,11.379513127345353,12.0,457.2716041234598,9
1934.0,29,15.923622915178424,14.0,475.5299726414908,3
1935.0,29,20.878419627975386,16.0,491.8619691205299,2
1936.0,30,24.103712992129132,18.0,505.79065457815443,3
1937.0,30,24.686098897813384,20.0,520.4073821853891,2
1938.0,30,22.727803448638337,23.0,536.3645027502295,3
1939.0,32,17.98329512839437,27.0,554.5059089873128,6
1940.0,30,13.887516950111378,37.0,500.3194940700333,10
1941.0,28,11.986073553861946,51.0,450.80420608206913,14
1942.0,25,5.112896085258526,66.0,403.530864047004,16
1943.0,25,2.607619411192276,84.0,382.73867197202475,19
1944.0,26,2.0621958213020335,95.0,406.6782328608503,20
1945.0,32,2.26477931940811,114.0,431.25990302925385,25
1946.0,33,4.772478168613348,105.0,460.1749370966417,18
1947.0,33,7.5932936728619955,96.0,488.23430486149624,13
1948.0,33,11.10773272374991,91.0,513.9874656268296,11
1949.0,34,12.705842339865928,90.0,538.442540495335,11
1950.0,33,12.5010642025433,93.0,537.9240508399713,10
1951.0,33,15.23339818620971,88.0,560.7099138125017,8
1952.0,33,17.020086792024923,91.0,582.3465028724715,9
1953.0,33,15.55013025319081,98.0,600.9752204989844,12
1954.0,32,15.422386070043071,96.0,619.9519238256349,8
1955.0,33,15.478085261379102,104.0,641.4743460223038,9
1956.0,32,16.48457569279826,112.0,633.66519037053,8
1957.0,38,14.250239186538975,120.0,629.6745818852368,15
1958.0,37,16.4049950241158,128.0,633.0870801850195,8
1959.0,36,18.557967906823926,137.0,638.7780277636585,9
1960.0,34,18.44643908470352,146.0,540.6660786072229,10
1961.0,35,19.311539170630923,155.0,560.8185330813415,10
1962.0,33,18.353568127730526,165.0,489.32236171920147,10
1963.0,32,18.51643378721284,171.0,465.5935797137949,10
1964.0,31,19.403816197847124,184.0,459.7123702834094,13
1965.0,32,19.268100973916408,198.0,453.488806472424,16
1966.0,32,21.47584916262729,212.0,471.5003978787439,14
1967.0,30,21.40947157702628,226.0,450.9732867176926,14
1968.0,28,20.716537923647135,240.0,432.6765342544825,14
1969.0,34,16.300176846339582,254.0,431.03780809322933,21
1970.0,32,14.720256928607975,268.0,408.2079818212759,15
1971.0,32,16.614007415261103,282.0,429.39357378131973,14
1972.0,31,16.79653498859928,296.0,433.1783318120793,14
1973.0,30,14.595660557349841,312.0,444.8213162491755,17
1974.0,29,12.642191492811433,328.0,451.39184761874026,16
1975.0,28,9.165846402307952,344.0,465.7249894930437,17
1976.0,27,8.864395475548836,191.0,473.17733087638203,15
1977.0,28,10.039505326720981,124.0,494.46811996492534,13
1978.0,27,9.759585291399313,124.0,512.0487734249704,10
1979.0,27,11.58699850409928,134.0,532.6615327140962,10
1980.0,28,14.476839565773265,55.0,551.4598262939128,9
1981.0,35,14.080913736443067,51.0,569.498349530999,13
1982.0,30,12.79063525917462,59.0,391.30557162312806,8
1983.0,30,15.618588540161145,68.0,411.90457361341095,9
1984.0,27,16.30856100853822,63.0,353.12017302613805,8
1985.0,27,17.585137286519366,9.0,335.6289421316609,4
1986.0,24,14.629970481956779,12.0,233.71517108749006,4
1987.0,24,18.33422895045584,15.0,249.07673625338666,3
1988.0,22,21.044539774597602,19.0,234.84183332370918,4
1989.0,23,22.968133775855716,26.0,246.4767047774272,8
1990.0,20,22.99099432670061,22.0,235.15050484679685,5
1991.0,17,20.17253236229344,27.0,156.49286574393813,6
1992.0,17,22.161889060807813,32.0,166.22320565527747,5
1993.0,22,15.589260038254942,32.0,161.96571785547715,11
1994.0,22,20.192314627348615,36.0,175.22674624039587,4
1995.0,22,24.356952684541177,40.0,186.57275856133256,4
1996.0,23,26.426116438613835,44.0,196.42994164504313,5
1997.0,22,23.77582340931864,48.0,178.61148968178688,5
1998.0,22,22.816386595717276,53.0,190.3884257975255,5
1999.0,20,19.404559104260702,59.0,185.2728250385123,6
2000.0,19,18.48532391582811,67.0,184.36184194053467,8
2001.0,19,14.583914767036184,77.0,173.63671714240078,12
2002.0,19,15.69430290403294,87.0,186.3085079445562,10
2003.0,19,17.088809265974668,97.0,198.48906883363466,10
2004.0,19,18.147775391989793,107.0,210.27964935952127,10
2005.0,25,12.316740506962617,117.0,217.66453927333276,17
2006.0,26,14.148310510826455,127.0,234.9390040380056,11
2007.0,25,15.132142521022516,137.0,245.77915554375605,10
2008.0,24,16.781163284500845,147.0,248.94399484135758,10
2009.0,25,16.612094193470085,157.0,264.6266445643368,11
2010.0,24,12.569367773461686,167.0,277.0217780643233,10
2011.0,24,10.561619489280135,154.0,290.89225899618333,10
2012.0,23,10.703209624682286,165.0,304.944351408522,11
2013.0,23,9.02545481398714,177.0,319.6528190529609,13
2014.0,23,9.537905630819104,191.0,338.2502330576415,14
2015.0,23,11.238071284384565,205.0,356.03946054093404,14
2016.0,22,9.416912923662066,178.0,361.49314924547656,11
2017.0,28,5.922442989776478,188.0,360.4064108378022,17
2018.0,27,6.642063447406425,200.0,364.9508823082491,12
2019.0,27,10.522511911118352,197.0,386.0173401500719,9
2020.0,27,13.523127809833701,206.0,405.4255187956062,9
2021.0,28,14.958265208599036,215.0,423.76997767765795,10
2022.0,27,14.28603623908095,225.0,395.4591710120682,11
2023.0,25,14.526453082720655,236.0,390.3450899757614,11
2024.0,25,15.889045948097793,248.0,407.6121519825846,12
2025.0,26,15.12690035225352,261.0,424.9742339080779,14
2026.0,24,12.459247165554281,263.0,437.1775896962822,12
2027.0,25,13.704473847404467,275.0,454.59967427955075,13
2028.0,24,14.980514310381079,287.0,460.9252978246396,12
2029.0,28,13.265934188047432,299.0,460.9040787712194,17
2030.0,27,15.208774110955915,311.0,462.1239177204484,12
2031.0,26,17.019718070895223,323.0,465.2878356442963,12
2032.0,26,17.13387368755005,335.0,474.17786548542455,13
2033.0,26,16.79215045424848,347.0,479.411173768652,13
2034.0,25,13.92028232568846,359.0,493.7388067685967,12
2035.0,25,12.247458310511938,371.0,512.8161776249566,12
2036.0,24,9.040214507850834,386.0,528.1216820039857,15
2037.0,26,7.437183469455682,195.0,548.3788126086412,15
2038.0,26,9.031735397786646,73.0,569.8236867552242,9
2039.0,26,10.347556422433415,49.0,590.6176428127151,9
2040.0,28,11.448494706554122,58.0,610.388246760852,11
2041.0,33,12.172141770579152,69.0,630.5084328364176,16
2042.0,33,14.555942212900165,31.0,648.8193524749657,8
2043.0,31,13.598588313574142,40.0,418.14960679504986,11
2044.0,31,17.13068406916399,51.0,438.3707419120307,11
2045.0,28,16.209399545821363,60.0,293.0289649850838,11
2046.0,28,17.110744488078012,70.0,310.9428214962362,10
2047.0,27,17.771855166600176,57.0,277.6265633245143,9
2048.0,23,16.847886337916147,66.0,216.31945333666067,9
2049.0,22,13.680840457578567,76.0,224.32933949636967,11
2050.0,20,14.243612813358743,78.0,231.56603113216337,9
2051.0,18,13.218552036983866,88.0,237.01005344785096,10
2052.0,17,9.504320128165256,98.0,241.16966575255702,11
2053.0,22,4.172482863737362,48.0,218.2021888325411,13
2054.0,22,8.530347671199667,10.0,236.46276113804075,2
2055.0,22,13.501464308369648,0.0,252.50407602551306,0
2056.0,22,18.349391047507257,0.0,266.37234164447557,0
2057.0,23,22.68251000551227,0.0,277.8283154408948,1
2058.0,24,23.813311364801923,0.0,289.1918569163457,1
2059.0,23,24.948512572406415,0.0,265.4119101194788,0
2060.0,22,23.82344705115566,0.0,247.29190040838859,0
2061.0,22,17.973391607835943,4.0,231.69209612457087,5
2062.0,19,9.533584508386062,10.0,218.2274306169168,6
2063.0,19,5.706317266697482,17.0,214.06536801902126,8
2064.0,18,2.560996617994632,27.0,217.76197109720493,10
2065.0,25,1.4953382722052115,40.0,235.05236195584416,20
2066.0,25,3.9923377449124877,40.0,258.012726354409,11
2067.0,25,8.41982380384455,28.0,278.7083662147129,7
2068.0,26,12.264360565297704,29.0,297.1191885039806,7
2069.0,27,14.63048420745769,24.0,315.01416647946127,5
2070.0,27,16.90319590598097,25.0,332.6434254335374,3
2071.0,27,19.110759788310418,28.0,349.009477284456,3
2072.0,27,19.891185611648215,35.0,364.9580452619036,7
2073.0,27,15.134134599106174,43.0,363.2762815712214,10
2074.0,26,14.168913479751323,51.0,366.89508927188984,11
2075.0,26,14.073857118211237,45.0,385.33113499702256,8
2076.0,23,11.615130238921283,48.0,362.354700994531,6
2077.0,30,10.268163193657806,56.0,379.2777314861204,15
2078.0,30,11.416955984326352,65.0,387.6057973020511,10
2079.0,30,14.709109078307156,74.0,408.79989343717614,9
2080.0,28,15.606294823961207,85.0,408.6147833527485,11
2081.0,27,12.00498969736786,97.0,352.7830050832159,13
2082.0,27,10.047238696449151,111.0,374.24232898945473,14
2083.0,27,7.536229989809327,127.0,362.5574572885444,17
2084.0,26,6.61237622512313,144.0,354.8839024813506,17
2085.0,27,6.8748008678647565,161.0,377.05685527798505,18
2086.0,25,5.369847358475984,146.0,392.8289728476262,16
2087.0,25,8.597832478011622,134.0,413.4038536936261,12
2088.0,24,7.780553361164781,126.0,421.2933227523579,11
2089.0,31,8.39597628005399,118.0,439.87792279501207,16
2090.0,31,12.556637616932543,123.0,462.80175469357096,9
2091.0,31,17.694443593299606,121.0,482.45559020180553,6
2092.0,31,22.65654827575286,127.0,498.8961827324549,6
2093.0,33,22.67036716804179,133.0,514.477913055032,8
2094.0,33,23.72404409675891,139.0,531.2603725330072,6
2095.0,32,23.647350458379538,147.0,527.135165883815,8
2096.0,29,22.53435633646748,157.0,445.949190080987,10
2097.0,29,21.609750221901034,168.0,447.50098384986694,12
2098.0,27,20.964944136653145,180.0,412.27265361921246,12
2099.0,27,21.137123064622717,192.0,401.77058555944257,13
2100.0,26,21.478946582837843,204.0,388.8827791895471,12
2101.0,32,16.391641655960058,216.0,378.07294103450965,19
2102.0,31,17.671228731482685,228.0,378.9941231319274,12
2103.0,30,18.87952160151767,240.0,380.5415505166509,12
2104.0,29,17.136165015879833,252.0,376.6278581063166,13
2105.0,28,15.182308582346115,266.0,377.48706354033584,15
2106.0,26,10.843944346210003,118.0,377.70184234865513,10
2107.0,25,9.104860295463645,55.0,394.17740183352805,9
2108.0,25,11.544685592934316,57.0,412.7348913822951,8
2109.0,26,12.761668876239247,67.0,425.2096421533655,12
2110.0,26,15.894400364297834,77.0,442.15552116839706,10
2111.0,26,18.50648918899582,87.0,457.6914503497006,10
2112.0,23,15.771596682639334,97.0,336.2660935715541,10
2113.0,28,8.60245159736472,107.0,293.7398401759788,17
2114.0,27,8.987407560760602,50.0,264.51412079978024,6
2115.0,25,11.110982861368168,56.0,232.80742282152372,6
2116.0,25,15.301216912122875,63.0,249.8232093830495,7
2117.0,26,16.077020095132784,70.0,266.0035185796263,8
2118.0,26,18.128197111685733,78.0,282.06680144064984,8
2119.0,27,18.866941695337726,18.0,297.40090097072675,6
2120.0,23,16.323552416847086,21.0,232.81282244423028,5
2121.0,22,14.532389730593486,26.0,228.36582421370522,6
2122.0,20,15.086644606460068,25.0,236.3437845926765,5
2123.0,20,18.376172110134544,30.0,248.9744026893403,5
2124.0,21,20.727579914814626,35.0,260.1858455844104,6
2125.0,26,16.18257752044426,40.0,222.2316732756429,12
2126.0,24,17.549391904903345,45.0,187.96791636442657,5
2127.0,22,19.54041599718263,44.0,183.38917437851356,4
2128.0,22,23.64106108985446,48.0,194.7263621249382,4
2129.0,24,22.42104922222868,52.0,205.75366254980986,6
2130.0,24,21.925107965736338,56.0,219.1191650083827,4
2131.0,22,19.189306635947915,61.0,206.24170937435247,5
2132.0,21,17.740928008427915,67.0,207.85951161702374,6
2133.0,19,11.523901220816773,74.0,186.4567698400996,8
2134.0,19,10.93899318683143,83.0,201.38198738416733,9
2135.0,19,8.489156623544945,93.0,209.65997180508188,11
2136.0,19,10.014386177013016,101.0,224.77238127382634,9
2137.0,26,7.468509557127686,112.0,239.76903788075774,18
2138.0,24,5.3233087388404865,123.0,247.4650979897202,11
2139.0,24,7.5428172532420685,122.0,267.6896692239192,10
2140.0,25,10.245093336907358,118.0,286.30880240574373,9
2141.0,26,12.410770011332628,121.0,304.6120081263019,7
2142.0,26,14.455948374466479,127.0,322.85591197687023,6
2143.0,26,16.80140517496204,135.0,339.9003443484738,8
2144.0,26,19.56987407431038,145.0,355.51720392471174,10
2145.0,26,16.456267580185624,155.0,342.2420972809439,12
2146.0,24,13.450236351006025,166.0,354.2382106030268,11
2147.0,24,14.510677275053517,172.0,371.3293016497474,10
2148.0,24,15.480494442706508,182.0,388.08052106009075,10
2149.0,31,13.94568456130582,192.0,403.6717044940585,17
2150.0,30,14.82724182907056,202.0,383.3643149064584,11
2151.0,30,18.403205443665176,212.0,402.77101232919716,10
2152.0,26,17.010575133167517,222.0,359.5681608221675,10
2153.0,27,18.133390920137177,233.0,376.1659078851235,12
2154.0,26,17.19931553744906,245.0,380.35401668082295,12
2155.0,27,16.241573643722475,258.0,397.92349281151417,14
2156.0,26,15.831200976077058,273.0,405.8944493411246,15
2157.0,27,15.786078111425676,289.0,423.7505689222048,17
2158.0,26,15.785099360428601,305.0,438.07683202676117,16
2159.0,24,14.322620584493842,321.0,434.25245360800795,16
2160.0,23,10.87910144305555,337.0,437.9092526082431,17
2161.0,28,9.446658657816766,353.0,455.73324110713264,21
2162.0,27,9.97815621992836,369.0,473.1802095852583,16
2163.0,27,12.002725151235664,385.0,493.83313558064617,16
2164.0,26,12.255634980532237,401.0,510.3486962207188,16
2165.0,28,11.586782057992949,417.0,529.9813650610716,18
2166.0,27,8.534652323692333,433.0,548.5072662231992,16
2167.0,27,8.437974389870016,247.0,570.8339935334664,14
2168.0,27,9.926270955660492,138.0,592.222330102671,12
2169.0,28,12.091738953209994,117.0,612.0712683620824,11
2170.0,29,12.447149062693223,128.0,627.9041712298948,13
2171.0,30,14.625935296096632,140.0,647.5329983047391,13
2172.0,30,16.927387126736292,152.0,666.6719103578006,12
2173.0,32,9.873327138871119,165.0,441.50912814841354,20
2174.0,32,12.81409924245442,78.0,464.9562333859969,9
2175.0,29,13.862411877648764,15.0,377.9827618463001,4
2176.0,29,15.866842957225513,20.0,352.2001828054366,6
2177.0,28,16.737950284377174,26.0,324.75990195831446,7
2178.0,28,20.275216477753546,32.0,341.3986609332847,6
2179.0,26,21.68263037726312,39.0,349.0268579749268,7
2180.0,22,21.299211748615658,47.0,235.6603964459014,8
2181.0,22,18.859214959793132,56.0,206.51383062802444,11
2182.0,16,9.922649375372904,58.0,138.2237152339548,8
2183.0,13,7.370053438164944,18.0,136.30221617721838,4
2184.0,13,12.074027412693225,6.0,146.0558343532811,2
2185.0,20,10.746616346801472,5.0,154.64127943326537,8
2186.0,21,15.902696801507354,6.0,167.81538808166636,2
2187.0,21,21.876338684863576,7.0,179.44787855339825,1
2188.0,21,27.968310308668038,8.0,188.42545179001914,1
2189.0,20,28.98844382457466,9.0,156.34316044408655,2
2190.0,20,27.039849300467143,10.0,165.2274359321909,1
2191.0,21,26.295558184723518,12.0,173.89090121871,3
2192.0,20,25.060052496460234,14.0,170.2150520020903,2
2193.0,21,21.380443140251955,17.0,181.0329858450944,4
2194.0,21,18.553842473757555,23.0,194.04146852910142,6
2195.0,20,15.567979120877583,30.0,200.30356743783602,7
2196.0,18,8.94601668515906,37.0,190.84125035548246,8
2197.0,25,6.03766555201045,46.0,205.6905148170385,16
2198.0,25,7.621343303738588,58.0,226.69751894041332,12
2199.0,25,10.843125044993739,54.0,246.06326028690452,8
2200.0,24,12.41036235875636,55.0,260.05156534722033,6
2201.0,26,12.013261399183817,61.0,277.6476343887714,8
2202.0,26,13.224124594225998,67.0,296.5316732082928,6
2203.0,26,16.168639284599287,68.0,313.81326980300526,6
2204.0,26,18.940145675103814,77.0,329.61008369762067,9
2205.0,25,18.51878123496313,87.0,285.31517524159216,11
2206.0,25,19.93640613647431,98.0,300.0418934744909,11
2207.0,24,18.85859155914453,109.0,269.18319605792016,12
2208.0,24,21.090702244218146,120.0,282.9675383357393,11
2209.0,29,15.315312171021407,131.0,261.48103455248383,18
2210.0,29,17.70398241124996,142.0,280.166245041129,11
2211.0,28,18.83531481158895,153.0,287.82679883373424,11
2212.0,27,17.698797551773556,164.0,279.40954391053066,12
2213.0,26,14.896215966638293,175.0,277.22172485974636,12
2214.0,26,14.046146005652401,186.0,295.92067924819935,11
2215.0,24,11.617759721979683,199.0,303.5677350174389,13
2216.0,24,12.290039697043397,215.0,321.74787699242285,16
2217.0,25,10.353908885554242,232.0,336.29300940500246,19
2218.0,24,10.365743775753288,249.0,351.8238594428478,17
2219.0,24,11.308833553383835,266.0,370.60221589725194,17
2220.0,24,11.977092665677107,283.0,389.113789468498,17
2221.0,30,8.391643248078733,300.0,403.4195444960479,24
2222.0,30,8.956013478114928,317.0,423.46725088166176,18
2223.0,30,11.3763420147502,334.0,446.8309258043016,17
2224.0,29,10.589776547414328,351.0,466.09699243499955,17
2225.0,30,8.198913944156843,368.0,490.19116247428576,18
2226.0,30,7.084328723467172,386.0,515.9081606174952,18
2227.0,31,7.509869165285164,269.0,541.1835454279918,18
2228.0,30,6.86179721820392,236.0,563.308100183407,16
2229.0,31,8.550675349822784,250.0,587.7723008163301,17
2230.0,30,9.027799623543945,266.0,609.2959461531199,16
2231.0,30,11.516064036705744,282.0,632.4672334408829,16
2232.0,30,12.136715609514336,206.0,599.9106490622394,13
2233.0,36,10.2325903915967,205.0,578.4218971744572,17
2234.0,34,10.289454615965873,217.0,531.4176123199372,12
2235.0,32,11.477747536387831,211.0,515.579835657192,10
2236.0,30,12.595304276405793,68.0,494.9977377517892,7
2237.0,32,16.21973877222713,8.0,514.6682319116646,5
2238.0,30,17.4258474801159,9.0,474.3374256879174,3
2239.0,28,19.2597735267842,12.0,431.5238295348113,3
2240.0,27,21.95392580992412,17.0,433.2091349762719,5
2241.0,27,20.58366005370442,23.0,434.1010501539786,7
2242.0,22,14.88138918756255,20.0,263.46130671214763,5
2243.0,22,15.1005329522187,12.0,274.03849141141694,5
2244.0,18,15.035185115305367,2.0,192.5948809392154,2
2245.0,25,14.696733949339377,4.0,203.5842039694079,9
2246.0,25,20.670600923647324,6.0,218.60776741103774,2
2247.0,23,22.4991886830526,8.0,199.33322144979778,2
2248.0,24,24.263007460233258,10.0,210.82875119395445,3
2249.0,21,20.102354211822494,12.0,167.19607542413092,3
2250.0,20,16.059177556258376,14.0,157.67247155377507,2
2251.0,19,12.078814951866368,19.0,158.65196276445866,5
2252.0,19,10.440220673475523,30.0,173.75061313697356,11
2253.0,20,6.322644906403328,37.0,185.8522650955625,11
2254.0,19,5.233510569828307,35.0,199.905356288811,6
2255.0,19,9.337765606519598,38.0,215.41931690927854,6
2256.0,19,13.471178436730494,44.0,229.39691087001344,6
2257.0,26,12.85104464309114,50.0,241.80106312098633,13
2258.0,27,15.808226072987997,56.0,259.28941188890735,7
2259.0,25,17.06289990117005,63.0,259.3086763062156,7
2260.0,25,19.261577117272072,70.0,274.73318593613595,7
2261.0,26,17.249274927955565,77.0,290.7968749391174,8
2262.0,26,15.044469563846755,86.0,309.1075747370066,9
2263.0,26,11.33115036665275,96.0,308.0060473757113,11
2264.0,25,10.020287163750838,110.0,303.0275003206938,14
2265.0,26,9.804001518918218,125.0,322.82324493133245,16
2266.0,23,4.059328995485517,141.0,319.6799309468309,16
2267.0,23,4.264754996798281,120.0,340.48100834895786,15
2268.0,24,6.077604830742962,104.0,360.3197839920358,11
2269.0,31,7.4975027251246065,106.0,379.42165736694403,15
2270.0,31,11.959986679001126,112.0,402.822617344044,7
2271.0,31,17.050601577906143,119.0,423.0977046575935,7
2272.0,31,20.35325485182357,126.0,441.4098496583626,7
2273.0,32,18.875050970079787,133.0,431.0169690892023,9
2274.0,30,16.101540800407253,142.0,408.21876018399445,9
2275.0,29,14.102948217096095,153.0,406.51008251494306,11
2276.0,28,12.978315112825138,168.0,402.26097713980033,15
2277.0,26,8.389140622635212,183.0,375.12470727892116,16
2278.0,24,5.084068443038343,176.0,389.6274216859416,13
2279.0,24,5.316397307007885,183.0,396.7784042523992,12
2280.0,24,8.733389937406676,191.0,416.42763196675355,10
2281.0,31,9.267409247574982,202.0,434.41885610557705,18
2282.0,31,13.258858971799173,213.0,456.857871379474,11
2283.0,31,16.551133637623696,208.0,477.2944723107881,9
2284.0,32,16.932028015194476,218.0,497.2988145161808,11
2285.0,33,16.774345501831853,228.0,518.2589190314303,11
2286.0,33,16.295706358623377,240.0,540.6700628316562,12
2287.0,33,15.94440939519126,254.0,563.4423218660964,14
2288.0,31,14.321216139526035,271.0,527.2153036146256,17
2289.0,31,11.2541377909472,289.0,531.3621952919215,20
2290.0,27,5.997374917955453,308.0,491.0669459198679,19
2291.0,27,7.687072741255722,302.0,513.834077320189,16
2292.0,25,7.059373715583282,300.0,507.1914643387386,12
2293.0,30,8.216894655199695,310.0,527.0407581585476,17
2294.0,31,10.343501552485627,322.0,550.4544050633076,13
2295.0,31,13.290093612570633,334.0,573.0765525912987,12
2296.0,31,15.42079034832586,347.0,594.2857206857615,13
2297.0,31,14.779790044554199,160.0,588.01590248152,10
2298.0,28,11.815409744044928,49.0,565.2586787342585,6
2299.0,29,13.005807036518558,26.0,585.6347276850914,6
2300.0,29,13.096271865578291,33.0,566.2963455107484,9
2301.0,30,15.794478516942418,42.0,585.8120997795191,10
2302.0,28,17.59456940513191,21.0,596.6740476067681,7
2303.0,24,18.26162035515613,15.0,377.50007691242456,4
2304.0,23,19.362566778148214,20.0,380.45851076837045,6
2305.0,27,14.343184161615886,25.0,287.6980941502067,12
2306.0,26,17.019019753031888,30.0,262.56385204271044,5
2307.0,24,18.35612762594762,21.0,236.57868567756552,3
2308.0,24,19.461668465366873,24.0,251.01999380332512,3
2309.0,24,15.744159498993245,28.0,258.14703147362474,6
2310.0,24,16.800339880645577,32.0,273.756542454065,4
2311.0,24,18.169230047530256,39.0,288.727573209428,7
2312.0,23,18.278065812204133,48.0,282.944467685575,9
2313.0,24,16.843911155387044,59.0,297.8414558663924,12
2314.0,21,10.370096976934443,33.0,273.88485221153667,10
2315.0,19,9.493266926985923,16.0,264.16821690061244,5
2316.0,18,10.018487926375558,14.0,262.09592471204,5
2317.0,24,10.247683227027165,18.0,275.35141224931317,11
2318.0,24,16.03142188518452,15.0,291.82741599110403,3
2319.0,25,20.792277432135126,0.0,305.6102888481345,1
2320.0,24,23.48914442935858,0.0,250.83917044509255,1
2321.0,24,27.68703040112917,0.0,261.5233335969789,0
2322.0,24,26.69276555484223,1.0,252.55785218668612,2
2323.0,23,25.185102005869318,2.0,237.2140916310814,1
2324.0,23,24.529373800521025,6.0,249.09982267377697,4
2325.0,23,17.977154696773788,11.0,232.66610001453117,7
2326.0,21,13.378312792703387,17.0,241.37646377327872,6
2327.0,21,14.26084883651466,15.0,256.4862706969797,4
2328.0,21,17.275112980336317,19.0,270.31625505989916,4
2329.0,26,13.862439099303142,23.0,244.14667098625137,11
2330.0,25,15.26742717083603,27.0,237.45886223696564,5
2331.0,25,20.221546128161368,31.0,252.702853304264,4
2332.0,25,24.606878434036975,35.0,265.8135022300681,4
2333.0,25,25.495416040500714,39.0,249.06750088453092,5
2334.0,24,25.214419562409606,43.0,229.91331003702706,4
2335.0,24,23.73586262396503,47.0,220.58523655559532,5
2336.0,23,23.00684525627231,55.0,206.50898565847288,8
2337.0,23,21.99748048940277,64.0,197.83398031526636,10
2338.0,22,22.02336115714864,74.0,195.523848451676,10
2339.0,21,22.045598037145975,84.0,199.65785120418485,10
2340.0,20,18.97021912580733,94.0,187.84723349031344,11
2341.0,25,12.282323433023175,104.0,180.40914453138066,17
2342.0,24,13.918982153611358,114.0,191.85205359204517,10
2343.0,23,15.600625922290718,124.0,203.67777034870227,10
2344.0,22,16.460400489468174,134.0,214.1346145210027,10
2345.0,24,12.867549137494136,144.0,229.91193494980294,12
2346.0,23,11.069945866360653,155.0,243.70109676574415,11
2347.0,23,11.810064211819187,168.0,261.11551736243837,13
2348.0,23,13.062821954027628,182.0,277.848482728688,14
2349.0,23,11.014347369543577,197.0,291.44239930430996,16
2350.0,23,9.706622609004496,212.0,304.9230471118563,16
2351.0,23,10.404179923141864,227.0,322.8098913154943,15
2352.0,23,10.881382691689755,243.0,340.44106163747813,16
2353.0,29,7.243164120888811,259.0,354.9344073053001,23
2354.0,29,9.238082661276406,275.0,378.1909372034679,16
2355.0,29,11.335861433885231,239.0,400.12906863351463,12
2356.0,29,11.130028173779445,252.0,417.4388756566272,14
2357.0,30,9.77540994932523,265.0,440.0747083636765,14
2358.0,30,10.937902490878344,279.0,463.00868914820506,14
2359.0,30,12.331179878909337,296.0,485.11891226737555,17
2360.0,30,14.263707542494503,314.0,506.030184997588,18
2361.0,29,9.21783668471826,332.0,459.67133488862527,20
2362.0,27,5.833714049700073,350.0,467.15366823960943,18
2363.0,25,5.350155879975578,221.0,482.306268559826,12
2364.0,25,9.1001552817704,184.0,502.64811888697375,8
2365.0,32,9.92590372274151,193.0,521.1348653390377,16
2366.0,33,13.22464477157588,202.0,544.2434443106234,10
2367.0,33,17.92325725889113,60.0,565.3172595655058,5
2368.0,33,21.818273769005845,5.0,583.796800951922,2
2369.0,30,21.54832651007987,6.0,494.0551677442893,3
2370.0,28,21.316206690861662,8.0,428.859099836455,2
2371.0,24,19.29304348413185,12.0,360.5117536522769,5
2372.0,24,22.594940882375408,19.0,374.1319681194463,7
2373.0,19,14.237394510751725,26.0,201.74862022947724,8
2374.0,18,15.973581851630094,15.0,198.18643241488982,5
2375.0,14,12.045282634560552,4.0,131.19816861115817,2
2376.0,14,13.116926001487313,7.0,134.6478850968217,4
2377.0,21,11.382148887366863,10.0,143.78759926770238,10
2378.0,21,16.931655429916738,13.0,157.55763436600265,3
2379.0,21,22.976523964638876,10.0,168.76852987008365,2
2380.0,21,27.17318541899528,12.0,178.22547225522774,2
2381.0,23,25.01008389186976,14.0,187.64950559916292,4
2382.0,23,22.217458146736107,16.0,200.55495097760095,2
2383.0,20,18.202635866141684,20.0,163.40611924417632,4
2384.0,19,15.275660051743543,26.0,157.58830012632524,6
2385.0,19,11.548033326939363,36.0,159.15308595677837,11
2386.0,18,3.7390117201942967,47.0,167.0179918650642,12
2387.0,18,1.9567684509830627,60.0,184.2855718511802,13
2388.0,18,2.64065767760286,73.0,201.27695131884875,13
2389.0,25,2.5307375533042418,88.0,217.9261002876554,22
2390.0,25,6.085892967577299,78.0,239.74179487439977,11
2391.0,25,9.963166045131155,57.0,259.53473758642394,6
2392.0,26,12.936322670784858,57.0,277.5160685417284,6
2393.0,27,15.015021111993715,62.0,295.01532879779774,6
2394.0,27,18.02668228593684,68.0,311.78722767734735,6
2395.0,27,19.689201214182454,75.0,327.6397127785813,7
2396.0,27,19.770070733618756,84.0,343.4835719618728,9
2397.0,27,14.701960064679321,94.0,332.81601771981366,12
2398.0,26,12.719782196579297,105.0,349.0352427796834,11
2399.0,24,10.632065601923863,98.0,343.2786365763686,9
2400.0,23,10.992407105917408,105.0,343.8623427623857,8
2401.0,30,10.336913078200958,113.0,360.4398858117326,15
2402.0,30,11.705062843990037,121.0,368.4646216131904,9
2403.0,30,15.446243165445042,129.0,388.53206068177843,8
2404.0,30,19.563856977536965,137.0,405.9735600365289,8
2405.0,30,19.259851910936884,145.0,396.63562599629944,9
2406.0,29,18.600066168372628,153.0,382.6798126022666,8
2407.0,29,17.126936849158163,161.0,380.14863697274916,9
2408.0,28,17.853432323103608,173.0,373.0047609560631,12
2409.0,28,17.146627193017572,186.0,374.27819958416376,14
2410.0,27,17.378855675551247,200.0,372.1438274031695,14
2411.0,26,17.09177529227137,214.0,376.2060140344161,14
2412.0,26,14.602497392521798,219.0,382.7938897535335,13
2413.0,32,9.156642932656165,231.0,383.0031031074868,19
2414.0,31,9.645030113769966,244.0,394.64991329823357,13
2415.0,30,10.659722289710269,258.0,407.30684651696816,14
2416.0,29,10.159137802493557,274.0,423.94095034240587,16
2417.0,31,8.916023017817402,292.0,447.14759265681096,20
2418.0,29,6.450015411979474,311.0,449.96761064902915,19
2419.0,28,6.93364751156897,263.0,471.10774745174035,17
2420.0,28,8.7940300907849,277.0,494.3648460470694,16
2421.0,28,7.696357769633106,294.0,514.0725466495454,18
2422.0,28,7.723811547465816,284.0,533.5623376881896,14
2423.0,28,11.07241090374498,289.0,555.4550586723296,12
2424.0,28,14.025574234091696,302.0,575.7309971362815,13
2425.0,30,11.019038225959534,315.0,525.2090918523743,18
2426.0,29,11.922343470319328,328.0,516.418678755117,13
2427.0,27,12.797182488365149,323.0,518.5119261371468,11
2428.0,27,15.454106724724506,132.0,519.2071616832727,7
2429.0,27,17.665195127816702,26.0,511.7075431714637,4
2430.0,27,19.833638331982467,2.0,527.833059066834,1
2431.0,28,17.958434726266308,4.0,526.2567387249728,4
2432.0,28,21.138273644828544,8.0,542.273746857428,4
2433.0,30,20.892088686522413,12.0,557.5588705064667,6
2434.0,26,16.67378071838886,18.0,344.421722019177,6
2435.0,26,16.63831146251633,25.0,361.3711710659664,7
2436.0,23,14.819095390387425,36.0,265.85478295173425,11
2437.0,29,11.371487919094829,34.0,252.49389053014556,16
2438.0,26,7.128016374470019,45.0,221.43753098886071,12
2439.0,25,7.82408029009697,58.0,238.70627880073928,13
2440.0,24,11.60877644334504,21.0,254.24496288479074,6
2441.0,25,15.821001391211986,0.0,270.36898676130795,1
2442.0,25,19.106781899640325,0.0,285.78699367168616,0
2443.0,24,20.172283072223962,0.0,274.1936278453226,1
2444.0,24,24.89927639903023,3.0,286.1672369940549,3
2445.0,25,27.228674027414225,6.0,296.40300796550036,4
2446.0,21,27.82062875588935,10.0,252.87125282818695,4
2447.0,19,30.498608431467662,14.0,206.5177910771073,4
2448.0,19,30.738363833957205,10.0,200.24655070208811,3
2449.0,23,18.16182670231082,12.0,146.217175204032,9
2450.0,23,18.214245826988517,14.0,160.87813079180177,2
2451.0,23,17.992306366160197,18.0,175.6225917120209,4
2452.0,23,19.71229097436826,23.0,189.56496382217006,5
2453.0,24,17.98334034269551,29.0,194.57589568767807,8
2454.0,22,14.353786622634377,32.0,184.6815994258663,5
2455.0,20,10.86320131025587,40.0,182.88885229812036,8
2456.0,20,11.385183836540774,51.0,198.1721039875974,11
2457.0,20,7.514482689828903,63.0,210.9690528394969,13
2458.0,20,5.651495756639876,50.0,224.8576899073993,10
2459.0,20,7.713995014770313,49.0,241.64302319328482,7
2460.0,20,10.109100818809333,54.0,257.50329638670956,7
2461.0,27,9.61479045009753,61.0,272.2550875292178,14
2462.0,27,13.923400356436119,65.0,291.6060397201065,6
2463.0,27,18.950658390317482,71.0,308.146126033395,6
2464.0,28,22.070252570600864,77.0,322.46593392778954,7
2465.0,27,21.439270080622407,83.0,275.5243343093172,7
2466.0,27,21.5183357357633,89.0,290.2882701226441,6
2467.0,25,19.41886075031832,96.0,259.34395020792914,7
2468.0,24,18.352074151481332,105.0,254.58848060099118,9
2469.0,25,13.825435513881313,115.0,256.58843410497116,12
2470.0,25,13.082260474702528,125.0,274.69405148176617,10
2471.0,23,10.861233490202556,137.0,266.6203321477647,12
2472.0,23,12.198284192979903,151.0,283.7212377130327,14
2473.0,29,8.959637542384092,165.0,294.4636370155439,21
2474.0,27,5.490504363886599,180.0,298.940654086121,16
2475.0,27,6.528820680847342,195.0,322.40476726349794,15
2476.0,27,9.40480609046133,193.0,344.33226838558244,12
2477.0,28,9.08797755502327,195.0,366.17424150910296,11
2478.0,28,9.512014571543947,205.0,388.6378855754831,10
2479.0,29,9.342348442628447,217.0,410.9092463625401,13
2480.0,29,11.586684188994465,234.0,432.80002107521733,17
2481.0,30,12.858636172594764,249.0,453.6550983320743,17
2482.0,29,13.921744640236506,265.0,450.3888472760124,16
2483.0,28,14.973030758488589,281.0,449.88670457386496,16
2484.0,29,15.638413314747623,297.0,468.4839680521105,17
2485.0,34,11.607481530146284,313.0,454.85047441709145,23
2486.0,34,13.838382318103731,329.0,479.3592096675927,16
2487.0,32,14.723119717210878,345.0,482.9328043033204,16
2488.0,31,14.814610097824007,362.0,497.70734514704554,17
2489.0,32,12.973455538411647,379.0,507.24950351293785,19
2490.0,31,10.208561336514718,398.0,522.3297162889522,19
2491.0,30,7.841906148090735,418.0,543.1872584288526,20
2492.0,30,7.639986547886823,439.0,568.4871963488632,21
2493.0,30,7.341394003653528,287.0,586.2576522686178,20
2494.0,31,8.38180235005427,222.0,610.8624547719154,17
2495.0,30,9.39233793967467,224.0,631.2313152035086,14
2496.0,30,11.673345137848928,238.0,654.0794608596597,14
2497.0,36,10.223426375116468,253.0,671.459446714507,22
2498.0,36,13.08262674115009,268.0,697.9127032770874,15
2499.0,33,13.456531740933379,79.0,565.3283903103996,7
2500.0,33,15.074199874596749,22.0,541.7695216650666,5
2501.0,30,15.138816486314655,27.0,448.55150160423676,6
2502.0,30,18.979713760384982,33.0,467.6532155591419,6
2503.0,28,21.686775496012178,40.0,459.8317088966561,7
2504.0,28,25.39013042577618,48.0,474.30665213025566,8
2505.0,21,15.050212213208225,56.0,257.5447902827219,10
2506.0,20,16.4151087540244,20.0,232.371803171769,5
2507.0,14,8.251680754484601,4.0,145.0372859200096,3
2508.0,14,14.508457183007469,4.0,154.94192765000582,2
2509.0,21,13.122714038235115,6.0,163.35638131720492,9
2510.0,22,18.50319082027019,8.0,176.13978702636163,3
2511.0,22,24.279115736667983,10.0,187.4024971442224,2
2512.0,20,27.68406721352487,12.0,158.29983207220482,2
2513.0,21,29.639567080520866,14.0,165.70684740954692,3
2514.0,21,25.634615351936482,16.0,175.70194006551318,2
2515.0,22,21.864795467834302,19.0,186.74383854098744,4
2516.0,22,18.90186674056499,24.0,200.0680794043465,5
2517.0,23,16.651590405536194,32.0,214.22684016898225,9
2518.0,22,16.021848496394533,40.0,214.62716159910605,8
2519.0,21,15.244998093490546,50.0,224.63572943170328,10
2520.0,19,9.513691019770748,62.0,211.18285182182927,13
2521.0,26,5.488516111739767,74.0,227.36750347451442,19
2522.0,26,6.563004909240324,87.0,250.0175228296556,13
2523.0,25,8.746795895839966,81.0,266.68277658302634,10
2524.0,25,10.986542845326134,80.0,286.46262914130415,8
2525.0,27,10.364250323185066,84.0,306.13331208638215,9
2526.0,27,10.473549976872432,93.0,327.6876325548197,9
2527.0,27,13.204037915802223,39.0,347.7743851832646,7
2528.0,27,15.425080953018254,43.0,366.551880551919,8
2529.0,27,14.253399643127667,52.0,351.8298364389926,10
2530.0,27,13.195757252972193,61.0,341.7040330990542,10
2531.0,27,15.243733382320412,71.0,360.3313896637019,10
2532.0,25,16.132030083792202,83.0,332.80700380749647,12
2533.0,28,8.928635152877451,95.0,249.71958453093222,19
2534.0,26,7.772022669665993,108.0,235.12556047547085,13
2535.0,24,6.735391251477154,72.0,239.0104624900041,8
2536.0,25,9.925194901165174,67.0,258.2108431033184,7
2537.0,26,12.888563679541946,71.0,276.71177937748183,6
2538.0,26,15.586961848925448,78.0,294.9567462352295,7
2539.0,26,18.70049583305897,86.0,311.72587441440635,8
2540.0,26,20.309531715948214,95.0,327.8087082409058,9
2541.0,27,17.172876565029668,105.0,341.2116073035163,12
2542.0,24,12.017173930203086,117.0,325.610239145455,12
2543.0,24,12.56301598429936,103.0,344.05765276082764,8
2544.0,22,10.891528145515215,108.0,319.1735678251941,7
2545.0,29,10.45280027916893,115.0,335.03897859295205,14
2546.0,30,12.759914097465547,124.0,356.2636360718351,10
2547.0,29,16.44091185196039,133.0,360.7504243629838,9
2548.0,29,19.212067111871868,142.0,378.51620707891163,9
2549.0,27,14.168346650016156,151.0,352.7647063750346,10
2550.0,26,11.529384048089042,160.0,346.62191815654484,9
2551.0,26,9.50116730781108,173.0,343.6872361643954,14
2552.0,25,8.625201303251012,188.0,346.24418729159424,15
2553.0,24,4.90236113658217,205.0,359.778449465601,18
2554.0,24,6.360169278510321,194.0,380.7205727185298,14
2555.0,24,8.540243513028901,187.0,400.5818469163554,11
2556.0,23,7.343133906930857,191.0,408.6246392972929,10
2557.0,30,7.864372889770683,200.0,426.84682963883347,16
2558.0,30,11.641946456400131,210.0,449.82454858892635,10
2559.0,30,16.19483039230476,62.0,470.1358960848896,5
2560.0,30,18.63153942506734,3.0,489.1133835972279,1
2561.0,32,17.855715503049126,5.0,507.9536673072947,4
2562.0,32,19.485677106781058,9.0,527.8810681951669,4
2563.0,31,20.13620886124976,15.0,527.9354463572532,6
2564.0,30,21.414536172821563,22.0,519.1492812850174,7
2565.0,26,14.697775468953198,32.0,341.0932457276668,11
2566.0,25,10.647360205086205,43.0,352.5077209350304,12
2567.0,21,5.132300083769166,30.0,285.6057782576465,9
2568.0,20,5.869842140298792,30.0,274.3298303762513,9
2569.0,27,6.266431029158557,39.0,290.9257115714466,16
2570.0,27,11.144383654402882,24.0,311.8230476622145,6
2571.0,28,15.426611032572298,14.0,330.0003513870889,4
2572.0,28,19.96892731731307,17.0,346.595938057614,3
2573.0,28,22.649753187936675,21.0,330.7619591703887,5
2574.0,27,24.21337090215613,25.0,308.98706156973265,4
2575.0,27,24.656665007720356,29.0,322.63240118951916,4
2576.0,25,22.311261111390202,34.0,287.8766188157802,5
2577.0,26,17.98944990648218,43.0,289.0804951777141,11
2578.0,23,12.474923155699834,53.0,285.0263250412083,10
2579.0,22,10.793708740629551,42.0,286.0401819524606,8
2580.0,21,10.460427265491951,45.0,280.12608519980864,6
2581.0,28,9.218661649434532,53.0,296.0266863845369,15
2582.0,28,10.844789461881792,61.0,303.3067124878573,9
2583.0,28,15.132996008993576,63.0,322.8420633903172,6
2584.0,28,19.377155706088935,69.0,339.9823776926065,6
2585.0,28,20.8567111659258,75.0,324.7573688275793,7
2586.0,27,20.726935316567218,82.0,313.5523810107991,7
2587.0,28,20.41646449425911,90.0,329.5055914789479,9
2588.0,26,20.52144594237778,102.0,297.77230312478,12
2589.0,25,19.381157659632965,114.0,276.76925123157895,13
2590.0,25,21.025372424234234,126.0,291.6938739661173,12
2591.0,24,21.173772314003752,138.0,291.2512788428583,12
2592.0,24,19.977985994582088,150.0,286.4968267752892,13
2593.0,29,13.861945830461869,162.0,272.52940983299965,19
2594.0,27,13.07304159787428,174.0,276.6719762277076,12
2595.0,26,12.945206008752567,186.0,287.1871750764506,12
2596.0,26,15.011586384819532,139.0,305.2455533981111,8
2597.0,26,11.172240045162171,148.0,311.5062803621204,11
2598.0,25,9.756554224645932,157.0,326.4675913389196,9
2599.0,25,10.16991109333931,167.0,346.130168654572,10
2600.0,25,12.083467466438362,179.0,364.7319619707025,12
2601.0,26,12.633703894956707,193.0,382.726846052172,15
2602.0,23,8.65120630661358,173.0,315.61167274553156,11
2603.0,23,9.765510958275923,183.0,334.02063576032856,10
2604.0,21,9.636658235201722,179.0,340.44535298121826,8
2605.0,28,9.314485202285697,188.0,356.1865648138772,16
2606.0,28,13.164371210356254,197.0,376.74299893167074,9
2607.0,29,16.336457909687933,206.0,395.1751984197476,10
2608.0,26,16.210882730125093,215.0,361.4565461286122,9
2609.0,26,15.45493632855787,227.0,367.7774526882449,13
2610.0,26,14.634766764025976,239.0,386.21115172465863,12
2611.0,26,13.89369711676059,251.0,405.06877562475853,12
2612.0,25,10.630445590280763,264.0,416.20976229167087,13
2613.0,26,6.984820609043192,280.0,433.09545496366593,18
2614.0,24,3.7698046701548122,298.0,439.23047977918986,18
2615.0,24,5.050960199729918,292.0,460.8224561880371,14
2616.0,24,6.839545304727047,301.0,481.5130951323866,13
2617.0,29,7.287870213591889,313.0,501.21880113639355,18
2618.0,30,9.541328697083022,324.0,524.4184016918889,13
2619.0,30,12.537041228093354,321.0,546.8835717482796,10
2620.0,30,16.439357087978905,135.0,567.0732646674678,6
2621.0,30,17.876733857335225,27.0,561.5380366806774,4
2622.0,29,17.8057194421908,5.0,560.6936170484319,4
2623.0,31,17.753286905029352,9.0,561.1998246884772,7
2624.0,30,20.480820817700746,14.0,563.9506853149736,5
2625.0,28,19.728544346402522,21.0,538.8125189462788,8
2626.0,24,16.828042912989385,30.0,444.26832591400756,9
2627.0,21,15.66019372055879,21.0,319.48541990596317,6
2628.0,20,14.732904877600316,14.0,261.56572902482856,4
2629.0,25,11.587190897090428,16.0,203.169074551961,10
2630.0,24,14.87302892818822,20.0,200.79500000754567,4
2631.0,23,18.801935603283304,24.0,194.50305858949005,4
2632.0,22,21.58055198252572,7.0,203.30805657501895,2
2633.0,23,20.068384673045728,4.0,211.60963651939736,3
2634.0,21,17.752421206862056,6.0,200.9838161996592,2
2635.0,21,21.014791036498185,8.0,212.991798941919,2
2636.0,21,24.48702181568386,13.0,223.47508992656412,5
2637.0,19,20.871480793583476,19.0,200.2779585443837,7
2638.0,19,20.00450517071535,8.0,187.20633649018487,4
2639.0,18,18.89121051504408,11.0,178.0535094226418,3
2640.0,15,12.445582893737436,14.0,165.19196395732405,3
2641.0,22,8.008905961897302,18.0,176.66719016276627,11
2642.0,22,10.359024944889782,23.0,194.2338832388827,5
2643.0,23,12.949228829940871,15.0,210.48663428137203,3
2644.0,23,17.575228844683092,18.0,225.63021430752315,3
2645.0,23,17.8658697499159,19.0,215.65438863156027,3
2646.0,23,17.991637701268772,21.0,230.29536427278668,2
2647.0,23,18.94100527269341,23.0,244.37957973369117,2
2648.0,23,19.901795884689818,28.0,258.1074690451573,5
2649.0,25,17.694710897403958,34.0,272.2958368204872,8
2650.0,24,16.464179840912177,41.0,277.450821270631,7
2651.0,24,16.857095489236144,49.0,293.6472497725005,8
2652.0,24,17.569764719837945,58.0,309.57577116923994,9
2653.0,30,11.808905540056797,69.0,302.89173992902147,18
2654.0,28,8.58278412066146,81.0,306.76407182208465,13
2655.0,27,7.955301553736637,94.0,310.0673336216823,13
2656.0,27,10.556545166655424,74.0,331.34367671733855,10
2657.0,27,10.241567254056347,75.0,339.92655140015245,9
2658.0,27,11.614973417503927,80.0,360.5850668844128,7
2659.0,28,14.017645823209728,89.0,379.7497413706055,10
2660.0,28,16.941715364136503,100.0,398.2313800730392,11
2661.0,29,17.439481158514255,111.0,415.9747023921239,12
2662.0,26,12.57039972817871,122.0,393.5180662996427,11
2663.0,23,7.672232456488615,136.0,348.9916025608659,14
2664.0,23,7.234008334481149,117.0,338.39995676820064,12
2665.0,29,5.8856548613895265,115.0,330.7706419025979,16
2666.0,29,9.018754056058139,121.0,354.49831437138005,8
2667.0,29,13.038289556585243,130.0,375.87295259941845,9
2668.0,29,17.55215195905782,139.0,394.6248093461439,9
2669.0,31,17.3660570230891,148.0,412.8168435910984,11
2670.0,29,13.411031926424487,157.0,413.62596621188635,9
2671.0,29,12.364765060736781,170.0,435.8577213815132,13
2672.0,29,12.65272682098459,185.0,457.8528946678649,16
2673.0,28,9.22638802968469,204.0,463.1226188837084,20
2674.0,27,5.8060920983561255,223.0,463.4982016351721,20
2675.0,27,7.27966933717456,204.0,486.417798981689,15
2676.0,26,7.525376098824357,209.0,498.872407083271,14
2677.0,33,8.021357969435766,213.0,519.3428050731364,19
2678.0,31,9.069169533134037,225.0,531.1022423348215,12
2679.0,32,11.411575993534049,237.0,554.9048749668442,13
2680.0,32,14.71693917684428,231.0,577.6955514136458,10
2681.0,32,15.9970938328798,228.0,558.059756764028,11
2682.0,31,15.515688037002132,237.0,544.3059944709778,10
2683.0,30,13.569062278135421,250.0,533.8874966603269,13
2684.0,29,12.890507779924823,263.0,525.6714344199341,14
2685.0,30,9.122960963540557,103.0,518.695239772092,13
2686.0,30,9.814245531567991,27.0,542.8215670861125,7
2687.0,30,10.957645303352798,24.0,566.3047591025959,8
2688.0,30,12.220250427751585,34.0,589.0720955619694,10
2689.0,36,10.610775054444117,35.0,604.4246023573832,17
2690.0,36,11.959330900159197,47.0,623.8143003203314,13
2691.0,32,11.482643182360025,60.0,444.6861144569705,13
2692.0,32,15.513776667449019,54.0,466.8738866813833,11
2693.0,29,13.861734925871598,56.0,372.25349020858755,11
2694.0,29,16.25451032978537,58.0,391.99193918089986,8
2695.0,26,14.360109470105886,67.0,358.6590856261714,10
2696.0,26,17.4915575916219,76.0,375.79205025528137,9
2697.0,26,16.35966946462639,86.0,389.2493735669317,11
2698.0,22,13.379167333979549,42.0,358.0371336130073,7
2699.0,21,15.257984963053866,12.0,339.9580453733612,5
2700.0,21,15.354472752760785,4.0,320.94376585702,3
2701.0,26,12.34635220170367,6.0,307.40583411800765,8
2702.0,26,16.992321685287887,8.0,324.45286752358305,2
2703.0,27,21.617232949359856,10.0,338.709224982263,3
2704.0,26,25.714633561030027,13.0,322.28047909967046,3
2705.0,26,27.42474905323371,16.0,298.5650022426028,4
2706.0,26,25.496481463052078,19.0,290.6499826565253,4
2707.0,23,21.178325959999622,24.0,256.94051675886203,5
2708.0,21,16.423631482352988,32.0,244.00415632653963,8
2709.0,22,12.852040703184308,40.0,259.69548744788386,9
2710.0,20,4.568353834755561,50.0,262.4770342551649,11
2711.0,20,4.789879635681068,23.0,280.685750015678,8
2712.0,20,7.445876310445996,27.0,297.8529614660912,7
2713.0,27,8.609171091021208,32.0,313.38885969274617,13
2714.0,27,13.012265838232505,39.0,333.58163014916727,7
2715.0,28,17.16262728949819,35.0,351.2111632364544,6
2716.0,28,21.964990414376558,37.0,367.1516261090156,4
2717.0,27,21.858923654362467,41.0,306.69963914813167,5
2718.0,27,22.369534581499007,45.0,321.9702472437696,4
2719.0,25,21.49735479125249,52.0,275.945694040465,7
2720.0,25,22.40957156021883,59.0,290.36978202313173,8
2721.0,25,17.664725481521995,67.0,254.63276674564236,10
2722.0,25,16.90649660012897,77.0,271.76670990144083,10
2723.0,24,14.700722192946104,87.0,271.3168078269516,10
2724.0,24,14.281131180027542,98.0,288.568612132597,11
2725.0,30,9.650892949353379,111.0,294.6621183090313,20
2726.0,28,6.529214690236386,124.0,293.7454723194086,14
2727.0,27,6.246551519062477,139.0,312.2683811936659,15
2728.0,27,8.53427283240873,135.0,334.5855002933786,12
2729.0,28,8.342649749434484,138.0,356.8251546298375,12
2730.0,28,8.703055868980307,142.0,379.80975079724914,10
2731.0,29,10.082173385853762,150.0,401.86085137829946,11
2732.0,29,12.99788360141377,163.0,423.2383815799707,13
2733.0,30,15.315929264404897,174.0,443.00195768139224,15
2734.0,29,17.124839810297015,188.0,429.6926953940637,14
2735.0,28,17.954307916682104,202.0,418.8117475207202,14
2736.0,27,16.761966205606747,216.0,385.7449836331096,15
2737.0,34,14.786915895352424,230.0,402.7508224831184,21
2738.0,32,15.413683486858604,244.0,386.46928561686474,14
2739.0,31,17.28152484671531,258.0,391.69386101723603,14
2740.0,30,17.380193378730272,272.0,404.12093702795875,14
2741.0,31,15.06504147599009,286.0,410.52066894956243,16
2742.0,30,13.512513737807323,301.0,425.3238158380615,15
2743.0,29,12.564068730752012,316.0,434.1834561958153,15
2744.0,27,10.816042646007233,334.0,447.5615150960899,18
2745.0,28,10.98721482667389,353.0,468.72746290722455,20
2746.0,27,8.72196567897714,373.0,483.6501514837402,21
2747.0,27,9.740510136238898,393.0,505.714545251665,20
2748.0,26,8.74434777617812,413.0,523.3493808493316,20
2749.0,33,6.616412916618218,433.0,545.0811261610883,27
2750.0,33,6.592057352316005,453.0,573.8016519386459,20
2751.0,33,7.314103060416432,166.0,597.7248295454302,13
2752.0,33,9.81801597122673,58.0,624.163108316567,5
2753.0,33,11.255552773279867,65.0,645.0022421928321,8
2754.0,33,15.32164177019844,72.0,667.9869666086635,7
2755.0,33,18.85689800956203,81.0,688.7770121897806,9
2756.0,33,21.360274776445,17.0,708.0719585224808,5
2757.0,29,17.490518765194455,16.0,456.97244199642114,5
2758.0,26,17.081408487157525,21.0,355.74753498980186,5
2759.0,20,13.510084111274569,7.0,247.08263003668765,5
2760.0,19,16.60333909483372,11.0,230.941638509376,5
2761.0,26,15.383535109224912,16.0,242.0042412725292,12
2762.0,24,15.59036354204932,21.0,187.20833366416983,6
2763.0,23,18.36481451677478,26.0,169.02195959963348,5
2764.0,21,20.830351739425254,25.0,162.17187574609116,4
2765.0,22,23.21898999287423,29.0,172.84265010055233,5
2766.0,22,21.57055818254149,33.0,185.22310614741264,4
2767.0,23,20.28230515318339,38.0,197.7165998233932,6
2768.0,22,20.05709963256414,47.0,194.3208172729296,9
2769.0,22,20.196901375729567,57.0,198.65376716875915,11
2770.0,21,20.644854497620226,67.0,195.33701871585643,10
2771.0,21,21.140975730243337,77.0,207.30535592343713,10
2772.0,20,18.443433999248377,87.0,193.61373225839793,11
2773.0,27,14.75917380717633,97.0,205.5779508407689,17
2774.0,26,15.80538370258517,107.0,217.41649575734766,10
2775.0,25,17.711084528027843,117.0,224.6927630926293,10
2776.0,25,19.370939539539958,127.0,239.98286674287615,10
2777.0,26,15.813418004764403,137.0,248.4079589397244,12
2778.0,24,12.36733195610433,149.0,249.41647309851822,12
2779.0,24,12.477312069704038,163.0,267.4930946656745,14
2780.0,23,12.17770541995478,178.0,280.6822411330504,15
2781.0,24,12.276585771920601,194.0,297.8363765484904,17
2782.0,25,12.706426417398676,210.0,315.5277828042455,17
2783.0,24,11.717913631845258,226.0,329.8651639317445,16
2784.0,23,11.58523014335259,242.0,344.3998342450418,16
2785.0,29,7.725493908418595,258.0,356.73750970582165,23
2786.0,28,7.602259308738706,274.0,376.40047146898354,16
2787.0,29,9.226042009410218,235.0,398.9039206319924,13
2788.0,29,11.051749059882544,247.0,421.31932727958053,12
2789.0,30,9.620314700962725,260.0,444.3170207337631,14
2790.0,30,9.908072827351155,275.0,468.13796879323917,15
2791.0,30,12.149390346586989,293.0,490.6526386712104,18
2792.0,30,13.29328670403864,311.0,512.4793586641998,18
2793.0,28,7.119838686414375,329.0,451.90764620682086,20
2794.0,28,7.012458542306584,347.0,475.8276687707673,18
2795.0,25,5.424312205806282,222.0,486.14404461473333,12
2796.0,25,9.350894416080232,187.0,506.6280504051001,9
2797.0,32,9.986828690361266,196.0,525.3886882480164,16
2798.0,33,13.966108331991508,205.0,548.3978113183716,10
2799.0,33,17.921530039943637,214.0,569.8233502859891,9
2800.0,32,19.9232611927246,223.0,543.0520960973233,9
2801.0,28,15.898217989861529,234.0,418.7806158378703,12
2802.0,28,15.03946415434363,245.0,438.6181323794475,11
2803.0,25,9.350879827589127,259.0,384.27326405970666,15
2804.0,24,8.97062325202394,274.0,393.05794828268046,15
2805.0,24,7.503249632097008,290.0,408.75770419219646,17
2806.0,23,6.887982874507597,285.0,424.491292107458,13
2807.0,23,9.429877817652597,290.0,443.03670507075645,11
2808.0,22,8.254931853585013,301.0,450.2709622814452,12
2809.0,27,9.430350665508099,312.0,467.1447771555587,16
2810.0,27,12.261046434821582,323.0,487.52689835446506,11
2811.0,27,14.316060442113265,328.0,506.7710299957752,10
2812.0,27,16.593134964192235,139.0,524.8350742598462,6
2813.0,29,17.420035105928882,26.0,541.8116239323699,4
2814.0,29,19.100987921348914,1.0,559.862996616877,1
2815.0,30,16.71372994775013,4.0,562.8444015922773,5
2816.0,30,18.26122176906393,11.0,582.0575740936687,7
2817.0,29,17.325055633937904,15.0,575.6881195469172,8
2818.0,28,16.681465708449274,22.0,490.8832614041518,8
2819.0,25,16.45435996220565,29.0,364.76845349055725,7
2820.0,22,14.712619654160196,38.0,280.29138187091814,9
2821.0,27,10.44323772652197,50.0,246.33453953846853,19
2822.0,25,10.530316443271968,62.0,225.8699315240648,12
2823.0,24,9.615022972406287,58.0,225.8915604800858,11
2824.0,22,9.15850981723741,31.0,235.77205039171608,7
2825.0,23,12.297961226727818,21.0,251.79947789137285,5
2826.0,23,15.700155647586715,26.0,267.25526152763723,5
2827.0,23,18.989820865407133,32.0,281.20084699699896,6
2828.0,24,21.383639201377374,38.0,293.63453343799256,7
2829.0,24,21.747934743350502,45.0,291.1226218043008,8
2830.0,20,21.020615383920315,31.0,278.4429897452006,5
2831.0,17,22.5259504859506,9.0,216.42578927549098,3
2832.0,17,26.7485729620874,10.0,224.17517864892065,2
2833.0,23,19.940900854762848,12.0,205.02270853081316,9
2834.0,24,23.892322907403507,14.0,216.47939211847378,3
2835.0,24,28.226139491504327,16.0,226.86881202365237,2
2836.0,24,31.859517569341648,18.0,235.5489960083137,2
2837.0,24,31.254655312339857,20.0,223.3964445486914,3
2838.0,23,29.610697616370608,22.0,217.18483833579066,2
2839.0,22,25.74449532625551,24.0,187.82774557162688,3
2840.0,20,24.246285390373178,31.0,158.90818222209455,7
2841.0,19,22.220263053400213,39.0,143.86766439890346,9
2842.0,19,23.215289777068737,47.0,154.05648236834816,8
2843.0,18,23.257856430078082,55.0,156.85154447383383,8
2844.0,17,20.752929746598433,63.0,133.65448437653555,9
2845.0,23,14.215997306747395,71.0,139.9542059902911,15
2846.0,22,16.2439786854751,79.0,149.35006243509324,8
2847.0,21,18.124565470213344,87.0,153.31869241551783,8
2848.0,21,20.159194640612988,95.0,166.24178027445154,8
2849.0,22,16.77161085591202,103.0,175.8244633611748,10
2850.0,21,13.492025952482495,111.0,187.6449517796388,8
2851.0,21,13.352921067416121,121.0,203.28769507529125,10
2852.0,20,12.106585661624347,133.0,214.80393005573058,12
2853.0,20,9.082663620155156,146.0,226.84359100187214,14
2854.0,21,9.248360902321187,127.0,242.95145272511917,11
2855.0,21,10.66763472253567,137.0,259.5096139502903,10
2856.0,21,12.0491154735877,148.0,275.4898094066449,11
2857.0,28,9.356395361859425,160.0,291.27538462402833,19
2858.0,28,12.93271200902214,172.0,312.0303776753036,12
2859.0,28,13.957372133003332,184.0,328.0273757457538,13
2860.0,24,9.539638816325777,196.0,285.0562995853881,12
2861.0,25,6.871712144590968,208.0,305.5656277408362,13
2862.0,25,6.255232097582805,221.0,327.47080065719024,13
2863.0,25,7.6699309127210284,167.0,348.71849156892347,13
2864.0,26,8.284259196831815,180.0,369.4815574610746,15
2865.0,27,9.772419014537805,194.0,390.199581878129,15
2866.0,25,9.822173482719702,179.0,403.4120262100392,10
2867.0,25,14.420144449769529,184.0,421.00870928147657,9
2868.0,25,18.323509977014872,193.0,436.6193457969432,9
2869.0,28,11.396551083148907,202.0,352.31367243855703,16
2870.0,29,14.472024517255678,212.0,371.5221847929681,11
2871.0,27,16.31682034529322,212.0,373.87403696512814,8
2872.0,26,17.714973060458284,220.0,375.6426534069196,8
2873.0,26,16.90823568286868,229.0,373.2597524477454,10
2874.0,25,15.433583043926372,239.0,377.6240433716015,10
2875.0,26,13.128140419621118,250.0,395.63421227209955,12
2876.0,26,11.508704677967552,262.0,415.52683404236325,12
2877.0,27,10.549802571052467,101.0,435.7664295250484,12
2878.0,26,8.82527894912892,26.0,453.6167885160114,9
2879.0,25,8.5894829617877,24.0,470.7949005746579,9
2880.0,26,10.804380343885958,24.0,490.2189749602698,9
2881.0,33,10.815805869168782,33.0,509.07006140419014,16
2882.0,33,15.3420601274273,28.0,531.9363762551677,7
2883.0,29,16.55259067344808,32.0,349.50641124364387,6
2884.0,29,21.41759107559914,38.0,366.07051978973703,6
2885.0,27,19.783582414467265,45.0,266.0025325235039,9
2886.0,24,19.449254048617075,52.0,245.4416260404581,7
2887.0,23,18.917034639436974,60.0,247.44043619652948,8
2888.0,22,17.53318343377824,70.0,241.81126004860755,10
2889.0,20,11.025231396115707,81.0,229.170932694262,12
2890.0,18,6.991742725094996,33.0,225.59894646572553,5
2891.0,17,9.283157903794931,0.0,223.23907234849892,0
2892.0,17,14.520123746459939,1.0,235.21719677603397,1
2893.0,24,14.62704666356783,2.0,245.0919272984462,8
2894.0,24,21.19846019521242,3.0,258.7882838569796,1
2895.0,25,25.403167856400444,4.0,269.9879774912157,2
2896.0,23,29.41332950225295,5.0,261.58599595833726,1
2897.0,22,29.871792367752594,7.0,205.88877734940885,3
2898.0,21,29.276593423339087,9.0,192.36322214323604,2
2899.0,20,26.108501412583816,11.0,174.4769590132628,2
2900.0,20,20.234352982586998,16.0,171.09488817832792,6
2901.0,20,13.72968673921215,22.0,166.0258660368515,7
2902.0,17,7.615111278493273,13.0,164.53072365294116,6
2903.0,17,10.3336916261209,15.0,178.034497737603,4
2904.0,17,15.022071619037279,19.0,189.9315249229973,4
2905.0,24,12.945076815330575,24.0,200.66930260937266,12
2906.0,25,16.189526625067664,29.0,216.48097759750047,6
2907.0,25,20.194221965719557,18.0,231.2932591032951,3
2908.0,23,20.685087689667185,21.0,195.02180593206302,3
2909.0,24,20.85557739610381,24.0,207.91386010681404,4
2910.0,22,16.619537830761214,28.0,186.13297779761285,4
2911.0,23,14.628013617115132,35.0,201.3302518986608,8
2912.0,22,13.99837450503786,44.0,202.17609871155028,9
2913.0,19,6.924544422785992,57.0,175.00805161540777,14
2914.0,18,4.710397576833922,70.0,188.7002060027651,13
2915.0,18,7.07031645850036,56.0,204.18126632499025,9
2916.0,19,9.357285661585518,41.0,218.64909793063873,5
2917.0,26,9.26404529781018,45.0,232.84747155746558,11
2918.0,26,13.706956534454687,49.0,251.7154690120211,4
2919.0,26,18.841364900259517,54.0,267.9311821837233,5
2920.0,26,22.433930847704147,59.0,282.3089369362831,5
2921.0,28,21.060634868372134,64.0,296.6154317366236,7
2922.0,27,18.27028473350162,70.0,301.9515825047521,6
2923.0,26,16.231581811210834,79.0,308.1316012199959,9
2924.0,26,16.509546753829657,92.0,325.7497639471136,13
2925.0,25,13.659775540671651,105.0,294.6601965385534,14
2926.0,24,9.05567978178793,120.0,306.25771298365686,16
2927.0,22,7.823394826521174,106.0,289.9713903489911,11
2928.0,22,10.128407939710245,109.0,307.66584654113,8
2929.0,28,8.152435611630898,114.0,312.55238818037117,14
2930.0,28,12.656346030234335,122.0,333.50598477328754,8
2931.0,29,16.56695253582393,130.0,351.91127926510893,9
2932.0,29,19.514461640036057,139.0,369.5687520282191,9
2933.0,28,16.905415907539194,148.0,352.1303532988365,10
2934.0,26,11.796613310261236,157.0,332.7638952416002,9
2935.0,25,10.939547338933345,167.0,335.50900222308195,10
2936.0,25,9.903746689727553,179.0,334.0626212229547,13
2937.0,24,6.010039629344791,192.0,333.3964471965829,14
2938.0,23,6.348278863215946,176.0,350.0008793862107,11
2939.0,23,9.00243553733679,175.0,368.7649112273673,8
2940.0,23,12.264656377677474,184.0,385.9643319062491,9
2941.0,30,11.593864197623024,193.0,401.79346421268986,16
2942.0,30,13.049782147644232,202.0,415.7134531979614,10
2943.0,29,15.551174249765207,63.0,428.8100742249502,6
2944.0,29,18.597878669719318,0.0,446.8991832527904,0
2945.0,30,20.680997557458852,0.0,463.3940573226281,1
2946.0,30,21.23570846987817,3.0,480.6936705137956,3
2947.0,31,21.822558453908492,6.0,497.3334276718055,4
2948.0,30,23.427828760796732,11.0,494.75573948471475,5
2949.0,26,18.745404883604685,19.0,309.7645037702468,9
2950.0,23,15.715724023448486,27.0,268.42792347817146,8
2951.0,21,13.602490309933982,16.0,239.01865649411442,7
2952.0,19,10.626945954722775,16.0,219.35153345092183,7
2953.0,26,10.395907260759852,23.0,232.98950322796128,14
2954.0,24,11.711811017743651,30.0,237.02227133473468,7
2955.0,24,15.818217753602886,37.0,253.72929281199285,7
2956.0,24,20.51345576169257,34.0,268.2882378415969,6
2957.0,25,21.169879461183367,14.0,250.89663327033875,4
2958.0,24,22.28779322504543,16.0,231.80228547470728,2
2959.0,23,22.00814058214213,18.0,221.9712307631732,2
2960.0,22,22.03086254241909,23.0,210.8179602685709,5
2961.0,22,19.077759037949694,30.0,220.77890778815757,8
2962.0,22,16.679413883483598,37.0,231.37436472565557,8
2963.0,20,13.29052157043479,45.0,214.24517837685775,8
2964.0,20,14.1520113324452,55.0,228.7987804477765,10
2965.0,27,11.66358501844161,53.0,242.7706551079761,14
2966.0,25,11.273561526713179,60.0,220.28468544870603,7
2967.0,26,14.682045264496717,52.0,237.86239965244505,6
2968.0,24,16.757585511913366,57.0,230.43127388108996,5
2969.0,25,18.22121189653849,62.0,245.3983103948698,6
2970.0,25,18.035986148662197,68.0,261.55303075992987,6
2971.0,24,16.99931183937219,75.0,255.9460270158356,7
2972.0,24,15.586195378632285,86.0,252.9916373202342,12
2973.0,22,10.634527707633755,98.0,223.2206132454127,13
2974.0,19,4.9181169595185725,112.0,218.8018719744922,14
2975.0,19,7.39717784448513,104.0,234.80850561261346,10
2976.0,19,10.581733879693695,107.0,249.63604021813663,8
2977.0,26,9.242824256395034,103.0,263.72105477981563,13
2978.0,27,12.290586228567253,109.0,282.89273625134217,7
2979.0,27,16.664619694619873,115.0,300.5579975855766,6
2980.0,27,19.813668023975357,121.0,316.44106567926735,6
2981.0,28,20.513614469432753,128.0,331.57082442586085,8
2982.0,28,18.828239500946825,136.0,348.6779332980167,8
2983.0,27,15.387606785091988,147.0,341.84977384360064,12
2984.0,26,13.330280194925649,159.0,339.88709836020337,12
2985.0,25,9.39346585920187,175.0,340.0019532342052,17
2986.0,24,7.749368339115898,191.0,357.00756845024046,16
2987.0,23,6.971028717056391,187.0,364.7928208214955,12
2988.0,23,6.381426068692067,192.0,378.5704056136682,12
2989.0,30,6.627969837198488,201.0,397.45289424803684,17
2990.0,30,9.866507282306314,211.0,421.3679480933682,10
2991.0,30,14.251916350876794,221.0,442.60994166193507,10
2992.0,30,16.898799551203044,232.0,462.23934328879096,11
2993.0,31,16.740886001203048,243.0,453.52347726800025,13
2994.0,30,16.701186339625075,255.0,450.95979695026324,12
2995.0,29,16.678675977873514,267.0,447.06362107141615,12
2996.0,28,16.13918421363452,280.0,449.0294803673491,13
2997.0,28,13.329876603110858,295.0,452.6322997864728,16
2998.0,28,10.15299024175218,307.0,460.6892725570348,15
2999.0,28,10.297414168356559,323.0,482.69414547388834,16
3000.0,28,10.820688860306163,341.0,504.3671086293823,18
3001.0,32,8.601719698089305,360.0,510.7046867870091,24
3002.0,31,8.281135274001299,379.0,526.9917848870532,19
3003.0,31,8.374276760784829,345.0,545.0781387097043,16
3004.0,30,9.57628251245454,163.0,560.0604122955393,11
3005.0,29,10.033176164881219,60.0,568.5909593859295,11
3006.0,29,13.738893156632328,42.0,589.5276552671056,8
3007.0,31,16.24030159337878,50.0,608.307348717011,10
3008.0,32,19.604697228187163,59.0,626.5687635252891,10
3009.0,29,19.56343222720428,68.0,561.0070902978252,10
3010.0,24,18.65580092015079,36.0,402.1021294362646,5
3011.0,21,19.819307768277458,11.0,341.27442380204707,2
3012.0,17,19.30502899052104,13.0,211.42602694365314,2
3013.0,24,16.70845018300879,15.0,220.46462258333327,9
3014.0,23,18.340993117825594,18.0,195.45055878386876,4
3015.0,23,23.94523753619237,21.0,207.51736690119014,3
3016.0,20,24.411959147940575,25.0,166.5245148695213,4
3017.0,20,21.91477073864968,29.0,171.74148427641578,5
3018.0,19,18.324450782965275,33.0,162.38919766290627,4
3019.0,20,15.53644878120257,39.0,174.96510864633467,7
3020.0,20,13.309483760143472,46.0,189.44000298162553,7
3021.0,21,10.588239738285624,57.0,204.8366308737776,12
3022.0,17,3.7132376795071,33.0,207.24141073246756,8
3023.0,17,7.566113564820971,16.0,221.57231395681396,5
3024.0,18,11.223277994966162,14.0,234.3687067853984,4
3025.0,24,11.420263693337441,17.0,246.62207655112857,9
3026.0,24,18.04288626099542,0.0,261.6243569505503,0
3027.0,25,23.645276851959835,0.0,273.45719941466274,1
3028.0,23,26.67435128748182,0.0,244.16198141793546,0
3029.0,22,24.851091745091235,0.0,234.86165630409766,1
3030.0,21,19.459689678857924,2.0,221.7399396323242,3
3031.0,21,16.895423028588034,4.0,235.7408275008818,2
3032.0,20,12.908158974394613,9.0,217.4736034688993,5
3033.0,20,9.063620182335066,18.0,204.44751952715959,10
3034.0,19,5.090013085834964,11.0,213.49336998974437,6
3035.0,19,7.380822181067424,13.0,229.67613582336972,6
3036.0,19,10.655176116008809,15.0,244.54443227958143,5
3037.0,26,10.563064938749745,14.0,257.9161609977615,10
3038.0,26,15.888386341802962,17.0,275.47657275203227,3
3039.0,27,20.151509606381225,20.0,290.3740366170957,4
3040.0,25,21.224302487014544,23.0,284.2834315644771,3
3041.0,26,20.431934203367817,26.0,298.2796278846234,4
3042.0,26,17.950737596152024,29.0,314.5780341363713,3
3043.0,26,14.858310625871667,35.0,332.5301947092521,6
3044.0,25,9.096162445579582,43.0,323.9857060923131,9
3045.0,26,7.702694370525256,57.0,344.9232879249846,15
3046.0,24,3.527194457237928,73.0,359.33697176172444,16
3047.0,24,4.482471678501496,64.0,380.82471896431167,14
3048.0,24,7.223656030480228,66.0,400.93192016184497,12
3049.0,30,7.246735803462585,72.0,412.10077767536075,18
3050.0,31,10.417960547153548,83.0,435.4101819074066,12
3051.0,31,13.74556187576235,94.0,457.60283549942886,11
3052.0,31,15.359358363147964,89.0,478.6407993077991,9
3053.0,31,13.803096907428014,99.0,459.66185616214347,11
3054.0,30,11.521485135880933,110.0,439.05496821673336,11
3055.0,30,9.364209682321144,127.0,429.3883544603925,18
3056.0,29,8.897407988434175,145.0,414.3503078304654,18
3057.0,29,8.115180959273868,165.0,434.3997752345221,21
3058.0,26,4.465336628184452,186.0,425.62108266842023,21
3059.0,26,4.709306965748436,208.0,448.75787285723504,22
3060.0,25,2.5340517499126296,186.0,462.37764854281716,19
3061.0,32,3.2704535662098317,165.0,485.23151556977257,21
3062.0,32,6.406138333792978,156.0,513.0401078774802,13
3063.0,32,11.398784915510646,125.0,537.5318770234385,7
3064.0,32,16.43584576504504,126.0,558.6523320893615,6
3065.0,34,17.376903511116893,132.0,578.5165292370577,8
3066.0,34,17.81959852240435,138.0,599.9576447548494,6
3067.0,34,18.20592791175662,144.0,621.0131884754314,6
3068.0,34,19.49203987241213,156.0,641.2507382024513,12
3069.0,32,15.645810794506712,168.0,565.2227246931097,13
3070.0,32,13.41128031630307,181.0,548.7435728682256,14
3071.0,30,11.023022308136728,196.0,501.29408514318476,15
3072.0,29,9.70055387323279,214.0,510.7052815729988,18
3073.0,33,4.149763665148234,234.0,455.68300276603884,27
3074.0,32,4.13075394417983,255.0,477.4306120456445,21
3075.0,32,5.296822527343564,110.0,496.50412380442225,16
3076.0,32,8.199665030186226,36.0,522.9811345945265,8
3077.0,33,11.846166949489215,24.0,546.7348304514168,6
3078.0,33,15.898071841484919,18.0,568.683882568722,4
3079.0,33,19.972368627639312,24.0,587.8076255544036,6
3080.0,34,23.741334007121047,30.0,603.7862268519034,7
3081.0,28,17.958808350163093,37.0,409.13548556967135,8
3082.0,27,14.296473650532937,47.0,424.96963252331716,10
3083.0,24,11.909724130270845,25.0,370.14355369100014,6
3084.0,23,14.692145643269383,9.0,370.50294490602096,5
3085.0,31,13.538942483037285,10.0,384.4861290828638,12
3086.0,31,18.398749383175073,14.0,403.36364021003976,4
3087.0,30,21.5828397392946,18.0,394.1902499419828,4
3088.0,28,23.866578761606583,22.0,352.6927561381229,4
3089.0,28,21.319581513082078,26.0,330.81683682421703,5
3090.0,24,13.245971502793843,30.0,281.6042252840551,4
3091.0,23,6.783308682411058,35.0,259.91040237499465,6
3092.0,23,6.677826533058564,45.0,279.6716952961284,10
3093.0,24,6.033141500342803,59.0,299.6457154389515,16
3094.0,22,2.9406756140053645,49.0,313.49657640243424,14
3095.0,22,6.442978820752513,46.0,332.625897587483,9
3096.0,23,8.835789198483289,49.0,350.4546937306977,8
3097.0,30,9.039493161719724,46.0,367.84240587068064,13
3098.0,30,14.403120788022017,46.0,388.8536852483655,5
3099.0,30,18.315288962881592,51.0,407.4082749748132,5
3100.0,30,19.973200578910088,56.0,425.01039824869497,5
3101.0,30,17.091677754081797,62.0,421.2898250343608,8
3102.0,30,17.351172658353647,71.0,440.4927703214531,9
3103.0,30,16.665956258663556,80.0,460.05512016351037,9
3104.0,28,13.647261083429312,93.0,441.9002607084064,13
3105.0,29,11.540663981507878,109.0,462.8544404078231,17
3106.0,26,4.064959279864389,126.0,456.2895092052733,18
3107.0,24,2.192419550121841,120.0,473.87499796668993,15
3108.0,24,4.235704200717952,126.0,495.81735493300937,14
3109.0,31,4.666001259440741,140.0,516.8280455067788,21
3110.0,31,8.210531271415253,136.0,542.5341110717604,13
3111.0,32,12.014019490580319,134.0,565.5930846710348,12
3112.0,32,15.808962475339268,134.0,587.1764103486823,9
3113.0,33,18.03584883604642,132.0,607.0251484527769,9
3114.0,31,17.27012716248548,131.0,536.8341906111411,6
3115.0,31,17.82109722551779,138.0,556.7264817722072,7
3116.0,30,15.149686907144691,145.0,498.1572361441195,8
3117.0,31,14.253846942674482,155.0,519.4022669136003,11
3118.0,31,14.81467929936604,165.0,541.1681213002166,10
3119.0,31,14.493501940945565,177.0,563.0424627568797,12
3120.0,30,12.14311953835855,190.0,568.7188794861197,13
3121.0,38,8.528075890196739,206.0,592.1014976597957,24
3122.0,34,4.36809147106177,224.0,587.2930292896579,18
3123.0,34,5.042640313016923,244.0,617.8482268202708,20
3124.0,33,5.19556792148278,247.0,641.3533663897804,17
3125.0,34,5.9769230270034575,259.0,670.1833938629919,21
3126.0,34,6.189912986045575,271.0,699.8673962666702,19
3127.0,35,6.933910735588794,290.0,728.9560809267932,20
3128.0,35,8.941306280783591,313.0,757.6524555233941,23
3129.0,36,9.097345262530942,306.0,786.1723576857615,20
3130.0,35,7.292802204539299,326.0,772.2375944944525,20
3131.0,34,6.704885074431949,347.0,755.8033806889296,21
3132.0,33,5.1454105417257825,361.0,700.1804055671456,23
3133.0,38,5.183890674822611,384.0,729.3705293986108,28
3134.0,38,6.922133243634368,408.0,762.1990337090047,24
3135.0,35,5.463485942146175,433.0,754.2419838958128,25
3136.0,34,6.2213490960760955,262.0,762.8967177511707,22
3137.0,36,7.728558766011888,172.0,791.0340647712085,20
3138.0,34,8.126725730855213,162.0,797.4856577825906,16
3139.0,36,10.529111525700982,179.0,823.773487740023,19
3140.0,36,13.139396231392364,197.0,850.1865068741376,18
3141.0,36,13.947109832719613,215.0,872.2471532244122,19
3142.0,31,10.265169563461649,168.0,719.0178152438172,15
3143.0,30,13.342930743678366,98.0,676.4409237828543,9
3144.0,27,14.26789977355818,66.0,595.039055690458,6
3145.0,32,14.069198678317962,72.0,569.4781443077201,12
3146.0,31,17.726373784851315,79.0,570.6436981767724,7
3147.0,30,19.561207441526335,86.0,564.8162038700482,8
3148.0,29,22.066508452306817,50.0,576.7841010368155,5
3149.0,29,23.302724510163934,23.0,592.1938222211668,4
3150.0,27,21.215879877265042,8.0,510.12861101311023,3
3151.0,27,20.987512434622847,7.0,525.9813168890427,4
3152.0,25,17.790836531678917,15.0,423.26483749297375,9
3153.0,25,17.003467317064317,24.0,415.52315711593565,10
3154.0,21,9.773535524246265,34.0,347.9021818516667,10
3155.0,21,5.402233454569489,45.0,343.2213821643115,12
3156.0,21,3.878530225596009,57.0,362.60156468073353,12
3157.0,28,2.717345525395652,58.0,382.08362794072696,20
3158.0,29,4.529854589425143,41.0,407.4149155914769,13
3159.0,30,7.922491181644603,34.0,431.55716141529075,9
3160.0,30,12.208013884275024,35.0,454.11703976561324,7
3161.0,30,17.02801370316482,30.0,473.75623015531033,6
3162.0,30,18.50529720985733,28.0,492.5098112923533,4
3163.0,29,16.433402382730495,29.0,486.729341064735,5
3164.0,30,15.773672161175865,33.0,506.4338219899345,6
3165.0,29,15.382175348865786,43.0,524.2367601910795,10
3166.0,28,16.01616868496936,39.0,539.875057253463,6
3167.0,29,15.944675218984202,46.0,558.7721898509947,8
3168.0,29,13.581908416391903,53.0,549.3443583940573,8
3169.0,34,10.791525046360015,63.0,547.6669087566169,16
3170.0,33,11.25215741085567,75.0,534.5107394933198,13
3171.0,33,13.17192159581271,89.0,558.5279144338101,14
3172.0,30,10.942523212066995,104.0,477.37314074119234,15
3173.0,31,7.696596242537319,121.0,490.7005038308524,19
3174.0,29,5.060848262198138,139.0,434.3252890648134,18
3175.0,29,5.203040677733217,159.0,460.30818544549186,20
3176.0,29,5.097225625195639,180.0,486.3781834388542,21
3177.0,29,4.815814045498863,205.0,512.6346368494541,25
3178.0,28,2.1672691136294198,182.0,531.5211031705243,21
3179.0,28,4.106389276174757,171.0,557.2256939329818,16
3180.0,28,7.860703049720818,73.0,580.8030960186954,9
3181.0,34,10.125574761278486,69.0,601.8734737814843,14
3182.0,34,15.320657018671907,77.0,625.3886859643861,8
3183.0,35,18.29851111653073,85.0,646.5517677196764,9
3184.0,33,16.557171381507754,93.0,649.624270905859,8
3185.0,33,15.241708247778739,103.0,672.4839746160355,10
3186.0,29,11.856112138310877,114.0,576.8440626863807,11
3187.0,29,12.223111264194266,126.0,598.7259403677682,12
3188.0,28,9.767196716045293,143.0,593.1341966152768,18
3189.0,28,10.223671763886962,162.0,615.3188074023291,19
3190.0,23,5.122180868727011,110.0,618.858264098341,13
3191.0,22,8.21748090907882,67.0,633.8229810495662,6
3192.0,22,13.71663207144644,37.0,649.9347543744342,4
3193.0,29,14.712789412551617,23.0,663.605717702977,10
3194.0,29,20.884605002796693,0.0,680.7458005137388,0
3195.0,30,24.75168555909844,0.0,695.2131270728726,1
3196.0,28,27.04162930333532,0.0,617.1767482948163,0
3197.0,26,28.206644101595433,0.0,536.9870361759175,0
3198.0,26,26.57104596392408,0.0,500.5207846220975,1
3199.0,24,23.347088274199905,0.0,406.2679562027653,1
3200.0,25,23.356913992602916,3.0,418.75233111738424,4
3201.0,25,23.262018535084295,8.0,432.2530288055688,5
3202.0,22,18.67005133774452,14.0,422.11186008866804,6
3203.0,23,15.821901835301507,21.0,436.91764840515447,8
3204.0,22,10.045254273882959,30.0,426.0812485750264,10
3205.0,29,6.428811051847127,41.0,444.4915495820808,18
3206.0,28,7.420461023703595,39.0,453.9274066883217,9
3207.0,29,10.05530950334086,43.0,476.3151423729504,10
3208.0,28,11.818592412388634,46.0,484.7133421280084,7
3209.0,29,14.647602681308264,51.0,504.3595880264703,7
3210.0,30,14.498884494564146,49.0,524.9623206606668,6
3211.0,30,16.45965082336058,49.0,545.4401277640425,6
3212.0,28,17.54971445763474,57.0,456.81606468572176,8
3213.0,29,19.670880560651764,67.0,473.6956679909285,11
3214.0,29,20.756373711559608,77.0,442.6160516931827,11
3215.0,28,22.041353252814513,87.0,413.91941907663664,10
3216.0,27,22.06516797383153,97.0,343.81734336149907,11
3217.0,33,19.857281723223302,107.0,358.103928918817,16
3218.0,31,20.570884500204997,117.0,325.9570847830038,10
3219.0,31,19.472975529230887,127.0,294.9553242449387,12
3220.0,30,20.901268388578163,137.0,301.5644317818632,10
3221.0,29,19.915550370936387,147.0,314.68656635387515,10
3222.0,29,17.72550793955858,157.0,297.1086677422307,11
3223.0,28,16.829332179217204,171.0,302.18259940567486,14
3224.0,28,16.4756617288816,186.0,307.32180149167004,16
3225.0,26,12.580730976228464,202.0,303.1310969767547,17
3226.0,26,14.575844661067674,218.0,321.4922105652076,16
3227.0,24,13.04808827016481,234.0,328.75000937782744,16
3228.0,25,13.301707171083915,250.0,346.1651558721927,17
3229.0,31,10.105793145873047,266.0,360.8689027458793,23
3230.0,30,11.262801594983946,282.0,380.52748941074594,16
3231.0,31,12.962375884209854,298.0,402.51643327633747,17
3232.0,31,14.443720775827817,314.0,424.5776638563251,16
3233.0,30,11.66551107448077,330.0,444.19354959429046,16
3234.0,30,10.25973520291702,346.0,463.1014923483376,17
3235.0,31,10.194137601235829,367.0,486.71147660247476,22
3236.0,30,9.705956664889761,389.0,507.08151158684535,22
3237.0,31,10.144510568707048,411.0,530.7279585935562,23
3238.0,30,9.660319655334714,433.0,550.2592144541102,22
3239.0,30,10.570888912820658,455.0,573.6352206972027,22
3240.0,30,9.498737646195071,477.0,593.6540832174896,23
3241.0,36,6.477313275070035,499.0,614.2789442640385,29
3242.0,36,7.415814974753206,521.0,644.6476082441386,22
3243.0,36,8.637607688039042,391.0,674.1707085462119,19
3244.0,35,9.058083112367312,346.0,699.2156067818173,15
3245.0,37,10.110166455091138,363.0,726.4491336293593,19
3246.0,37,11.453253563953567,380.0,754.7531318873771,17
3247.0,36,12.261359631986469,232.0,778.344563755293,15
3248.0,36,14.349793296859383,169.0,803.8787186955044,12
3249.0,34,13.165969657771342,175.0,700.7689050222223,13
3250.0,33,13.001755487047161,188.0,644.4553405132192,14
3251.0,30,13.706651141025512,183.0,630.2369032698055,11
3252.0,29,16.168846685191454,194.0,621.1323654454368,11
3253.0,34,12.62715252674337,205.0,542.1288420284717,18
3254.0,32,13.429525258778801,216.0,468.0372933056895,11
3255.0,31,14.853438679339568,73.0,435.70380119458355,8
3256.0,28,15.55893252231127,18.0,393.0120780782038,4
3257.0,28,17.42592400611736,22.0,394.8452980718135,5
3258.0,28,19.477961089480953,26.0,411.6853568567393,4
3259.0,28,21.621683973025757,32.0,427.36640869202614,6
3260.0,29,22.936541490179,39.0,441.9037119178171,8
3261.0,26,16.707967537777236,48.0,282.7488539353568,10
3262.0,25,14.118946460871644,58.0,285.2429952436615,10
3263.0,22,10.287485677477939,62.0,228.47245728347514,9
3264.0,21,10.727322519581305,73.0,237.79023861539676,11
3265.0,28,7.117134505518609,84.0,241.14636177551563,19
3266.0,28,10.67285878608738,95.0,263.16448744589127,11
3267.0,28,15.72126814623025,65.0,282.39139098311756,7
3268.0,28,18.13808548983317,72.0,300.17796237110826,7
3269.0,27,14.723795045161689,79.0,286.1798433954115,8
3270.0,26,12.320378126597031,86.0,291.7706863003064,7
3271.0,26,10.36109035390407,96.0,302.8325255683227,11
3272.0,26,11.84867144332422,111.0,322.5948833485303,15
3273.0,24,7.9384475949474345,127.0,287.042515818954,17
3274.0,23,5.974183615078901,144.0,279.7805899977754,17
3275.0,22,8.088880032545175,102.0,294.201848172722,9
3276.0,22,9.519843983785016,102.0,306.7318970435723,8
3277.0,29,9.948286697347077,109.0,323.1087284225606,14
3278.0,29,14.567560464219454,116.0,343.8880644732273,7
3279.0,29,18.808217566337905,124.0,362.30643974264075,8
3280.0,29,22.571647649427486,132.0,378.55877521340443,8
3281.0,27,16.54778946538092,140.0,330.2266891937321,10
3282.0,27,15.041597371772339,149.0,349.46550515821093,9
3283.0,27,13.807259966228255,160.0,369.3822322839191,11
3284.0,26,12.022147599013097,173.0,365.86367425122927,13
3285.0,26,9.107936313644583,188.0,369.1837210219857,16
3286.0,25,4.758206242760389,205.0,384.3077567515352,18
3287.0,24,4.271110774118058,190.0,392.09402471535975,13
3288.0,24,6.791382263790755,186.0,412.8164639190842,10
3289.0,31,8.161509175028531,192.0,431.83383049199364,15
3290.0,31,11.97008392555458,201.0,455.6639112124972,9
3291.0,32,15.137610531739904,210.0,477.40979966685325,10
3292.0,32,17.7188174337651,219.0,498.5417624781969,9
3293.0,32,16.40153150375269,229.0,494.1015746007433,11
3294.0,30,12.510124583311105,242.0,475.24179667099565,13
3295.0,29,11.14555431503598,257.0,485.8841408173571,15
3296.0,28,8.2477535801995,273.0,466.6999049611967,17
3297.0,29,8.204332771322873,291.0,489.9466998685362,19
3298.0,26,4.506299003576785,288.0,491.40423409465205,15
3299.0,26,7.755849729579495,293.0,513.3711598993774,12
3300.0,26,11.154401366866127,303.0,533.5689832754089,12
3301.0,32,11.362358123457627,315.0,552.3076888921864,18
3302.0,30,11.799383272799188,327.0,560.0472347428027,12
3303.0,30,13.370978399682475,339.0,582.0421215206858,12
3304.0,30,15.37913980601935,135.0,602.8787022995252,6
3305.0,31,15.699792038409367,25.0,623.2330866785834,3
3306.0,31,14.744800051271648,1.0,645.3397417824182,1
3307.0,34,15.500206357622545,3.0,666.1374635682914,5
3308.0,33,17.361188792099707,9.0,667.2382372195565,6
3309.0,34,19.333219082847688,17.0,687.2890744538034,10
3310.0,30,18.11100393308389,26.0,564.8431143248885,9
3311.0,28,18.201880566406665,36.0,454.2239132045694,10
3312.0,24,14.22650683728747,48.0,320.17771895341696,13
3313.0,30,11.316146769071542,60.0,319.5849183484853,19
3314.0,27,9.383072852809695,72.0,288.66509617673864,12
3315.0,25,9.230487522417263,85.0,293.4720215774683,13
3316.0,24,9.320440548301306,99.0,309.2088967797582,14
3317.0,25,7.984208281065461,94.0,324.01169203291465,14
3318.0,25,9.8335534562388,106.0,344.1119287213674,12
3319.0,25,12.597575884641397,120.0,362.8213396504985,14
3320.0,25,15.007841150414038,135.0,380.3189185927897,15
3321.0,24,11.98039024355805,150.0,391.2871348330453,16
3322.0,21,6.882805702977926,92.0,394.9149091486947,11
3323.0,20,7.991209173511966,41.0,395.57789166771676,5
3324.0,19,10.472374563667428,24.0,394.1549607548008,3
3325.0,25,12.306290367718068,7.0,406.99552493733484,7
3326.0,25,18.33550350220851,0.0,422.7990127369294,0
3327.0,27,22.00683566048673,0.0,435.8892706806215,2
3328.0,27,28.52483737834841,0.0,447.4472792635803,0
3329.0,25,31.790245882023427,0.0,359.37329315463893,0
3330.0,24,31.214165639495956,0.0,330.40187825539454,0
3331.0,24,29.35577265089222,1.0,297.4558351483127,2
3332.0,24,29.019844748916704,6.0,277.66930702569766,6
3333.0,23,30.151723539816278,12.0,252.5734941111727,6
3334.0,23,29.154645756657366,18.0,238.5423482274905,7
3335.0,20,27.598062101296797,24.0,174.43799070230483,6
3336.0,19,26.808149835620952,30.0,165.00145768281186,6
3337.0,26,18.84528083735183,36.0,154.06748953434976,14
3338.0,26,22.268979478058224,42.0,168.49479441383318,6
3339.0,23,22.65333765082344,48.0,144.72620857656065,6
3340.0,22,25.53138419266953,54.0,142.62495140126003,6
3341.0,20,22.60003377218158,60.0,126.45284373394837,7
3342.0,20,17.195614255149174,66.0,134.9918641215473,7
3343.0,20,15.836831385275508,72.0,148.85886658507695,6
3344.0,19,14.61021781472851,82.0,158.210828219556,10
3345.0,20,15.315395101687098,93.0,171.31683546631496,12
3346.0,19,14.123343237400086,105.0,181.16060447471898,12
3347.0,18,13.15484058992784,117.0,190.5115791662147,12
3348.0,19,13.44452919586446,129.0,203.37296156991272,13
3349.0,26,10.488901759043012,141.0,216.90768030621047,19
3350.0,25,12.003106126044646,153.0,232.39372685935476,12
3351.0,25,14.303893268458596,165.0,250.23413193867478,12
3352.0,24,14.606822168562083,177.0,263.5868129588337,12
3353.0,26,10.986940314891996,189.0,281.92482371906675,14
3354.0,26,10.805904586741713,203.0,302.374055490313,14
3355.0,25,9.882558194269128,218.0,319.5132407858685,15
3356.0,25,10.70641155195472,235.0,339.35689973382415,17
3357.0,24,7.193726308232842,253.0,351.9574578828421,19
3358.0,25,7.2945487559775515,187.0,372.3283913996123,16
3359.0,25,8.520142151825095,191.0,392.87845458437886,13
3360.0,25,9.791983356704744,204.0,412.6364411650597,13
3361.0,32,9.10222891039182,218.0,431.34365865598664,21
3362.0,32,11.792801096874648,232.0,455.2849266836888,14
3363.0,33,14.739362600633925,146.0,477.14800065427835,11
3364.0,30,14.472064785901257,139.0,410.04901235751413,8
3365.0,29,12.82354180748001,148.0,405.46939012383467,10
3366.0,27,12.62149596206732,158.0,403.3098316206654,10
3367.0,27,15.709185210667021,169.0,421.6671272554082,11
3368.0,28,16.522724316353788,182.0,439.3288830468173,14
3369.0,26,13.874804770121802,196.0,353.1649980599875,15
3370.0,23,11.485397057898714,180.0,336.6428221655628,11
3371.0,19,7.7898842717699335,179.0,311.6933770437143,8
3372.0,19,10.832424791998307,187.0,326.34069961987353,8
3373.0,27,9.708279317774906,195.0,339.80504120175914,16
3374.0,27,12.722791539852716,203.0,359.5500576968321,8
3375.0,27,18.060775924602094,59.0,376.26675981547436,4
3376.0,27,21.442279681350207,1.0,391.134610129135,1
3377.0,26,20.67181570309781,2.0,366.5502237097833,2
3378.0,27,20.318005474368125,3.0,380.92659893422604,2
3379.0,27,20.4869539381628,5.0,396.36348941664573,2
3380.0,26,19.71796728129002,9.0,373.46703001796527,4
3381.0,25,16.086549383293395,16.0,300.48115551094014,8
3382.0,22,11.666960931499627,25.0,259.65028192779215,9
3383.0,19,7.145544695999119,13.0,213.9773703362968,5
3384.0,19,7.131670330817058,20.0,200.42410937529863,8
3385.0,26,8.001445313898156,27.0,214.90324502508946,14
3386.0,26,13.707252118796394,15.0,233.2236452867065,4
3387.0,26,19.955794812619647,9.0,248.13812952162664,2
3388.0,25,23.64286910793121,11.0,250.88586601127307,2
3389.0,26,23.238290364840932,13.0,251.33653856699064,4
3390.0,24,20.751986528051034,15.0,223.37509134446987,2
3391.0,24,20.659598086022516,18.0,236.6447640527006,3
3392.0,22,17.32919512699401,22.0,226.62352367714092,4
3393.0,21,12.9117738310444,29.0,195.13120124751453,8
3394.0,19,8.323410998792843,26.0,188.8488553480759,5
3395.0,18,9.335423803262161,30.0,182.4199788304577,4
3396.0,18,14.337468257353974,34.0,195.1959682718415,4
3397.0,25,12.652134474669584,39.0,206.74441530064905,12
3398.0,25,17.506342493070235,44.0,222.79967093531192,5
3399.0,26,20.734337178844587,49.0,236.86657958575591,6
3400.0,24,20.299127592589922,54.0,230.4031334612392,5
3401.0,25,17.362826266337468,59.0,245.6522035938981,6
3402.0,25,13.768521561972149,64.0,263.89563882837416,5
3403.0,25,12.68117288701,73.0,282.7163761560262,9
3404.0,24,8.438853828679429,85.0,272.127811606531,13
3405.0,24,6.805460516991439,101.0,281.390700519732,17
3406.0,22,4.247122211271122,98.0,294.75859132397085,14
3407.0,22,7.920794366583737,98.0,313.1495649473588,9
3408.0,22,10.408435434348807,105.0,330.3722091955348,9
3409.0,30,9.592007778953509,114.0,346.339824291655,17
3410.0,30,13.076662553041485,123.0,367.9606363706672,9
3411.0,30,16.16391016676275,132.0,387.69245542413034,9
3412.0,30,17.04739989195351,141.0,406.8678113595692,9
3413.0,28,12.592675225449987,150.0,376.3023269613079,10
3414.0,28,10.344788449823572,161.0,373.98746357789474,12
3415.0,27,8.481658473048137,176.0,374.51404337896986,15
3416.0,26,8.107027964719364,193.0,370.6034474848522,17
3417.0,27,8.749457070039542,212.0,391.90020001732523,20
3418.0,23,4.139401043070544,193.0,399.85673330274494,16
3419.0,23,6.476376001937485,183.0,419.9301283533464,12
3420.0,24,8.423993548167491,192.0,438.9401129165584,12
3421.0,31,9.060007607840351,197.0,457.4139896635771,17
3422.0,31,14.030602046594797,193.0,479.86516698634836,8
3423.0,31,18.34653418994477,201.0,499.6826422492591,8
3424.0,31,20.97506498141144,210.0,517.8290462748503,9
3425.0,33,21.395690877922288,220.0,534.8316911018163,12
3426.0,33,22.01444696700732,230.0,553.3741677108762,10
3427.0,32,21.846955204240288,241.0,545.0242523367056,11
3428.0,30,21.73772257230282,254.0,507.48529379936764,13
3429.0,29,20.28703030946249,268.0,482.95634373908115,15
3430.0,26,16.341682753013,282.0,428.80734379160924,15
3431.0,25,16.881584205541337,296.0,426.6858348260956,14
3432.0,25,18.2086936166916,310.0,442.583281906373,14
3433.0,29,14.33144526937037,324.0,450.08013636886284,19
3434.0,28,14.17263733937178,338.0,461.380263462169,14
3435.0,26,10.758683363340278,352.0,450.1963626145796,15
3436.0,26,13.276096755367323,173.0,469.2713855657561,11
3437.0,26,13.668429344701208,69.0,480.3513205021563,8
3438.0,26,13.002082956968641,47.0,499.3719204820392,5
3439.0,28,13.44193231343925,54.0,517.6007672325799,9
3440.0,28,15.925748568218259,35.0,532.1823865484102,6
3441.0,29,18.84755985674174,42.0,548.9284987451863,8
3442.0,24,17.571987894931457,50.0,330.1398530089419,8
3443.0,24,20.416099727190595,58.0,343.72044659291936,8
3444.0,20,18.111913488521147,67.0,215.74563665973847,9
3445.0,28,14.501470862156443,28.0,227.3580192537476,13
3446.0,22,9.073848913439456,34.0,153.05963327421966,6
3447.0,22,12.65094668784842,40.0,169.25015168965967,6
3448.0,20,15.568370649112888,9.0,177.9949794346281,3
3449.0,21,18.297922191431187,5.0,190.43815611174935,3
3450.0,22,19.296108408972245,5.0,203.02592320967645,2
3451.0,20,20.050481428776134,6.0,177.01030451826873,1
3452.0,18,21.321473368464442,11.0,149.5910886214183,5
3453.0,19,23.940929628937766,17.0,158.48774606494834,7
3454.0,16,23.45785608406291,12.0,143.42863703696088,4
3455.0,16,26.40806618559257,16.0,150.9531488233797,4
3456.0,17,27.025135915805595,20.0,157.67183534717307,5
3457.0,23,19.329796699513864,24.0,154.0500257260362,11
3458.0,22,21.16851401479317,28.0,149.8902778896421,4
3459.0,22,25.260451735956007,32.0,160.1718175526285,4
3460.0,22,28.302199849831215,36.0,169.0757327228134,4
3461.0,22,24.403135725628072,40.0,143.94894194264427,6
3462.0,22,22.30774922164865,44.0,155.74815608053396,4
3463.0,20,18.694523957320495,49.0,144.37406964737127,5
3464.0,20,19.60838314179835,58.0,156.16737461298064,9
3465.0,20,17.885873243530913,68.0,160.20437108320942,11
3466.0,21,17.91480696101626,78.0,172.35975644013865,11
3467.0,19,16.59884265226985,88.0,172.31661150451512,10
3468.0,18,15.226947355125466,98.0,181.39259279494772,10
3469.0,25,10.253882829672081,108.0,194.05700303714679,17
3470.0,24,9.774447776858272,118.0,199.63323619242874,10
3471.0,25,11.575811646131083,58.0,217.66628423938155,6
3472.0,24,13.418653332548024,65.0,226.82236690809776,7
3473.0,24,12.593294339098652,73.0,238.86360683516233,9
3474.0,24,15.194647582251886,81.0,255.31256512610614,8
3475.0,24,17.97024774063928,89.0,270.30919140006216,8
3476.0,25,20.06136250109431,99.0,283.7510236116008,11
3477.0,21,14.163180932213011,109.0,200.9644428520672,11
3478.0,18,8.68994113278653,119.0,193.94013942224484,10
3479.0,16,7.2430308752478405,98.0,199.9799036977227,7
3480.0,16,11.003998750775809,103.0,212.1451445833625,6
3481.0,24,9.375866017167557,109.0,223.4457399935426,14
3482.0,24,14.077049428379146,115.0,240.49234247516412,6
3483.0,24,19.08174921681582,121.0,255.025886621292,6
3484.0,24,23.434773798529893,127.0,267.3552184082742,6
3485.0,24,22.839273338865254,133.0,263.9950649162156,7
3486.0,25,20.934633290720274,139.0,277.1215727327933,7
3487.0,25,20.31936177448649,146.0,291.5120859008334,7
3488.0,23,17.834210588902625,157.0,279.1937866712184,11
3489.0,23,16.512570422572058,169.0,277.48121742845547,13
3490.0,23,17.246738451297684,181.0,291.8595257286101,12
3491.0,21,15.154025429688291,193.0,288.1322323952195,12
3492.0,22,15.529223920539433,205.0,301.4552080745031,13
3493.0,28,11.133951591370277,217.0,302.1951969221616,19
3494.0,28,13.145269995808938,229.0,321.99112784714436,12
3495.0,27,14.419450051020608,241.0,336.24104451272757,12
3496.0,25,12.86787857959735,236.0,343.5947297045373,10
3497.0,27,12.111867531817538,248.0,361.82715077426855,14
3498.0,26,8.26773900607982,261.0,380.2493161371211,13
3499.0,26,8.867623350547246,275.0,401.5311982372677,14
3500.0,26,9.4874553159629,291.0,422.46462229837584,16
3501.0,27,10.95392438814829,132.0,442.35416602425187,15
3502.0,25,7.541553612852241,62.0,439.89818521271894,12
3503.0,24,7.590781245251346,59.0,444.31835014028206,9
3504.0,24,12.74505569874659,10.0,461.85444737579206,2
3505.0,31,14.183749705349292,13.0,476.5359992486166,10
3506.0,31,19.76013901162062,16.0,494.6026375184592,3
3507.0,28,21.438317944520882,19.0,307.5968753488178,4
3508.0,28,26.38032608281936,22.0,320.07962190559914,3
3509.0,25,25.106324354448912,26.0,218.34191732112453,5
3510.0,21,21.25171877938832,30.0,159.1421361424398,4
3511.0,17,15.80820413069059,34.0,119.04928597346454,4
3512.0,17,14.95483562201746,38.0,120.59121522194523,5
3513.0,16,8.749580947806582,44.0,126.38681253029182,7
3514.0,15,10.819574739073204,9.0,134.70800979322385,3
3515.0,14,14.204058670181857,1.0,141.3113437393771,1
3516.0,14,19.16743573330632,1.0,149.77194251952673,1
3517.0,22,14.107404941378755,2.0,157.26624477240216,9
3518.0,20,17.487445635591815,3.0,156.02273509266456,1
3519.0,20,22.859910851715284,4.0,166.44214082374575,1
3520.0,19,27.202521059327434,0.0,153.636432009643,0
3521.0,20,28.02781601134753,0.0,161.04444671348654,1
3522.0,21,25.841882824692682,0.0,169.80547616362645,1
3523.0,21,26.244942115398313,0.0,179.440163173811,0
3524.0,20,26.428617965397,3.0,175.24164470447946,3
3525.0,20,26.540267973399878,9.0,165.78623024435754,7
3526.0,19,27.60306478084893,15.0,163.48414005962297,6
3527.0,18,28.46497855560714,21.0,149.82164780778774,6
3528.0,19,27.51633832132565,27.0,157.3737990928329,7
3529.0,24,19.326263435104128,33.0,131.87200381522595,13
3530.0,24,21.632560708065608,39.0,145.53219866570902,6
3531.0,22,22.67763455235234,45.0,135.3941997171594,6
3532.0,21,24.352697274568857,51.0,136.6619150881277,6
3533.0,21,20.424700697644337,57.0,136.09715581403339,8
3534.0,19,15.466807293282326,63.0,129.56336205327594,6
3535.0,19,14.39959688784126,71.0,142.73611151470294,8
3536.0,19,14.03430473497596,81.0,156.02356878083532,10
3537.0,19,11.913676787202958,92.0,165.80161161549483,12
3538.0,20,12.229363963437379,104.0,179.4184439490717,13
3539.0,19,11.985098053812585,116.0,190.31366482302528,12
3540.0,19,13.164556120519938,128.0,203.98626523771392,12
3541.0,25,8.674129065236386,140.0,214.06552658090604,19
3542.0,25,9.893798468295607,152.0,233.88953376596555,12
3543.0,26,11.928358285381716,108.0,252.5234398197709,9
3544.0,26,14.35365145688716,116.0,270.8661671219543,8
3545.0,26,11.007281303048828,125.0,287.0061682456445,10
3546.0,25,9.966144305429248,135.0,304.25261589041804,10
3547.0,25,11.600948515085808,147.0,323.4694021334815,12
3548.0,26,13.724983181110597,87.0,341.29619361984624,11
3549.0,24,11.597416316042517,92.0,303.20994546599826,9
3550.0,23,12.270372790296348,101.0,293.04382483330056,9
3551.0,22,13.804546782170661,97.0,304.9188283557738,7
3552.0,21,15.874009891684844,104.0,314.1150791517254,7
3553.0,29,13.598669840417058,111.0,326.98979916011973,15
3554.0,25,12.700824511985271,118.0,245.35675135668433,7
3555.0,25,16.74616614545764,126.0,261.7971187127661,8
3556.0,23,18.67693070605072,125.0,258.2406432074833,6
3557.0,24,19.022947743453855,131.0,271.9446647517053,7
3558.0,25,18.549828255957753,137.0,286.70658480412817,7
3559.0,25,18.709939682976685,144.0,302.5243997260937,7
3560.0,24,18.607370253061905,153.0,305.8455371499845,9
3561.0,24,16.734833681188427,165.0,309.8720203171799,13
3562.0,22,12.864794203681413,177.0,296.48532450127567,12
3563.0,22,12.34388628973179,181.0,313.0680155071982,10
3564.0,21,8.752963800201718,193.0,311.6882426411101,13
3565.0,27,5.058589196476592,206.0,324.57781841239427,20
3566.0,27,6.216851170158641,220.0,347.80388763271503,14
3567.0,27,8.542535440604459,84.0,369.7039605150838,10
3568.0,27,11.319973995268322,17.0,389.95348706019,4
3569.0,28,12.587011563565945,21.0,398.8267354543959,6
3570.0,27,15.488048325739287,27.0,407.6111737233849,6
3571.0,27,18.915639757711723,33.0,424.0464727925896,6
3572.0,27,22.15747710371488,39.0,438.70905678606016,6
3573.0,26,21.416226556300806,48.0,374.4568600583841,10
3574.0,19,12.457039569618019,20.0,244.21518596859428,6
3575.0,16,8.85808175978794,4.0,194.30487105494487,2
3576.0,15,12.52687288712601,2.0,176.89749437052495,2
3577.0,22,12.953749680294132,4.0,186.2330591973611,9
3578.0,22,18.686763811284404,6.0,200.01271879675923,2
3579.0,23,23.543364266761504,8.0,211.12345269166505,3
3580.0,23,28.46356322202314,10.0,220.91585922584918,2
3581.0,24,27.19991861038981,12.0,230.7957659589078,3
3582.0,24,23.155236414108252,14.0,243.7040955938316,2
3583.0,23,19.31102716354557,16.0,233.44960704282087,2
3584.0,21,12.939701748861188,22.0,186.2289089522161,7
3585.0,22,11.135760683419257,31.0,202.25197185655531,10
3586.0,18,2.7407914985163995,43.0,177.39803142665437,12
3587.0,18,3.410338123022293,57.0,194.16983129417645,14
3588.0,18,4.294706918774949,71.0,210.6211601940006,14
3589.0,26,3.34977657733767,78.0,226.8994950270331,21
3590.0,26,6.066095924336195,64.0,249.7384806024145,9
3591.0,26,9.905984763176088,56.0,270.48870283234555,6
3592.0,26,14.142397185713005,59.0,289.00362533990403,6
3593.0,27,15.623707360192256,65.0,306.48543897919257,7
3594.0,28,17.750792567651786,71.0,323.4906087539971,7
3595.0,26,16.769717163806323,78.0,315.43413432693677,7
3596.0,26,15.850689300671927,89.0,333.1292370436626,11
3597.0,27,14.342138266673249,101.0,351.3764565788226,13
3598.0,25,11.764603490269838,86.0,365.0477678300235,8
3599.0,26,12.213950263999262,91.0,383.8076985664155,9
3600.0,24,11.600247295180358,100.0,360.74897780190156,9
3601.0,24,14.96195390137779,110.0,377.60347775905467,10
3602.0,23,15.655032243394986,120.0,375.9154548191077,10
3603.0,23,17.10320517052562,130.0,390.73983577386304,10
3604.0,19,10.437558583027972,142.0,328.2077697997988,12
3605.0,19,8.556192271602917,154.0,343.6499864805874,12
3606.0,18,6.348889759859518,148.0,338.9359137590801,10
3607.0,17,8.264479853696225,32.0,330.67140190475044,4
3608.0,17,13.337066388887248,5.0,342.9623379529465,1
3609.0,17,19.855842328062224,6.0,352.9808804825055,1
3610.0,17,26.028658045785328,7.0,360.8590042309833,1
3611.0,17,28.26668747626967,8.0,367.9621768281486,1
3612.0,17,25.260426940638613,9.0,376.1329766015231,1
3613.0,13,13.917546695432206,11.0,238.75332096809478,2
3614.0,13,9.682920820689429,17.0,249.084993149585,6
3615.0,11,2.8431948650815033,7.0,218.8188810520621,3
3616.0,11,5.250456276809972,11.0,228.63426970162007,4
3617.0,11,9.767979227382515,8.0,237.43470431516607,3
3618.0,11,15.172409029738798,6.0,245.0282502285165,1
3619.0,11,21.133212632601566,7.0,251.3070293132121,1
3620.0,11,25.66682856150122,8.0,256.5588338273566,1
3621.0,10,25.477170906694433,9.0,232.72606957810177,1
3622.0,9,25.02254977172936,10.0,212.4481221439673,1
3623.0,8,27.304598888272544,1.0,185.07298243768173,1
3624.0,5,22.628229630806242,2.0,117.63803071060016,1
3625.0,5,28.072055928936397,3.0,119.97900919865444,1
3626.0,3,19.671645837222524,4.0,68.9921832136598,1
3627.0,3,22.65246144914257,5.0,70.77224066846998,1
3628.0,3,16.948902592233157,6.0,72.84532547806646,1
3629.0,3,7.295379364551664,7.0,75.43696276040112,1
3630.0,3,1.7500814753506686,8.0,78.33953006158812,1
3631.0,3,2.24395028192478,0.0,81.20979520313182,0
3632.0,3,4.317273693743588,2.0,83.95588953959233,2
3633.0,3,10.301544270997361,0.0,86.37321225040029,0
3634.0,3,16.60891950997287,0.0,88.43881528920951,0
3635.0,3,24.811788515055046,0.0,90.04925503164539,0
3636.0,3,31.53656276241639,0.0,91.28754153632917,0
3637.0,3,39.496396078958604,0.0,92.08345437957747,0
3638.0,2,44.58333650505281,0.0,65.8465573410734,0
3639.0,0,0.0,0.0,0.0,0
