time_s,vehicles_in_network,mean_speed_km_h,total_waiting_time_s,total_time_loss_s,stopped_vehicles
1.0,8,0.0,0.0,0.0,8
2.0,8,6.856683418516769,0.0,6.889330684500616,0
3.0,8,13.351194327652923,0.0,12.720969498752796,0
4.0,8,21.20763059471268,0.0,17.276532250658846,0
5.0,9,22.14344240223523,0.0,21.210835993059888,1
6.0,9,15.30806448066533,0.0,27.39705082729575,0
7.0,10,10.757029887548642,0.0,34.22120118024332,1
8.0,10,12.69268970974962,4.0,41.62641626188153,4
9.0,11,12.431719789401773,10.0,48.81138404819035,7
10.0,11,14.36567751691492,16.0,56.53957941215395,6
11.0,11,16.032376951592283,22.0,63.86886494759295,6
12.0,12,12.731394307854595,28.0,71.70544021066581,7
13.0,19,5.837970812002083,34.0,81.44818646769666,13
14.0,19,9.16956496493628,1.0,96.89807406933599,1
15.0,19,11.734390275347437,3.0,111.35080174004074,2
16.0,19,15.997615261892953,6.0,124.09659804414414,3
17.0,21,18.153857348806955,10.0,135.2471916728362,6
18.0,21,21.61038733984417,15.0,146.91727501547513,5
19.0,21,24.618065406161374,21.0,157.30232924196426,6
20.0,15,20.137960256946197,28.0,86.07861584278906,7
21.0,16,18.943138348341677,35.0,94.86580943377741,8
22.0,11,1.197048540549969,42.0,85.13646919211779,8
23.0,11,2.156727132166286,50.0,95.66282685201854,8
24.0,11,3.640680593412538,58.0,105.85917487693541,8
25.0,18,2.159259569024602,67.0,116.0729260638415,16
26.0,18,3.687685897061591,76.0,132.6774189830701,9
27.0,19,7.839798779082262,9.0,147.54766277363055,4
28.0,19,14.118523064845407,0.0,161.01112326204316,0
29.0,20,17.896278876464137,0.0,172.66040933215322,1
30.0,20,18.4692421241356,0.0,185.2476182746348,0
31.0,20,20.237724168208857,1.0,197.22511991139174,1
32.0,21,23.93419086279801,4.0,207.2785095789713,4
33.0,20,23.874412103393787,10.0,178.26793847064593,7
34.0,20,27.011732002579187,16.0,187.6928526155408,6
35.0,20,28.373193980294477,22.0,196.62121648584952,6
36.0,20,29.370652068301652,28.0,205.15139903012044,6
37.0,27,18.9222712555186,34.0,195.54219676540373,14
38.0,27,17.474018097690273,40.0,213.5538534001069,6
39.0,26,14.37221087845838,47.0,213.80950343283118,7
40.0,25,14.263980835274637,3.0,217.17750063704477,2
41.0,24,12.914794425032738,6.0,204.65572628498458,4
42.0,24,16.366066103775527,12.0,220.75005023733837,6
43.0,25,18.249371935117367,20.0,235.55329626016078,9
44.0,25,19.959703409822385,29.0,250.46159359733568,9
45.0,24,18.321052592505772,39.0,258.04789725556327,11
46.0,18,10.394648366487775,50.0,227.32774938239197,11
47.0,14,2.539727714986104,61.0,178.71366634714107,11
48.0,15,1.772588038650208,72.0,192.20404331780492,12
49.0,22,1.2745657898738603,84.0,206.6725244901882,19
50.0,22,3.384202167145932,96.0,227.15295032823553,12
51.0,22,5.576868172948811,109.0,246.5987179988328,13
52.0,22,7.40969631207727,123.0,265.14400812984894,14
53.0,24,7.941539146205574,42.0,283.13619007448926,8
54.0,24,8.738527181348452,1.0,302.9521717578047,1
55.0,24,12.053798101681465,2.0,321.2632091193063,2
56.0,24,16.822535704286548,7.0,337.3471797932633,5
57.0,25,19.84190376241283,13.0,351.6496368992961,7
58.0,26,23.776335795623016,19.0,364.57113286093903,7
59.0,25,27.177783784974743,25.0,350.69906171028475,6
60.0,22,29.432107445916788,31.0,276.62361188767943,6
61.0,28,23.729379969609184,37.0,253.13050098184704,13
62.0,27,25.83732118394916,43.0,242.72671626543985,6
63.0,27,24.77023976506105,49.0,232.97984098387317,7
64.0,27,23.607872857721432,55.0,247.72192251789045,6
65.0,27,17.939962516887313,62.0,242.9851865923074,8
66.0,26,14.327571140083077,25.0,245.1199211042315,3
67.0,24,12.957558765392786,4.0,223.43494928580847,2
68.0,25,15.538544419424053,11.0,239.53705274113543,8
69.0,26,17.43404688061712,18.0,255.29442852755378,8
70.0,23,15.753139885613576,28.0,260.17754660581403,10
71.0,22,16.427847431353285,39.0,270.79756849156905,11
72.0,17,9.323349061649687,50.0,209.6712491401357,11
73.0,23,2.8337528009753497,62.0,198.66860295257695,20
74.0,22,3.0732657234950618,74.0,201.19353877704455,12
75.0,22,5.575609018269289,87.0,220.72305335329116,13
76.0,22,7.946623930922477,101.0,239.21570109717217,14
77.0,23,7.021028505916273,115.0,257.9751233848965,15
78.0,23,3.0399738297020975,129.0,279.5749859263137,14
79.0,24,2.8999390818719024,52.0,301.19824629325996,9
80.0,24,7.182447932498032,6.0,321.75945820265844,5
81.0,25,11.506028569671315,12.0,340.01631589247484,7
82.0,25,16.554470555155547,18.0,356.7445693847208,6
83.0,25,21.556821003549786,24.0,370.97119156703917,6
84.0,26,25.738650222015455,30.0,382.62049681026093,7
85.0,32,23.276226188519324,36.0,364.479589094366,13
86.0,29,24.79986412396946,42.0,289.3978842151253,6
87.0,26,25.317024849195555,48.0,231.782241787362,6
88.0,26,27.62426152748857,54.0,243.26362447773155,6
89.0,28,24.825137370099306,60.0,255.20410968589502,8
90.0,27,18.05422539445823,67.0,252.06731904833222,7
91.0,27,12.748945217081149,75.0,272.0424991834632,8
92.0,26,11.082558524034985,32.0,272.46396711343573,5
93.0,24,9.556594560081404,10.0,239.59012338586308,7
94.0,25,11.360413154973017,16.0,257.9181573379949,7
95.0,25,14.822797301506956,23.0,275.50922369421386,7
96.0,25,18.64767097598025,31.0,291.194705034238,8
97.0,31,16.09601494118813,39.0,298.3142849888327,15
98.0,24,10.555045843717684,49.0,218.0937063992439,10
99.0,21,5.628053980842967,59.0,177.3103530532909,11
100.0,21,8.087882461606794,72.0,194.76408708416466,13
101.0,22,9.562710710060525,85.0,211.39583972846958,14
102.0,22,10.24318583203842,98.0,228.75700420095598,13
103.0,22,10.867835916213188,111.0,245.85848393712197,13
104.0,23,10.802847798740379,125.0,262.74955641107795,15
105.0,22,8.502509025271097,41.0,273.6637051914926,7
106.0,19,8.45694517885956,2.0,281.4964531344771,2
107.0,19,15.025683865469983,2.0,294.79850843582994,1
108.0,19,20.96130173496261,3.0,305.85418772483615,1
109.0,27,19.010793720970543,4.0,314.61232627117283,9
110.0,27,23.885980355891363,5.0,328.7326209385345,1
111.0,25,24.568506450214148,6.0,283.54854872322846,1
112.0,23,21.935238555713184,7.0,243.69146623728847,1
113.0,22,16.38618924949879,9.0,213.61886079055637,3
114.0,21,9.176742826717058,14.0,208.97462038048639,5
115.0,22,6.182573481919783,19.0,227.2947100357043,6
116.0,22,6.044876415425121,29.0,246.62594222139978,10
117.0,23,7.508333607621974,28.0,265.1530284692391,13
118.0,21,7.465261520986632,14.0,276.30592364710907,7
119.0,21,11.562453441818393,14.0,292.4606435859959,4
120.0,22,15.196418763665195,9.0,306.8884706724265,4
121.0,29,15.744964881061183,12.0,319.9611387464965,10
122.0,29,18.8979677465818,16.0,338.18699243475066,4
123.0,29,19.1828095508505,20.0,356.22229133498286,4
124.0,27,15.917667587217334,26.0,343.68247406829266,6
125.0,28,12.616449433729079,34.0,352.4566786270046,10
126.0,26,8.441142528139444,43.0,351.7736750389403,9
127.0,26,8.824763511509888,55.0,373.33782692257296,12
128.0,26,9.4277193432682,71.0,394.59320543099085,16
129.0,25,4.585176559704995,89.0,409.7181871388467,19
130.0,24,0.5841141131483732,108.0,425.97755780209604,20
131.0,24,2.1682063685528354,90.0,448.93013734381276,18
132.0,24,4.9721632743996365,80.0,470.5124856880498,12
133.0,31,7.054148128204254,37.0,490.0910129672246,13
134.0,31,12.573382453465145,11.0,513.2692143697634,3
135.0,32,18.410538080780793,0.0,532.5100553008018,1
136.0,32,23.889044613227128,0.0,549.3198033349157,0
137.0,31,27.1558200627759,0.0,527.3919237590223,0
138.0,30,25.921625663775814,0.0,488.94713077891174,1
139.0,26,22.62979599072173,1.0,385.8047015651512,1
140.0,26,20.161853217961117,6.0,362.6353710023169,6
141.0,23,11.511072312911125,13.0,290.45284942529213,8
142.0,21,6.064949026079927,23.0,274.3226037434187,10
143.0,20,3.2568424951181694,35.0,266.2310934278605,12
144.0,20,3.096805153880433,49.0,285.11592500547744,14
145.0,28,2.9796442990323913,33.0,303.488356743032,17
146.0,28,6.74586235610994,15.0,327.7213197950315,6
147.0,28,11.746980306277257,13.0,349.15890275589334,4
148.0,28,17.642307777100875,18.0,367.33316074965353,5
149.0,29,20.516643221151153,23.0,383.44988384350626,6
150.0,29,22.205104709412062,28.0,399.5421953480256,5
151.0,29,19.82481351809486,33.0,403.7010293098217,6
152.0,26,14.315390609213992,41.0,383.29731114027396,8
153.0,27,11.69575103301845,51.0,403.10702227454163,11
154.0,23,4.317648979021381,64.0,410.48704184942346,13
155.0,23,2.7581215194461364,78.0,432.2352768708341,14
156.0,24,1.107962666578738,95.0,454.68962866460345,18
157.0,31,0.4880167264682827,113.0,478.3829644966678,25
158.0,31,3.5399499599948467,84.0,507.2310906125794,17
159.0,31,7.616471489779678,39.0,533.634140131369,9
160.0,31,12.746611617616946,11.0,556.963968647686,4
161.0,32,17.97167415979263,2.0,576.786122049678,2
162.0,32,22.07376901181767,0.0,595.090686146948,0
163.0,32,26.038897063796778,0.0,610.9176666211496,0
164.0,30,25.356253323606293,2.0,554.4680020271251,3
165.0,27,24.13339149230828,7.0,484.27226287830916,5
166.0,24,18.747449554744442,12.0,387.1464438613567,6
167.0,23,13.870859515502882,18.0,338.0563950313699,7
168.0,21,8.711835279303205,27.0,297.189363306206,9
169.0,26,3.440857776990259,38.0,288.11407434273696,17
170.0,27,3.8516225079523934,51.0,312.00572477500396,14
171.0,28,6.806771862031317,29.0,335.2828374669607,9
172.0,28,10.490643216263491,9.0,357.5978463830141,5
173.0,29,13.99250470973932,7.0,377.7191067259484,3
174.0,29,16.940037140615924,10.0,397.08430392088417,3
175.0,29,20.786679703439884,14.0,414.17537533180274,4
176.0,30,22.072891007236855,19.0,429.9642103144911,6
177.0,29,19.277442780838452,24.0,417.97911864124114,6
178.0,24,10.350268359554208,32.0,408.62681349226386,8
179.0,24,8.748798736989183,43.0,428.18692948479855,11
180.0,24,6.172288390843765,56.0,448.9619157447817,13
181.0,31,1.2847920642796944,72.0,453.0090931834153,24
182.0,31,2.2937525332908866,90.0,482.47948481619386,18
183.0,31,3.6433481353267334,112.0,511.197938582289,22
184.0,31,6.098398627732267,79.0,538.4519022327481,16
185.0,32,8.62166767530084,39.0,564.063511155354,10
186.0,32,12.001844931111505,16.0,588.5891416631769,4
187.0,33,15.48940574719432,8.0,610.609933569733,3
188.0,33,20.386592587167435,11.0,630.4276066351223,3
189.0,33,24.551487443180726,16.0,647.5838078190786,5
190.0,30,24.366954359242815,21.0,625.1124908950976,6
191.0,26,20.883067712577752,26.0,468.85087022424847,5
192.0,25,15.3604757411723,32.0,410.09245889386125,7
193.0,31,10.004164978887028,41.0,396.7755776682783,16
194.0,29,8.587504933848123,52.0,357.0142522257858,11
195.0,27,7.092878573486633,66.0,324.10032863696836,14
196.0,27,7.762373848509239,79.0,346.90239700343113,14
197.0,29,8.091163540231006,45.0,369.1812760222889,11
198.0,29,10.300454527810011,14.0,392.16492738827174,5
199.0,29,14.089180073090345,11.0,412.94857249809013,4
200.0,29,18.40603666084559,15.0,431.2252678399311,5
201.0,30,21.752503251119244,21.0,447.20384145551105,7
202.0,27,19.050032628091504,27.0,449.9350422655358,7
203.0,26,17.3282409370744,34.0,450.8638952154058,7
204.0,24,11.465736989735623,42.0,435.1915909603994,8
205.0,31,6.664691083482055,53.0,455.1958102787548,18
206.0,30,5.072101175574906,68.0,461.888780519097,15
207.0,31,4.789214408565961,83.0,488.836436559457,16
208.0,31,5.517081645778492,98.0,516.2526690781677,15
209.0,32,4.7526890163606,118.0,544.0155445204509,21
210.0,32,5.372585076978207,89.0,572.3879610137831,18
211.0,32,7.1862230678211985,46.0,599.7463828453582,11
212.0,33,11.067965485096522,21.0,624.4762456694219,7
213.0,33,16.05624906228985,11.0,646.9531610233608,6
214.0,32,20.062370782157373,15.0,662.9020440887406,5
215.0,31,23.61603266985568,20.0,676.1604535263273,5
216.0,29,22.925901838172706,25.0,589.9353288305407,6
217.0,34,16.62360265690742,30.0,542.5695745827697,12
218.0,32,16.26229514067828,37.0,483.41747649464315,7
219.0,31,14.524510858715312,47.0,436.08102591150464,11
220.0,29,12.717166128512256,58.0,387.14593295219964,11
221.0,27,9.697117086617629,70.0,356.0748269949635,12
222.0,27,4.751367930641808,84.0,352.8234639591172,15
223.0,28,3.974713368125894,48.0,377.64561111610976,12
224.0,28,7.779182631941734,15.0,401.32888108985577,6
225.0,29,11.486157730732108,15.0,422.73137060926115,8
226.0,29,15.968582433118483,20.0,442.56773455186215,6
227.0,28,19.6183165355215,26.0,454.3410226920381,6
228.0,29,21.608136649230833,32.0,469.7013465342968,7
229.0,33,13.645699447097293,39.0,454.6321400211329,14
230.0,30,9.672129196062793,47.0,434.43324443162817,8
231.0,30,9.6931690855171,58.0,458.45608093735,11
232.0,30,9.472692762055972,71.0,482.5488090038781,13
233.0,31,6.1573271001121395,86.0,486.5873994106197,17
234.0,31,4.348019083624967,105.0,514.9767546031096,19
235.0,31,3.7516226549134215,125.0,543.754742986913,20
236.0,31,6.005113882608538,94.0,571.1827181677179,18
237.0,30,7.920377196224195,55.0,593.3736885425827,13
238.0,30,10.607858121590253,27.0,612.7759199563699,8
239.0,30,16.216341207329034,16.0,633.244154355174,4
240.0,30,22.314247976340983,16.0,650.1139857547289,3
241.0,36,22.267773370816986,19.0,664.3540046442706,9
242.0,33,22.02558621838846,22.0,581.9377020746233,4
243.0,31,19.38270769102922,25.0,527.7235827609692,4
244.0,29,17.346474898425463,29.0,455.5677578531501,4
245.0,27,14.426409077345149,35.0,377.6433098425403,7
246.0,25,10.385473944254006,44.0,329.52705287357287,9
247.0,24,7.550561395042329,55.0,326.92894025372806,11
248.0,26,5.728388385148479,71.0,348.1237242703891,18
249.0,24,4.283920722442648,27.0,363.6342536000499,9
250.0,25,6.864153755539129,21.0,384.2439977993806,8
251.0,25,11.201603519156572,25.0,403.69020027617205,7
252.0,25,15.027251931856311,30.0,421.23178465534374,7
253.0,33,14.35994237235252,25.0,436.852456635793,13
254.0,33,17.092766856470707,31.0,458.8072075248462,6
255.0,29,15.109099524888668,39.0,421.18040895364885,8
256.0,29,14.612412365525929,47.0,441.8413053723487,8
257.0,30,11.800506349876331,55.0,463.8485548202968,9
258.0,31,9.976818611402908,66.0,487.7155085227939,12
259.0,29,7.354379401656527,80.0,487.20091396368775,14
260.0,29,7.427460076782929,98.0,511.90471560515795,18
261.0,27,3.825680979880032,120.0,530.9962229935607,22
262.0,25,1.3361008887962937,103.0,548.7022099643899,18
263.0,25,3.038391796365206,100.0,572.2222437701317,16
264.0,26,5.903850550623919,101.0,594.2121922624877,13
265.0,32,7.299817239082474,110.0,615.641707359264,17
266.0,32,12.440398882668552,66.0,639.7618678216201,7
267.0,32,17.776860982821916,29.0,660.4428169805308,3
268.0,31,21.439922725076894,8.0,637.0176658156845,1
269.0,31,24.207131180760943,0.0,606.466213022795,1
270.0,30,23.292519197757976,1.0,556.4729373756451,2
271.0,29,22.85300951869269,4.0,532.3904041410099,3
272.0,26,20.14144824585774,11.0,454.639375544895,7
273.0,25,17.57821604355167,19.0,398.0485107606161,9
274.0,22,9.487130796751643,28.0,351.68378168844174,10
275.0,21,4.722790049407112,40.0,335.5042441728089,12
276.0,21,3.801467701136698,43.0,354.75231483515876,11
277.0,28,3.812764262227008,34.0,373.3335807992725,15
278.0,28,8.54473052666204,28.0,396.19367720974986,6
279.0,29,12.202015280573365,6.0,416.87384305515644,3
280.0,30,16.042595213393138,8.0,436.0953307349272,3
281.0,31,19.442923031977536,11.0,453.87409761560775,4
282.0,30,20.988019063043932,15.0,459.5363659622787,4
283.0,29,21.429670571403847,19.0,466.0328052171999,4
284.0,31,18.249488961777597,25.0,483.6209644598033,8
285.0,31,12.150499869574285,34.0,492.4192668895615,10
286.0,27,4.8851709715969465,46.0,504.21566363168745,12
287.0,26,2.1526850205627106,63.0,512.8560267976814,17
288.0,26,1.1025235407631213,82.0,538.285413636999,19
289.0,33,1.3116841263587549,71.0,563.3588894837504,24
290.0,33,4.932563943371676,67.0,592.9586778169836,15
291.0,33,8.84766285916487,77.0,619.8823237873627,14
292.0,33,13.395686091430424,50.0,643.7214036810033,10
293.0,33,18.00202170846282,30.0,664.5351743792883,6
294.0,34,19.693891633526107,14.0,684.0638884695852,3
295.0,32,21.101387521740936,10.0,609.1300365481644,1
296.0,30,22.01005280602827,11.0,598.8631727373837,1
297.0,29,20.992734282308867,17.0,538.6018052534937,7
298.0,25,17.070275576541313,24.0,456.8412259890739,7
299.0,23,13.564843089481183,32.0,404.6824128559277,8
300.0,24,9.789154787428949,43.0,386.24181635414465,13
301.0,29,6.020763540303834,56.0,365.3699787358443,19
302.0,27,4.123031069515858,59.0,331.32220534282817,13
303.0,28,7.0570210458023785,39.0,354.361054570122,11
304.0,29,10.442326122422088,32.0,376.2195255078012,8
305.0,30,14.034828139187137,11.0,396.6139872976141,4
306.0,30,17.875666165250177,14.0,415.6365630763626,3
307.0,31,20.792676676078965,19.0,432.4552003912167,6
308.0,29,20.770115469287617,26.0,422.5135519500306,7
309.0,30,19.532320625850048,33.0,439.6878753376252,8
310.0,27,11.751016595229615,41.0,445.3058145633866,9
311.0,26,6.755530701149461,52.0,452.3548711317726,11
312.0,25,2.315790043626315,66.0,459.0530021724454,14
313.0,31,1.1145258457999423,84.0,483.3913743524429,24
314.0,31,1.8366401480846983,104.0,513.2929441542312,21
315.0,32,3.533367825209279,97.0,542.1061054081115,21
316.0,32,6.99063569860816,86.0,569.7492509196502,15
317.0,32,10.014897057272721,95.0,595.549097850627,13
318.0,32,12.252979242565216,62.0,619.9262662617639,9
319.0,32,15.797347942718476,37.0,642.0647093709202,5
320.0,33,18.81812157248889,19.0,661.8614269055566,6
321.0,33,22.335894082535184,17.0,680.2677242611496,5
322.0,28,20.112788506697864,22.0,581.2038991416869,5
323.0,28,19.908151313458994,28.0,581.2295962415523,7
324.0,25,16.97515621725448,35.0,488.40931809410915,7
325.0,29,8.551469929272711,43.0,400.82593869491626,15
326.0,28,7.863827252333363,53.0,390.1279222112239,10
327.0,28,7.7240403539551155,66.0,382.8519620699176,14
328.0,27,8.706029236781399,62.0,378.73504850205876,11
329.0,27,10.639338062777815,42.0,400.1221940406924,10
330.0,29,9.489999411753859,35.0,421.8042912960428,8
331.0,30,11.056564244659047,33.0,444.3966707223586,5
332.0,30,15.041183731414502,12.0,465.64191585890524,3
333.0,29,18.45675931173057,17.0,481.0963773822025,5
334.0,27,17.19537194621159,24.0,463.15666772239865,8
335.0,28,15.371273730593243,31.0,481.75708154489735,8
336.0,29,12.866996678541582,40.0,502.46164552078693,10
337.0,35,9.59108367479249,51.0,524.8727744243002,17
338.0,32,5.899520010710342,65.0,518.4656487199161,14
339.0,31,5.087154200114472,82.0,525.5767979208127,17
340.0,31,5.910039133886013,103.0,552.6621667812706,21
341.0,32,5.44139945278121,93.0,580.0702485318106,19
342.0,32,6.610963008973756,80.0,607.7541709344698,13
343.0,32,8.449745759247055,90.0,634.2703533823848,13
344.0,32,11.607120911358138,102.0,658.7015556807895,13
345.0,31,13.796980284949637,66.0,677.525685743117,11
346.0,31,16.385409351960867,39.0,694.0024634090246,8
347.0,30,18.373419683851008,19.0,657.6203075132246,4
348.0,28,19.449183817152573,13.0,609.2660037505528,3
349.0,32,16.70120644625669,16.0,582.0096371559423,9
350.0,32,18.789791014187898,19.0,560.4989776230501,4
351.0,31,18.45670685009346,24.0,494.71417494472325,6
352.0,28,17.292713265953832,30.0,424.6153171718172,6
353.0,26,12.184438285373377,39.0,342.62482910071856,10
354.0,27,8.956683715268065,30.0,363.9219698011021,11
355.0,26,7.908141438778943,26.0,358.76477002660107,7
356.0,27,10.522682465575489,23.0,379.0802364109031,8
357.0,28,13.14290236113251,25.0,398.6607085939001,7
358.0,27,15.498812893590383,31.0,412.9670980473187,6
359.0,26,17.774208508296116,38.0,426.19558135930964,7
360.0,25,16.869114140243084,20.0,408.2094702471525,6
361.0,32,12.228821076712757,26.0,425.5479612538129,13
362.0,32,10.993255901709748,32.0,450.6968451745765,6
363.0,33,9.80961352996322,42.0,476.29423649823457,11
364.0,34,9.34721453068457,54.0,502.8739302269591,13
365.0,34,9.921303575591267,68.0,530.1245331391309,14
366.0,32,4.605674479790676,84.0,510.95699339773967,17
367.0,32,4.507759973101732,72.0,540.0422063902483,15
368.0,32,7.253265478782407,52.0,567.3007522609415,13
369.0,31,8.3005068058493,63.0,590.1463878511357,14
370.0,30,9.562042033834077,77.0,611.4140036788515,14
371.0,30,12.671989722232308,91.0,633.7798702103333,14
372.0,31,15.800233716510357,105.0,653.9420427898417,15
373.0,35,14.037942558461603,72.0,582.7798789675932,16
374.0,32,13.610170445890171,40.0,572.150901099811,6
375.0,30,14.965213201842442,24.0,524.9730852051505,5
376.0,30,19.63867009224854,21.0,543.3570415919442,4
377.0,28,19.33234765210112,26.0,470.25564791766607,6
378.0,29,18.176278221658574,33.0,487.92727394692827,8
379.0,26,14.117703665554657,41.0,386.45605763319566,8
380.0,26,15.02102627918673,26.0,404.8754955127522,8
381.0,25,13.175941249322493,21.0,350.09457303911944,8
382.0,25,12.75748686324443,17.0,365.03994898659755,6
383.0,25,13.997079852945424,16.0,353.4772052250949,5
384.0,25,18.311175737577575,21.0,369.4381577373717,5
385.0,31,18.08367382645776,26.0,383.2883121644082,11
386.0,28,16.6000320229404,17.0,347.4406172106338,4
387.0,30,14.551694772809276,21.0,366.77176242067776,6
388.0,30,12.229031122968747,26.0,389.46263278229225,5
389.0,30,10.506318394570291,33.0,413.19671973914564,7
390.0,31,9.053237906248318,43.0,437.663562994379,11
391.0,32,7.576377778574039,57.0,463.91083576260934,15
392.0,32,6.499476529995618,73.0,477.0000329494871,17
393.0,31,6.434053239285913,60.0,490.179824720508,16
394.0,28,3.3312505722714585,67.0,505.35898727190823,17
395.0,28,5.501843552497998,79.0,530.3508630231378,15
396.0,28,7.801924955605233,96.0,554.1118906805248,17
397.0,35,8.73164499862637,86.0,576.1958186415341,21
398.0,35,12.364265201693767,100.0,602.7311609073502,14
399.0,33,13.853926976622704,70.0,556.0877399614307,10
400.0,33,16.860694573021537,46.0,577.9615632920945,6
401.0,32,18.047133068558157,29.0,562.6556523315038,5
402.0,32,18.230000227397827,27.0,551.0449260138741,5
403.0,28,15.89935436653793,32.0,490.8441560982919,5
404.0,28,16.10662081136546,41.0,477.18674072066153,10
405.0,27,14.664671164298534,52.0,452.4409002318705,11
406.0,24,10.602465676488492,63.0,418.17223445802364,11
407.0,23,8.478376495947995,54.0,398.58406050657226,11
408.0,24,5.476656856848666,66.0,385.0219784801993,14
409.0,31,4.495211565385934,81.0,406.0705787981408,22
410.0,30,6.34183353003106,54.0,402.5510892908712,13
411.0,30,10.542956583416748,42.0,426.1765695950872,9
412.0,31,14.540511986606122,37.0,447.12771814080406,7
413.0,31,14.282752205093308,25.0,433.9589473990454,7
414.0,30,16.636647640969066,31.0,444.20279044149055,6
415.0,30,18.826735127746662,38.0,463.25206058620927,7
416.0,30,17.45557243665024,46.0,483.1890875812094,8
417.0,30,14.677558860915115,58.0,504.7507260949689,12
418.0,27,6.546696372162347,71.0,513.1656148382236,14
419.0,25,2.5712591862855,86.0,502.8543675557893,15
420.0,25,3.2390444803807337,71.0,526.2182764004378,13
421.0,31,3.5264774177887808,77.0,549.0569706621673,18
422.0,31,6.490361265813118,90.0,576.133439791905,13
423.0,32,10.143569863652449,91.0,600.8165708128516,13
424.0,32,14.266558384358461,103.0,623.9001312788449,12
425.0,32,17.763959585806685,115.0,644.8497985832231,12
426.0,31,16.658560904327775,74.0,615.1823411895363,8
427.0,30,16.236014834119935,42.0,601.844348513632,6
428.0,30,16.441249873957833,18.0,582.1353778381057,6
429.0,27,16.38900635602329,12.0,542.9174405297945,6
430.0,24,15.99903370890723,19.0,518.5988240348026,7
431.0,24,17.003906405644702,27.0,506.3373696359598,9
432.0,23,16.526297512993427,36.0,476.90369440110464,9
433.0,29,11.019995690955154,33.0,446.86293135964587,14
434.0,29,9.232217511836431,41.0,433.67547440619234,9
435.0,28,8.590531390238514,53.0,414.5525420932304,12
436.0,28,11.284807442100877,43.0,436.2596527644661,9
437.0,28,11.189366791811773,36.0,424.6813604553065,8
438.0,29,12.921243849433306,30.0,445.2777640996102,5
439.0,29,14.510396108535565,11.0,452.7423595235333,4
440.0,28,18.157391058021126,15.0,457.32798848157745,4
441.0,28,21.526667755853666,22.0,473.44872750776074,7
442.0,27,18.23649826051233,29.0,482.98610601308246,8
443.0,28,14.734320972272622,36.0,501.93386835046266,8
444.0,28,10.002498363089128,44.0,518.1121421493349,9
445.0,31,3.273649967767676,56.0,496.18544576354697,18
446.0,31,3.79073207009135,50.0,524.7981132264664,10
447.0,31,6.3937550524514215,60.0,551.7738412846425,12
448.0,31,9.439183577829624,75.0,576.8311497898562,15
449.0,32,11.519855046468622,67.0,600.2672994777276,13
450.0,32,13.47787354773155,80.0,623.3564959658188,13
451.0,32,14.905369639750928,94.0,645.4944274291176,14
452.0,30,14.40226549670617,61.0,566.6836252449359,10
453.0,30,15.868374569123255,38.0,586.8360292031923,9
454.0,27,13.387422821271503,17.0,529.3765468521526,6
455.0,26,14.824786734002114,16.0,531.526715081021,6
456.0,23,14.99663012448394,22.0,466.6973041198668,6
457.0,30,13.749812475687836,30.0,481.75387822786234,15
458.0,30,16.000107716446937,39.0,502.45200978390443,9
459.0,29,14.271610459527668,34.0,430.4936559700558,8
460.0,28,11.74935247013692,41.0,373.7928873874444,8
461.0,28,12.435533888136113,48.0,394.7768596707477,7
462.0,27,11.380658147064185,41.0,384.2824907021029,7
463.0,27,10.32873044668574,34.0,376.59554416166026,6
464.0,28,12.391096157714788,41.0,396.5753857027437,8
465.0,27,13.0215669812895,21.0,386.6224834489239,7
466.0,25,14.936448849760678,28.0,398.4746257296233,7
467.0,25,17.377480019593794,36.0,414.9470458320838,8
468.0,26,15.275032857679403,44.0,432.23511636689636,9
469.0,34,9.190206330641011,52.0,452.1511528642036,16
470.0,34,9.637503652050716,65.0,479.71848266439713,13
471.0,30,5.157823939026213,79.0,448.19548118975405,14
472.0,30,6.68686756759885,66.0,474.18084765389017,15
473.0,30,7.797535788769182,66.0,499.6020616293737,12
474.0,31,8.123741537788165,79.0,524.7642912585106,14
475.0,31,11.506515554187281,69.0,548.8348917047092,11
476.0,31,14.947785636240798,80.0,570.8168893638817,11
477.0,30,16.573882175793525,93.0,588.6039763092301,13
478.0,28,16.70576313622835,58.0,567.8697797203447,9
479.0,27,17.421605964674118,31.0,532.5381567306092,6
480.0,24,15.082898506752151,20.0,469.06087000659136,6
481.0,29,13.191771210509028,15.0,465.22560650043044,10
482.0,26,15.235962454296974,21.0,409.9620661916088,6
483.0,27,18.45103249068977,27.0,426.0004880787601,7
484.0,26,19.45583157496144,33.0,398.69867939114937,6
485.0,26,16.54196758517759,21.0,376.12394721867173,5
486.0,25,8.89883505949693,28.0,329.12254670644137,8
487.0,25,7.425363232037581,39.0,350.45166563967905,11
488.0,25,8.717420813509886,28.0,371.0722566483349,10
489.0,26,10.949948500967539,17.0,390.363769539893,7
490.0,27,11.237564165813982,16.0,405.73155758254387,8
491.0,25,11.973850020358654,23.0,391.8905708404639,7
492.0,25,15.744195765108415,24.0,409.1690009100404,7
493.0,31,13.5852676649847,31.0,419.88489474261365,14
494.0,32,13.419163281033246,38.0,442.51628004047615,8
495.0,33,12.360220987905748,45.0,466.4949438231648,8
496.0,33,11.003670245798155,57.0,492.28967109198254,12
497.0,33,8.994255362228332,69.0,519.3658927457019,12
498.0,32,7.250855353893314,59.0,534.7385174194995,11
499.0,31,6.104014834425514,68.0,550.4931639419269,12
500.0,32,7.660041385267899,84.0,576.680156971412,17
501.0,32,10.897973415840875,70.0,601.8087070654483,14
502.0,30,12.047554442288229,85.0,618.4121824274145,15
503.0,30,14.405032057088198,100.0,639.9562585700404,15
504.0,30,15.394798979092192,115.0,660.8679519484307,15
505.0,35,11.09519250316513,84.0,595.4411150759037,19
506.0,34,12.869651519690327,56.0,590.4749046195275,9
507.0,30,13.018430975188648,30.0,542.7130253063405,5
508.0,27,14.16837428818804,26.0,481.4762686085505,6
509.0,27,18.359677453970352,32.0,498.61149690900515,6
510.0,29,19.084625271615344,38.0,514.6026449495124,8
511.0,29,20.482938626105476,22.0,531.9474191002645,5
512.0,27,19.252692931858725,28.0,451.0087455228244,6
513.0,25,14.641835699744378,34.0,418.2509629498816,7
514.0,24,14.011129651754421,24.0,399.80008799819194,7
515.0,24,14.441934707710349,15.0,380.04260338473654,6
516.0,22,13.086202367636112,17.0,356.5007310674217,5
517.0,26,10.18564182152735,22.0,334.49587358925544,11
518.0,27,14.83366932011229,14.0,352.5199415444388,4
519.0,27,18.18933430765745,18.0,369.85214485613864,4
520.0,27,18.56529027003822,23.0,387.1047737654795,5
521.0,29,14.104770883913996,28.0,406.17107429858544,7
522.0,30,8.998327971031445,35.0,429.81693611648325,8
523.0,30,7.741894592823424,46.0,455.0945307370998,11
524.0,29,7.162733260498482,35.0,466.71582405538953,11
525.0,28,7.375231253373291,45.0,477.2263933769059,12
526.0,27,6.096305178083452,58.0,492.8341449586952,14
527.0,27,8.55073096396747,74.0,515.2109801365101,16
528.0,27,11.817878908865712,81.0,535.8784540967853,14
529.0,33,11.221359568075297,95.0,555.5357694516523,20
530.0,32,11.639130579523535,109.0,546.6309580620775,14
531.0,32,12.39984281957657,76.0,523.0633543650603,12
532.0,31,13.864756870206666,49.0,514.3293383493628,8
533.0,30,16.620410261519776,34.0,501.3675972779938,6
534.0,27,16.055245274501186,33.0,447.6271959299468,6
535.0,27,16.910787135000902,40.0,451.78227656201597,8
536.0,28,17.773256445581996,50.0,468.937127581766,11
537.0,26,16.806563887265487,26.0,401.9694814476513,6
538.0,25,14.500976010694338,32.0,413.5963852997018,7
539.0,23,11.422243190691558,39.0,360.68564423991637,7
540.0,23,11.766013043500429,48.0,378.61272297381197,9
541.0,30,7.725747206164001,34.0,367.0519039121307,14
542.0,31,10.529899498720956,22.0,390.9295240779675,6
543.0,27,9.743733770147934,24.0,353.79629466530497,5
544.0,27,15.521438406994633,12.0,372.4504079995703,4
545.0,28,19.51026952062881,16.0,388.60890188606044,5
546.0,30,18.195384667322152,20.0,405.80669413592307,6
547.0,30,17.19635621349652,26.0,425.71247538326503,6
548.0,30,15.619349256600085,35.0,446.53958280440963,9
549.0,29,12.333655733421624,47.0,465.65276514727753,12
550.0,24,4.55973312641906,38.0,446.98627151518446,9
551.0,25,4.4813196257479175,46.0,468.7177340131272,12
552.0,25,6.127229339791075,59.0,490.6449326305957,13
553.0,31,7.162878883486886,72.0,511.20534027315557,19
554.0,31,11.895770271898563,73.0,534.8519230930652,12
555.0,31,15.632547433379377,85.0,556.2051867046772,12
556.0,29,16.011563674603764,97.0,495.31502469020234,12
557.0,30,16.155715241382595,62.0,514.8992792122186,9
558.0,28,13.547799181147674,32.0,471.25392219088195,4
559.0,28,15.278897732752958,10.0,490.8500936555526,2
560.0,24,13.665199666205698,6.0,426.26115343741844,5
561.0,24,17.541045725164956,14.0,442.194609026978,8
562.0,24,15.977715606163889,22.0,450.2355119245215,10
563.0,23,15.839169993654489,31.0,424.5407432812371,9
564.0,22,15.186960334880931,31.0,393.87055906487683,7
565.0,27,7.719092621495268,38.0,338.4752985139109,14
566.0,28,7.63104876726229,49.0,361.1122371143838,12
567.0,28,8.513396689548491,39.0,352.6383432741433,8
568.0,28,11.708506666635174,28.0,373.95526643608093,5
569.0,29,14.40766319224266,28.0,393.6057361440965,7
570.0,27,13.53832645212743,34.0,390.20436629081814,6
571.0,27,16.962401582954712,19.0,408.2058193027375,5
572.0,29,17.367846766573763,25.0,425.24920721057094,8
573.0,30,17.017010645540697,32.0,444.1853573561623,8
574.0,28,12.813296949915966,43.0,458.2785695167836,11
575.0,27,9.652405736262438,55.0,474.8769009207765,12
576.0,26,6.685804519110194,68.0,492.91946223326244,13
577.0,31,2.3960713896974197,58.0,478.3208250060359,18
578.0,31,5.021643886104871,67.0,506.2441052894522,13
579.0,31,8.335041089989765,80.0,532.186185175687,13
580.0,31,12.433707336481577,75.0,555.5882274895871,12
581.0,31,15.113331538295835,87.0,577.3748041531805,12
582.0,32,15.202832661758261,99.0,598.8035660295355,13
583.0,30,13.409861499157362,111.0,536.6923122784467,12
584.0,30,14.390020404322183,70.0,558.1071337284792,10
585.0,27,12.524652250344616,41.0,539.3489312437378,9
586.0,25,12.565291431506413,21.0,505.0944123563575,6
587.0,25,13.605852502793933,19.0,506.7429445164676,8
588.0,23,13.926909853391376,26.0,462.94392368189517,7
589.0,30,12.693291717022325,35.0,478.3837393079619,16
590.0,28,13.524074620942201,31.0,409.9122332422528,8
591.0,28,15.373861504186497,40.0,429.3754473240095,9
592.0,27,13.194933270128498,49.0,375.365777511293,10
593.0,28,13.396702864945723,39.0,394.7575002621313,7
594.0,28,11.31083062087825,32.0,383.70749882879915,5
595.0,28,12.879577911620423,29.0,404.3000967456378,3
596.0,28,16.27677357871513,34.0,422.96334797332645,5
597.0,27,17.72360949955962,14.0,412.32748295082,6
598.0,27,15.668396938883877,19.0,421.9681893706149,7
599.0,27,14.48231029374024,24.0,441.22410070402685,5
600.0,27,12.925981764485822,31.0,461.2835075140571,7
601.0,34,9.074701025877603,40.0,482.04414602408406,16
602.0,35,8.985133511388545,50.0,509.6464482660014,11
603.0,34,8.104024349318298,37.0,495.9537936603149,11
604.0,32,7.810993396553872,43.0,504.77754778128724,10
605.0,32,10.08414401431759,54.0,530.100414554794,11
606.0,32,12.234769645457135,46.0,553.9537845164617,10
607.0,32,15.01211364240861,57.0,575.9326719495307,11
608.0,33,16.14524912203233,70.0,596.8893987635231,14
609.0,32,16.25012737599841,84.0,565.5012400180614,14
610.0,29,14.723791809451061,56.0,575.6797607649595,11
611.0,26,13.367778957557528,33.0,524.9998199720815,7
612.0,25,15.777511908997448,18.0,508.33745823387164,4
613.0,30,12.928365423228787,17.0,477.1991979814617,11
614.0,29,14.26457896946418,22.0,444.2926865677435,6
615.0,29,17.40004081087502,29.0,463.3389225845805,7
616.0,26,17.826844698584104,19.0,361.9414837920694,6
617.0,26,17.626038535304843,25.0,378.89836011533436,6
618.0,26,12.332359974939413,32.0,322.2706277416378,9
619.0,26,12.45491391835668,23.0,341.84132212418217,7
620.0,26,12.005481595598079,18.0,329.42348327316193,7
621.0,25,13.3008423502481,19.0,344.34252956376395,6
622.0,23,13.459877598770522,25.0,342.03747181004974,6
623.0,24,14.45367113167369,22.0,341.1378439533893,6
624.0,24,17.211388042323357,28.0,356.5694632450952,6
625.0,31,12.713046845378578,34.0,372.3584196004664,13
626.0,31,12.364106353115371,41.0,395.4404258164494,7
627.0,31,10.274842893368675,49.0,419.9604778556402,8
628.0,32,8.628401005489463,60.0,445.5105668833477,12
629.0,33,7.640265695031763,47.0,461.5396289105516,12
630.0,32,6.822255154556557,51.0,478.5210186063836,10
631.0,32,7.777594982828082,66.0,505.74955392908237,15
632.0,32,10.56918132520677,51.0,531.2614415928373,12
633.0,31,12.123233258583822,65.0,551.0627166394385,14
634.0,31,13.617598707682474,79.0,568.6300455590281,15
635.0,30,14.323510606573088,94.0,559.2281890149587,15
636.0,29,14.753752088241319,66.0,545.5065187085369,11
637.0,34,13.095405312367754,43.0,535.4539422982092,13
638.0,29,11.699945010720304,29.0,471.68782971254615,5
639.0,29,13.172269159690307,30.0,465.9068775226727,6
640.0,28,15.781903082640115,36.0,456.7107347228853,6
641.0,29,17.83229479823117,44.0,473.8746340812452,9
642.0,28,17.18410731284424,31.0,447.74136492704054,7
643.0,27,16.40365661905023,38.0,419.2049241135754,7
644.0,28,13.863060465148159,47.0,404.3450111234005,11
645.0,28,12.944344720605246,25.0,386.627998396143,9
646.0,23,8.868900162014329,17.0,364.2720368155588,5
647.0,23,13.058624686730987,17.0,381.2882666816649,5
648.0,22,12.924179474949689,22.0,361.2561142250106,6
649.0,29,12.679686832139922,27.0,375.8053733196807,12
650.0,29,14.235749163532423,22.0,396.45370154115716,5
651.0,30,13.58141582616326,27.0,417.2388271041178,6
652.0,31,12.009496932860987,34.0,439.772031976455,8
653.0,31,10.971551084447242,44.0,463.99781602852335,10
654.0,32,8.594767848028617,56.0,489.56036941009324,13
655.0,32,7.394364866478137,45.0,516.9253356169436,16
656.0,31,7.851388204799137,49.0,529.0624404143996,13
657.0,30,8.42354036871576,62.0,539.9568509980523,13
658.0,28,7.894501214989237,78.0,555.5264380793417,16
659.0,29,10.267696533733218,85.0,577.4858059024142,16
660.0,29,13.165070443063088,100.0,598.7796897275932,15
661.0,33,9.875410573923652,115.0,541.3095509208489,21
662.0,33,11.23311534043837,130.0,566.8645061874302,15
663.0,32,11.651482930022219,93.0,563.7627305863182,13
664.0,31,13.404853231135657,62.0,550.8170902128329,9
665.0,29,12.154844292750214,43.0,503.7822033359454,7
666.0,28,11.897194482463764,39.0,513.979320648034,7
667.0,28,13.631151617722576,50.0,534.2553699741022,11
668.0,29,16.149721409118584,34.0,552.7469983831284,9
669.0,28,16.471174601545584,42.0,522.3510350537059,8
670.0,26,13.669693484581375,51.0,490.55213373974385,10
671.0,27,12.819384568456803,62.0,509.5502938291343,12
672.0,25,11.214554555622822,40.0,452.226495408122,9
673.0,31,9.565516075272441,32.0,437.13200905373577,15
674.0,27,8.788459931607381,25.0,406.68191079936065,5
675.0,28,13.160170059451456,30.0,426.3821799431671,6
676.0,29,17.3614978154827,16.0,444.4319388371609,5
677.0,30,19.203972183305503,20.0,462.053357982304,5
678.0,30,19.12916865359293,25.0,480.7923947862186,5
679.0,30,16.983845281727017,32.0,500.86166510994457,7
680.0,31,13.359290768412903,40.0,522.8181795727112,9
681.0,29,9.944931347919386,37.0,540.5974044954797,8
682.0,25,4.517407020694538,49.0,526.3256485199684,12
683.0,25,6.740744245539769,61.0,548.0517134275294,12
684.0,25,9.321065969171942,75.0,568.5213040534691,14
685.0,32,9.665536197337497,77.0,587.5004256370783,19
686.0,32,12.762986792947562,90.0,611.4028994114999,13
687.0,31,13.579771239447098,103.0,583.6277093394001,13
688.0,30,13.571172484926597,116.0,559.7988419481081,13
689.0,28,13.333359639578484,76.0,513.8480032190322,9
690.0,29,13.70775800823408,45.0,533.9377355365899,8
691.0,25,10.943472579410058,15.0,461.46874170327845,4
692.0,25,15.211694236019289,11.0,478.7735281534631,6
693.0,25,18.754806102782435,19.0,494.33395294263363,8
694.0,24,18.1242299468791,27.0,502.30124140164384,9
695.0,23,15.190876522064599,35.0,426.1111137516161,9
696.0,23,15.855518974596238,35.0,442.0890403027941,7
697.0,28,8.943450737385565,42.0,382.07061175233304,14
698.0,28,11.239905632383332,32.0,403.9232020953049,6
699.0,26,11.235210781253953,22.0,362.8657291039428,4
700.0,27,14.533108434462305,22.0,380.9475923020573,5
701.0,29,15.794066875994634,26.0,398.7476212771894,6
702.0,28,18.16040642409729,9.0,405.1802062725804,3
703.0,27,20.06608936978813,12.0,409.75952955637126,3
704.0,28,19.404206528326146,18.0,425.92297563464865,7
705.0,28,14.668286261423328,25.0,440.9351340702,8
706.0,26,8.895245315051444,33.0,451.27217433260154,9
707.0,26,7.287763262726007,44.0,473.32940141698424,11
708.0,24,2.4358546421463214,58.0,462.6478838557674,14
709.0,30,2.1356793084507943,54.0,485.315099147262,21
710.0,30,4.272083448301725,63.0,512.6966869730269,13
711.0,31,8.016842608530872,62.0,537.6784978493814,13
712.0,31,12.122698404774859,74.0,561.1285166738886,12
713.0,31,15.659743379044492,86.0,582.332383447417,12
714.0,31,16.778129940508858,98.0,602.7596145201007,12
715.0,30,16.877696195658626,62.0,573.6587940201615,8
716.0,30,16.456264294645198,33.0,541.7755159705108,6
717.0,26,14.859282250239014,15.0,460.96352537049756,6
718.0,24,15.569120191215838,12.0,472.2700167446185,6
719.0,23,15.353562939885807,18.0,421.9724633015655,7
720.0,23,17.930064104165265,26.0,437.1249729650375,8
721.0,29,12.742981710535023,34.0,406.08374050082756,15
722.0,29,11.659550683815507,32.0,387.9329517720617,8
723.0,28,10.992290254989115,41.0,372.89848941140684,9
724.0,27,12.819086720283385,32.0,362.93953834584437,7
725.0,27,13.291615286682365,27.0,354.56443144579964,6
726.0,29,12.787380902503351,27.0,374.3586927158635,6
727.0,29,14.668509556117977,32.0,395.12259462806315,5
728.0,27,17.65302428367333,15.0,385.8554972157652,5
729.0,28,18.780944088963352,22.0,402.8089266207548,8
730.0,27,14.277821659794235,30.0,414.79636451166976,9
731.0,28,11.103358621843201,39.0,435.8305221146357,10
732.0,28,9.429651140882088,51.0,458.72084002778996,12
733.0,34,6.624361828703538,65.0,482.3945200304452,20
734.0,30,2.305784233423275,83.0,456.27336830947826,18
735.0,30,4.3705004340905695,75.0,483.7754683492648,16
736.0,30,6.81199212973992,85.0,509.89310475083965,16
737.0,31,9.744945934275183,77.0,534.1190323462756,13
738.0,31,11.608410873986822,89.0,558.2827969965566,12
739.0,31,14.060914315211752,102.0,581.0368731301973,13
740.0,31,16.580493821895878,116.0,602.3366145697549,14
741.0,30,17.73172358935972,78.0,587.1630857746351,10
742.0,27,14.299282929899992,44.0,540.8724400144924,8
743.0,25,14.944408511258999,22.0,525.5052649535671,5
744.0,23,15.008705005757523,16.0,474.8640834759295,4
745.0,28,13.156865826780843,21.0,457.6097235871153,11
746.0,28,15.47847666469551,28.0,444.98150237947624,8
747.0,27,15.076361447324507,35.0,377.9817077683305,8
748.0,27,16.702171036159253,27.0,395.94082017039926,6
749.0,27,14.609825286304833,35.0,377.76391034240896,9
750.0,27,11.384418579674952,28.0,367.3785841946532,7
751.0,27,13.297594388648934,21.0,387.2709933210178,4
752.0,27,14.256551821777995,21.0,376.2431260152042,5
753.0,27,15.913186460126484,26.0,390.5238401035297,6
754.0,27,16.936376839410098,33.0,391.9502796535974,8
755.0,25,16.576201842930192,17.0,389.122824464215,5
756.0,25,16.545940914942538,23.0,406.0259003998074,6
757.0,33,9.700252750813759,29.0,424.7415166487549,14
758.0,34,8.411131937774469,37.0,452.0415402541197,9
759.0,34,8.534482951541246,48.0,480.1682289399546,11
760.0,34,9.451337940508873,64.0,507.65997419978595,16
761.0,31,6.360275518838943,54.0,491.328424141467,14
762.0,32,5.902093509129245,62.0,518.6085873063403,14
763.0,32,8.90772422619287,53.0,544.979923023844,12
764.0,32,12.666088931502593,65.0,568.9738300710487,12
765.0,31,14.810802294269955,79.0,587.0819500104363,14
766.0,30,16.061677163211424,93.0,604.062624988451,14
767.0,28,13.559263739357364,107.0,535.6169247125817,15
768.0,27,13.655351610257668,74.0,549.9032180146528,10
769.0,30,9.4621223370281,44.0,483.1463793088185,13
770.0,30,13.852777241982807,24.0,504.8954162115924,5
771.0,28,14.05986104231534,19.0,442.0189713551408,5
772.0,29,17.639159076289356,25.0,459.9665768598846,7
773.0,28,18.741870895688265,31.0,447.3349392917317,6
774.0,28,17.777421207212342,18.0,419.0053466110201,6
775.0,27,16.810147841695652,23.0,394.46112890271274,5
776.0,27,15.855010791197724,16.0,378.82180993228167,7
777.0,26,16.489092240465254,12.0,356.097239988111,6
778.0,25,15.226894226852037,13.0,364.5373634384501,6
779.0,25,16.471040033031354,18.0,351.19802603200634,6
780.0,23,17.345492126734538,24.0,331.85081533999283,6
781.0,29,14.855455683063454,19.0,346.10407007858953,10
782.0,30,14.50791717751884,24.0,366.2443510137735,6
783.0,32,11.30708375627084,29.0,388.8811495193327,7
784.0,32,10.008812712708295,37.0,414.3580743838287,8
785.0,32,9.894190647169214,48.0,439.90932740005906,11
786.0,33,7.6115223412698025,62.0,466.706669153474,15
787.0,32,4.369080076584074,55.0,471.3626648386719,17
788.0,33,5.814556454713712,66.0,499.3786103183002,17
789.0,33,8.74733971139681,48.0,526.4295449481122,11
790.0,31,9.313962901487136,62.0,544.5857904291954,14
791.0,31,12.416639162639223,77.0,567.6683688709442,15
792.0,31,15.179111300158189,93.0,589.0249684550844,16
793.0,37,12.292271177532136,109.0,578.1504681668048,23
794.0,36,13.175266213415203,81.0,568.6757970193906,12
795.0,32,11.652122124203542,62.0,513.9866492502554,10
796.0,30,12.73110277540749,55.0,493.329724474993,9
797.0,29,14.753054827455898,57.0,482.5996015818304,8
798.0,30,14.181350907103988,66.0,476.9273237250779,11
799.0,30,14.633330937618588,75.0,498.214834024686,9
800.0,30,14.30437665338522,57.0,519.6805284669892,7
801.0,28,10.56306433085307,65.0,450.85305160817364,9
802.0,26,10.390393945182048,24.0,431.0279189269564,7
803.0,26,11.004475785140105,14.0,415.73748195534216,6
804.0,26,12.847987382124728,10.0,403.80720116368695,4
805.0,32,14.167016632299617,13.0,420.4813002459675,9
806.0,30,16.5816816990153,17.0,400.91385358540026,4
807.0,29,17.177304345676426,9.0,403.25568039326254,4
808.0,30,17.24635612442316,12.0,421.8918192193307,4
809.0,30,15.88829731761976,17.0,442.49549150462263,5
810.0,31,12.25399342729829,23.0,465.1228289302176,7
811.0,32,9.869704528388777,33.0,490.129690430491,11
812.0,32,9.732054501504837,49.0,516.2658603796827,16
813.0,30,7.410817133889839,42.0,512.5267353873489,14
814.0,28,3.2415919396446524,51.0,527.6530690096291,16
815.0,28,5.45513733406063,65.0,552.6020883480651,15
816.0,28,8.679995400569625,72.0,575.7607509384753,15
817.0,34,9.771676577127625,87.0,597.1599101657397,21
818.0,34,12.520950464050149,102.0,622.7276397028487,15
819.0,35,14.220194796537818,117.0,646.8923704819915,16
820.0,33,14.49036512154309,86.0,585.73580889196,12
821.0,32,15.373162243768444,59.0,572.1208310258004,8
822.0,29,12.835119563283637,44.0,538.0558020558013,7
823.0,27,12.331936602545946,44.0,496.5479308863886,7
824.0,28,14.131580735594685,52.0,515.312601636009,9
825.0,28,13.41116627424292,63.0,531.0067786176033,12
826.0,26,10.910638245238594,55.0,507.1538998106141,10
827.0,26,9.418700286606413,66.0,481.5919587339052,12
828.0,26,9.752219166600392,77.0,502.39912145012033,11
829.0,31,6.661595410773858,39.0,452.9868293135526,17
830.0,31,8.33001450236783,29.0,448.5380497532264,8
831.0,32,11.850599066118276,29.0,471.8162175860035,7
832.0,29,13.023404283857035,36.0,452.7954638935292,7
833.0,29,16.028973687066657,27.0,472.28727247161135,7
834.0,30,16.802178155035072,34.0,491.01420500975803,8
835.0,30,15.883462552773883,43.0,511.2788320484072,9
836.0,30,14.880158878621502,56.0,532.0825216210584,13
837.0,29,12.05469583268324,69.0,550.9200174492449,13
838.0,26,5.684815174851469,86.0,565.2040233120782,17
839.0,25,1.947706387386252,77.0,555.4512536092777,14
840.0,25,4.1289563935598785,86.0,578.3146119036944,13
841.0,31,5.0144193954418945,100.0,600.0866666927692,20
842.0,31,8.909305223898007,100.0,625.3579071203031,13
843.0,31,12.559051971469724,113.0,648.2892527873771,13
844.0,32,15.028399353901193,126.0,669.343028170804,14
845.0,32,16.125684432502876,139.0,690.7735601991183,13
846.0,30,13.464477577347921,96.0,614.5361272154131,9
847.0,29,13.458427047738411,58.0,597.62427751845,5
848.0,26,12.123985602746902,30.0,544.3460225939955,5
849.0,25,13.504970383310726,23.0,526.9665367367407,7
850.0,24,12.25085791323657,32.0,537.4004708256913,10
851.0,25,13.701226892436967,42.0,554.6522346186206,11
852.0,24,13.750951828340837,44.0,526.1640958167994,9
853.0,29,10.18113303197314,54.0,500.45851569926504,16
854.0,29,9.251852848824212,65.0,488.33729825592974,12
855.0,30,9.295224579403532,41.0,472.06946736680305,11
856.0,30,12.479288799816404,31.0,494.38715314162783,6
857.0,29,14.639044536572637,28.0,484.71356914080457,4
858.0,28,14.994072362154013,33.0,480.498868504585,6
859.0,28,16.277140953796767,38.0,499.1020529690425,5
860.0,30,16.760278212045808,22.0,516.7437303763122,7
861.0,30,16.706421734796045,29.0,536.5058467916351,7
862.0,28,12.313059563138086,37.0,552.5791611784075,8
863.0,29,9.78061072996174,49.0,574.9742832403466,13
864.0,29,8.510700290871721,62.0,599.0837525739086,13
865.0,35,5.642416823901566,50.0,615.9493873821784,20
866.0,32,4.496829643278675,57.0,600.1874226069109,12
867.0,32,7.861913591203694,70.0,627.3181354801934,13
868.0,32,11.917002744392425,66.0,651.9499162116392,12
869.0,32,15.566428839714655,78.0,674.3593239253839,12
870.0,33,16.601064744633376,91.0,695.8465727052571,14
871.0,31,15.625363092654384,104.0,611.4644097842845,13
872.0,31,16.045990982040358,119.0,632.9721392203755,15
873.0,28,13.702071312611151,82.0,597.2678182731211,12
874.0,23,9.278449891845423,52.0,525.465777721722,9
875.0,23,9.347547463215978,32.0,506.317120840912,9
876.0,22,10.76073528060867,33.0,485.5486731156604,7
877.0,29,10.874264082599053,41.0,500.91456325159464,15
878.0,29,14.64171683789663,36.0,521.033693204064,7
879.0,28,15.189093058586982,43.0,496.6074796319213,7
880.0,28,15.259042254583337,51.0,470.3657978531207,9
881.0,28,14.646225950792154,26.0,453.594664662594,6
882.0,27,14.484933621921035,12.0,433.88393573171174,3
883.0,27,17.624977789439153,8.0,451.1143617368718,2
884.0,25,17.07596155378994,12.0,408.1544434174525,5
885.0,25,20.529317182907263,18.0,422.83715639427027,6
886.0,25,16.580928961128166,25.0,431.0166819564587,9
887.0,25,14.606644496077001,32.0,448.7588024359824,7
888.0,25,11.228881037368623,39.0,468.1131217317343,7
889.0,32,6.340570195032524,38.0,488.9997750393348,15
890.0,33,5.94139003749553,48.0,516.9822900151202,11
891.0,34,6.45017309764148,34.0,545.4858786339925,11
892.0,34,9.229657474401153,35.0,572.9787492592142,9
893.0,35,11.034800358023825,47.0,598.8910714380452,13
894.0,36,13.022803824025122,39.0,624.0830104155324,12
895.0,35,15.746455804968619,50.0,634.8686022918824,11
896.0,35,16.58389674800942,64.0,643.4486735708246,15
897.0,35,16.72430415276418,79.0,666.1198815808366,15
898.0,31,12.710779438813782,94.0,574.300011966735,15
899.0,28,9.41688373914957,111.0,556.6031265635643,17
900.0,26,6.654634935470949,130.0,524.7976565481636,19
901.0,30,0.6270380462028362,149.0,465.5959134398885,26
902.0,30,3.050437750141915,116.0,493.7618700781985,17
903.0,30,6.286325275852463,93.0,520.0333065727704,15
904.0,30,10.253388822231209,65.0,543.949741099149,10
905.0,30,13.273645730962857,68.0,566.1041901216669,9
906.0,32,12.865706801567889,77.0,588.0916296763577,11
907.0,32,14.317871495127628,39.0,611.1873331791004,7
908.0,32,16.831579278046043,18.0,632.6464321259355,6
909.0,29,18.189517120698394,16.0,548.8662946031993,5
910.0,27,16.836033106015545,22.0,503.20020132715035,7
911.0,26,16.921177253775756,28.0,462.58137978323873,7
912.0,26,16.131054341689136,35.0,443.1290708329847,8
913.0,32,13.538391268988601,42.0,459.67381748036837,13
914.0,32,11.758625803357312,49.0,483.4406864560153,7
915.0,33,9.674250737301058,42.0,508.5560113851211,9
916.0,34,8.147263515081168,54.0,535.694937368558,13
917.0,34,8.265096680399205,41.0,563.8124575094155,11
918.0,35,8.67071314614097,44.0,591.5675795341014,12
919.0,36,9.639972468502421,57.0,619.4071287214363,14
920.0,36,12.841469874959358,44.0,645.8169801271756,12
921.0,32,11.986244636404342,58.0,634.6432136407044,14
922.0,33,13.426273404048345,72.0,657.3232426529412,15
923.0,31,12.287760009517436,87.0,582.1289805604932,15
924.0,31,12.581336455409039,103.0,604.9550087170238,16
925.0,36,9.924375804945676,120.0,596.3021339656124,23
926.0,32,7.4676037468262395,137.0,555.4505885436965,17
927.0,32,7.113675239428102,155.0,553.4400735937701,19
928.0,30,6.911463855207128,120.0,526.2745380347067,15
929.0,30,8.596466357720427,88.0,551.0960755929509,14
930.0,29,9.91407832807994,53.0,548.8149590210468,9
931.0,29,13.253266821448628,53.0,570.0430641970877,8
932.0,30,16.170818028587476,63.0,589.1572370515381,11
933.0,30,17.213648945165872,26.0,604.1547485985128,8
934.0,28,17.856328829573417,21.0,614.023708202001,6
935.0,26,18.814340745488956,20.0,530.4364352549472,5
936.0,24,16.142523259362996,25.0,474.5001561683502,6
937.0,31,14.866823084891276,30.0,488.6792773462061,12
938.0,30,17.068372644195538,35.0,466.63791382215464,5
939.0,30,15.584837692673403,41.0,454.28753097870856,7
940.0,30,13.747729397647703,47.0,475.94954028996347,6
941.0,30,11.068773341132426,36.0,499.3001456305229,6
942.0,32,8.232987210202628,45.0,524.0758819030216,11
943.0,33,7.090137115161734,28.0,551.3333803063962,10
944.0,33,8.571442574076864,32.0,578.6298724390318,10
945.0,32,9.155004465714473,45.0,602.0235109365652,13
946.0,32,10.545513095855895,39.0,622.8854180814395,13
947.0,31,11.275624427726452,52.0,612.1046667006002,14
948.0,31,13.069931138269434,67.0,634.9022133589635,15
949.0,38,11.59201281432326,82.0,657.0305649140722,22
950.0,36,11.569497108498819,98.0,595.6059984352677,16
951.0,35,11.359977488838341,115.0,588.2482648795642,17
952.0,34,9.548628380270042,132.0,557.8535624399422,18
953.0,31,6.968100146418295,150.0,524.8449941990253,18
954.0,30,5.0769982930953725,120.0,520.0992128477409,16
955.0,30,6.248555379982814,98.0,546.3394054652342,15
956.0,30,9.604796866007622,64.0,570.5533217139657,12
957.0,30,12.259618996187509,72.0,593.1656317660228,11
958.0,29,11.828912988485941,83.0,607.878166801473,12
959.0,30,14.125640102769612,46.0,628.2353133231617,10
960.0,28,15.732427752008316,25.0,549.5209100323177,6
961.0,34,16.26552576792841,22.0,566.223863447598,10
962.0,30,14.948811500775818,26.0,493.6744851570784,5
963.0,30,17.556998247181827,30.0,470.4123381148447,5
964.0,29,19.734342481767875,34.0,452.16395170680255,4
965.0,30,18.476790179772518,38.0,470.177434471996,5
966.0,30,14.434614755035721,44.0,491.5325178994783,6
967.0,31,10.51993045725807,28.0,514.8519609038214,7
968.0,32,7.908061725488746,37.0,540.5743568866784,10
969.0,31,6.908406607445794,23.0,563.8419005620786,10
970.0,32,8.4211892420164,29.0,589.019893169679,12
971.0,33,10.177732552329985,41.0,613.7977725077986,13
972.0,31,11.30358682891195,46.0,627.2504644636117,13
973.0,36,9.939179423816508,59.0,614.1086171735791,20
974.0,36,12.34785777008387,73.0,641.2257196400059,14
975.0,35,13.313110623739792,87.0,617.8845581452075,14
976.0,34,13.952873820980878,101.0,600.3151015802168,14
977.0,32,12.886369487155854,117.0,547.785452578529,16
978.0,32,10.051711035315464,134.0,560.8597830716811,18
979.0,29,5.256158274450733,153.0,514.6183149209887,19
980.0,29,6.6741407589669555,119.0,539.5212240632493,18
981.0,29,9.1745340510973,90.0,562.9457731582651,15
982.0,26,6.7025705182684465,77.0,558.1504202005731,13
983.0,27,8.938732888032096,58.0,579.1867032831078,10
984.0,27,12.30343186534491,67.0,599.4066483978027,9
985.0,34,12.677183007169758,30.0,617.6875580385274,13
986.0,33,15.72168278485147,22.0,593.5702359281677,4
987.0,32,19.055729055767447,18.0,563.0624641140465,3
988.0,33,19.51619821767745,21.0,540.7007513109078,5
989.0,29,19.747324690533,24.0,467.8570220206831,3
990.0,28,19.624062997668794,28.0,449.0755358172721,4
991.0,29,18.29014020692371,33.0,466.2168264723736,6
992.0,29,15.697312294443794,40.0,485.9579331447492,7
993.0,29,13.305773646597101,18.0,507.13911303087497,6
994.0,29,7.512024464391039,27.0,522.7145450520543,11
995.0,30,5.6289406135410935,39.0,548.2364350424349,13
996.0,30,6.102301287560733,31.0,574.3222036513129,12
997.0,36,7.233986715000454,38.0,598.7128671478597,17
998.0,37,10.708100820083523,35.0,626.304399112344,12
999.0,37,11.52043365658609,46.0,623.7703967252952,13
1000.0,35,14.008122814742908,58.0,618.5707063263827,12
1001.0,35,16.442527649711682,70.0,641.4753101080536,12
1002.0,35,17.06516681714962,82.0,663.8818633527213,12
1003.0,33,15.862979957725583,95.0,596.3892006148698,13
1004.0,31,12.539667872366671,111.0,524.1109716385016,17
1005.0,29,10.588629424627879,130.0,530.3917528119225,19
1006.0,24,3.960627095716511,100.0,483.0588465208929,17
1007.0,24,6.541885836680723,78.0,503.9381392800102,14
1008.0,23,7.9139155691437395,57.0,494.59252223392616,10
1009.0,30,9.00576735745975,50.0,512.1361552725332,14
1010.0,30,13.739681560975225,57.0,533.8674504454088,7
1011.0,31,16.385304388418962,17.0,553.6931439789498,4
1012.0,29,18.609861516910964,7.0,470.5083333208144,1
1013.0,29,23.08887986369141,9.0,485.85189749865907,2
1014.0,29,21.016458491779588,11.0,418.4244414902151,4
1015.0,27,20.370534883900298,14.0,408.9329623648699,3
1016.0,25,21.582639667587046,21.0,358.04348536281145,7
1017.0,25,18.59938578533128,28.0,369.11643536204895,8
1018.0,24,12.421529751485453,36.0,383.49621843433954,8
1019.0,25,7.839355190801869,45.0,403.534276344645,10
1020.0,26,6.028229833905099,48.0,425.36970858843256,12
1021.0,31,2.7412889033033303,62.0,423.8452760130427,20
1022.0,31,4.379913744739814,45.0,452.132021508045,13
1023.0,32,7.0217289897276896,41.0,478.6191913745575,12
1024.0,33,10.737941102233895,32.0,503.5055007268428,10
1025.0,33,14.692636198126483,41.0,526.74375579692,9
1026.0,33,16.23753076941621,51.0,536.448861422892,11
1027.0,32,18.33255666495612,61.0,544.7876395222678,10
1028.0,32,20.46054957667293,72.0,563.7535433470421,11
1029.0,32,18.35830231592327,84.0,492.16787223892345,14
1030.0,24,8.251903280863388,97.0,403.65619779932035,13
1031.0,24,7.180885245689688,111.0,424.23090085529344,14
1032.0,23,2.316345206688692,127.0,390.80188681169125,17
1033.0,29,2.496706935872195,89.0,412.34454663872515,19
1034.0,29,4.380345856292162,73.0,438.657350309321,13
1035.0,30,7.2853992100030345,61.0,463.0515987636774,10
1036.0,30,11.21496914877293,69.0,486.0241218586617,10
1037.0,30,14.639383311043362,33.0,506.76751017116555,7
1038.0,30,16.37516682888819,13.0,526.4889257993792,4
1039.0,31,17.581516552722952,6.0,545.1409904592153,4
1040.0,30,18.565910463020842,9.0,483.12083751927685,4
1041.0,28,20.322250827463378,14.0,469.4416330648169,5
1042.0,27,20.199031225630442,20.0,440.02982225176277,7
1043.0,26,19.291081908455197,27.0,452.2812187971615,7
1044.0,27,16.131906502646554,34.0,469.4156169105371,8
1045.0,34,10.745067585467769,42.0,488.9314185716003,15
1046.0,34,9.591830815617255,38.0,516.2097084694008,8
1047.0,34,7.616186080983092,49.0,514.3096009349628,12
1048.0,34,7.350699967535663,37.0,509.2553700086453,11
1049.0,34,9.508683407365522,43.0,536.8465732024207,10
1050.0,35,11.072162677756923,34.0,563.22345676282,12
1051.0,35,12.475606575985632,45.0,589.5968421287859,11
1052.0,33,14.009951451145422,57.0,586.6707489477948,12
1053.0,33,16.337937094982674,71.0,608.9747163550843,14
1054.0,29,13.044906696930882,86.0,576.0271065509612,15
1055.0,29,11.90909184052434,101.0,552.4620273371843,16
1056.0,27,9.448570841345258,116.0,551.0084079472175,15
1057.0,31,6.154351776204617,133.0,493.56801002414915,23
1058.0,31,8.242400294503812,150.0,519.3770133047125,17
1059.0,28,6.88902354053578,112.0,461.2216387823525,15
1060.0,29,9.263018099419167,79.0,483.81254395736806,12
1061.0,28,10.486435862592607,52.0,481.0956750144451,8
1062.0,28,12.260032014647471,51.0,502.1746124346488,8
1063.0,28,16.026954928302995,16.0,521.1937280348257,5
1064.0,29,19.015645728132686,11.0,538.2504427097539,6
1065.0,30,21.381570304958654,11.0,554.6132338459214,5
1066.0,26,19.684957130026262,16.0,480.0241020986455,5
1067.0,26,20.72675791991857,21.0,478.9442301436358,6
1068.0,23,21.09274525873803,27.0,408.00469741184185,6
1069.0,30,16.712468317081374,33.0,421.48227077629815,13
1070.0,30,16.317042621106207,39.0,442.28449433414744,6
1071.0,31,14.463091688818096,45.0,463.8763954201085,7
1072.0,30,10.191560001129176,34.0,428.1098526280842,7
1073.0,31,8.910548690437576,41.0,452.8055958522339,8
1074.0,31,7.914437986512407,28.0,479.0492940886254,7
1075.0,31,9.103808464646844,33.0,504.4952784130226,9
1076.0,33,11.309989592985959,19.0,528.1355196871503,10
1077.0,33,12.471143614837857,28.0,548.8919826424809,10
1078.0,30,12.573683903259688,38.0,537.1073782593751,10
1079.0,30,14.68655808311255,49.0,558.4165522954344,11
1080.0,29,15.103277233762272,62.0,539.9105328684143,13
1081.0,35,12.152452737328295,75.0,510.6828818371767,20
1082.0,32,11.472118183805904,89.0,470.1362966800717,14
1083.0,31,12.658338318250266,104.0,451.0243110901949,15
1084.0,29,12.22967418979742,120.0,434.7504356582338,16
1085.0,27,11.297794182546726,90.0,400.04756842873996,13
1086.0,26,6.0372093446630135,70.0,363.0758580955348,11
1087.0,26,8.689433060663882,40.0,384.66351751579816,7
1088.0,26,12.71828236230864,40.0,404.1974031354083,8
1089.0,26,17.63637203388639,19.0,421.22608590128414,6
1090.0,26,20.08454550593716,13.0,432.8529514505606,6
1091.0,26,21.579012263970032,15.0,406.2378799976719,5
1092.0,23,21.205870290922864,19.0,373.60968945569346,4
1093.0,29,17.748268619132713,23.0,366.141056505815,11
1094.0,27,19.178029827895372,28.0,335.4640490977673,5
1095.0,28,19.043586026056445,33.0,351.7694697219082,6
1096.0,29,16.868464059436565,38.0,369.9318127613638,6
1097.0,29,14.268085293829067,45.0,390.6485783681687,7
1098.0,29,9.912053756897723,33.0,380.79354808102335,9
1099.0,28,7.477007921014456,40.0,379.2807650700336,9
1100.0,29,7.956375025333273,30.0,402.5573336957249,12
1101.0,30,9.959893369464895,35.0,425.4472427869685,12
1102.0,28,10.135900798062488,45.0,440.37329571389967,11
1103.0,29,11.375552425265926,57.0,461.7573507464255,13
1104.0,28,11.480983436355558,42.0,447.63887789503354,11
1105.0,34,11.769572392374593,54.0,467.60966199158656,18
1106.0,33,13.035541310612716,66.0,445.07247708101636,12
1107.0,33,12.195827956470891,80.0,439.7341393154345,15
1108.0,33,13.796742835944412,95.0,463.1220881323931,15
1109.0,31,11.87574545803082,112.0,430.59160706502945,17
1110.0,29,8.907798353552757,130.0,419.76510886538813,18
1111.0,26,5.860522580625195,103.0,382.6106628329007,16
1112.0,27,6.584789947128622,90.0,404.86435039717855,16
1113.0,27,9.31686796619193,59.0,426.5612545521245,10
1114.0,26,11.538720069199185,61.0,442.9702485027453,9
1115.0,25,14.137463698225957,71.0,457.2931290644841,10
1116.0,26,15.023577495023723,81.0,474.1222541674494,11
1117.0,33,12.352501656633176,39.0,491.7972724634332,13
1118.0,32,12.812220100640621,26.0,438.896869553069,5
1119.0,30,14.839043609120454,22.0,432.2949697074536,3
1120.0,27,16.825827187435458,25.0,389.106606994333,3
1121.0,28,19.077866752695037,29.0,405.35597505900955,5
1122.0,30,16.373752387455166,33.0,423.3923530693035,6
1123.0,30,15.125794833799588,39.0,444.1981586907693,6
1124.0,30,13.6142266580311,20.0,465.94311002879766,6
1125.0,31,12.397482392290208,30.0,488.1354469262133,11
1126.0,30,8.845532986324168,20.0,505.56438373727326,8
1127.0,31,8.922142645760013,25.0,530.108862500767,8
1128.0,31,10.749219277935303,36.0,554.6045732603422,11
1129.0,37,10.967173495173983,48.0,577.6855101084077,18
1130.0,33,11.001688489297488,46.0,547.9267037939703,11
1131.0,33,14.641044892830813,58.0,571.0281341650782,12
1132.0,32,13.876987055511846,70.0,503.83338231789344,13
1133.0,32,14.395079771861683,83.0,526.3360562023075,13
1134.0,30,12.638035668527056,98.0,486.72109064356056,15
1135.0,30,13.345548492295297,113.0,508.2055865264202,15
1136.0,28,11.35474285336559,130.0,486.7842965899143,17
1137.0,27,9.362428002736698,96.0,481.6375820077355,16
1138.0,23,5.436977595455938,67.0,457.9374232902187,13
1139.0,22,6.879917359292817,51.0,472.4181502032698,10
1140.0,22,10.470087313683738,51.0,490.0858096757741,9
1141.0,28,11.711832699554678,50.0,505.9489838366317,13
1142.0,29,14.612965404095663,57.0,525.9289925831845,8
1143.0,29,16.49477927078289,28.0,493.6172681914206,5
1144.0,29,18.892536568521635,14.0,466.0318098909453,3
1145.0,28,22.659358293201034,9.0,439.86462624606094,2
1146.0,27,22.977248551061276,11.0,418.6386004976279,2
1147.0,25,19.89482216133085,13.0,371.2359496806942,3
1148.0,26,19.13302788157715,19.0,386.1194791703831,7
1149.0,27,19.087945090579215,26.0,401.63177690855406,8
1150.0,25,14.981840864755275,34.0,412.7865719425911,8
1151.0,25,12.19709420325959,43.0,431.51179077577,9
1152.0,26,7.950876148038418,46.0,452.2601134595384,10
1153.0,33,3.149807389277891,59.0,442.5166401015751,21
1154.0,33,5.356125175948389,37.0,472.00141758091866,11
1155.0,33,8.772118151725959,32.0,499.1649183850527,9
1156.0,34,11.762029326874943,22.0,524.0092936691046,8
1157.0,35,14.44463448861708,31.0,547.7062913891303,10
1158.0,34,15.15325291231297,40.0,546.5151313973299,10
1159.0,34,17.09088791449946,50.0,568.4544566738807,10
1160.0,33,17.120274847217246,62.0,556.5907062122998,12
1161.0,32,16.334865385375107,76.0,536.1098023308072,14
1162.0,26,9.632894532675783,92.0,482.99023837158927,16
1163.0,26,7.671282635806445,109.0,475.816645288648,18
1164.0,24,4.076650299577173,127.0,434.84613685874,18
1165.0,29,3.1561596107116774,96.0,437.4271947444521,22
1166.0,28,4.767488238675829,73.0,431.1737089786795,12
1167.0,28,8.984081055966586,56.0,454.0013023512625,9
1168.0,29,12.813860652452204,57.0,474.4130429238066,9
1169.0,29,17.39067133221509,19.0,493.19469477674454,4
1170.0,30,18.088604737443823,10.0,511.29159461567275,3
1171.0,30,20.915186331906146,9.0,528.6875407781572,3
1172.0,29,21.053027772706262,14.0,458.4239126986924,6
1173.0,28,21.647518292340525,20.0,416.6469257129993,7
1174.0,25,21.396869680932447,26.0,378.3494811084422,6
1175.0,25,19.616326061841633,32.0,389.8644247495514,7
1176.0,25,17.361854626478955,39.0,406.3165845128414,7
1177.0,32,9.328813603787667,47.0,425.4011744277372,15
1178.0,31,6.198238658492851,41.0,421.8587195228553,7
1179.0,32,4.587631240645844,54.0,414.45643128665444,15
1180.0,32,7.2079795816748105,37.0,441.68585053471,12
1181.0,32,10.420414765711529,39.0,466.78204310465395,12
1182.0,33,12.621765998334958,27.0,490.1819905157105,10
1183.0,34,14.53817078797777,36.0,513.0054385456683,10
1184.0,34,17.247718844272512,45.0,520.2238319137111,10
1185.0,33,18.631384308004883,57.0,527.0116574239661,12
1186.0,27,13.057290720862074,70.0,453.65600741042203,13
1187.0,27,12.90867872880795,85.0,473.60452242153525,15
1188.0,24,7.815450309192129,100.0,431.29533523786216,15
1189.0,30,3.9120896567598242,117.0,420.4988401277691,24
1190.0,28,2.07062867379237,136.0,390.7274004574784,19
1191.0,28,4.549516429221199,106.0,416.016509252628,17
1192.0,28,8.06048147048227,92.0,439.2108729033481,14
1193.0,28,11.697115162196587,73.0,460.22530065158264,10
1194.0,29,11.730393335558833,75.0,480.85011886901117,10
1195.0,29,13.336971299636058,37.0,501.47741201186045,5
1196.0,30,14.840123965333524,15.0,520.9530627155847,6
1197.0,29,17.047377251250015,14.0,537.112950524326,5
1198.0,27,17.817296298077924,20.0,509.0681818162409,6
1199.0,25,16.010187524257002,26.0,424.9927074621079,8
1200.0,25,19.025973914238733,33.0,440.20533394284,7
1201.0,32,14.974155041773724,40.0,455.25803275257164,14
1202.0,32,14.743358929244192,47.0,477.3460004455431,7
1203.0,32,12.839087575526284,56.0,500.5922407803225,9
1204.0,34,9.815055081311439,50.0,525.4153396264818,11
1205.0,35,8.719663402501988,61.0,552.8053417337205,12
1206.0,34,7.07320052143864,42.0,549.9935334739686,9
1207.0,34,7.6477722505034516,46.0,578.5919160324651,13
1208.0,35,9.613935129200138,27.0,605.7109921868803,9
1209.0,37,11.750245197819641,39.0,631.8930541379674,14
1210.0,35,13.534130615953876,51.0,652.0221979365738,12
1211.0,33,14.954249829416636,63.0,644.6110971172396,12
1212.0,31,13.893911106301658,76.0,573.4080198631148,13
1213.0,37,12.214481396925374,91.0,595.4676026847309,21
1214.0,33,8.707434158175802,106.0,541.7322436002275,15
1215.0,33,8.019128567369465,124.0,538.2921268187475,19
1216.0,32,8.239547666646093,142.0,531.5291102545303,19
1217.0,31,9.019305772027842,110.0,529.2713759751667,16
1218.0,29,7.847716325399613,88.0,502.1799380019781,12
1219.0,29,10.741430772589535,89.0,524.6566607238295,12
1220.0,30,12.483765032368318,70.0,545.9238936179092,11
1221.0,30,13.856547853559514,36.0,563.5976641745311,8
1222.0,29,16.114819556627733,13.0,580.1939396390878,4
1223.0,29,19.784323504800266,10.0,597.5044425772551,3
1224.0,27,20.291526037329586,13.0,515.4037134052013,4
1225.0,31,16.641485126389185,16.0,449.0805022506684,10
1226.0,29,18.840547009613353,19.0,428.49759404870076,3
1227.0,30,20.91525155285652,22.0,444.97890504264217,4
1228.0,30,21.49182828530393,26.0,462.1959273409136,4
1229.0,30,18.321920270342467,30.0,481.32367467685003,4
1230.0,32,12.38268016304079,13.0,503.41973214584374,6
1231.0,30,7.6439750979563,23.0,464.8597638372572,10
1232.0,31,7.330139933358539,36.0,490.3010617478145,14
1233.0,31,9.01279571752055,30.0,515.7245477399792,14
1234.0,28,6.956138524958161,40.0,529.6059562885455,15
1235.0,30,7.948268459235438,50.0,552.8863420376097,16
1236.0,29,7.090654810696976,64.0,541.5898484094353,15
1237.0,35,8.555426987812144,66.0,564.4377590012082,20
1238.0,35,12.208048960451563,68.0,590.717078657038,12
1239.0,34,13.452265671197962,80.0,567.1050445615284,12
1240.0,34,12.693339403699078,93.0,548.0946246590779,14
1241.0,34,13.632931797471317,88.0,572.6566055546438,14
1242.0,32,10.878330207183831,104.0,520.4207706798297,16
1243.0,32,11.668720240424848,72.0,544.7965860831986,14
1244.0,30,11.145159480793785,46.0,508.13566678311906,10
1245.0,31,13.308821222351028,46.0,529.9896101886023,13
1246.0,29,14.632615277019008,34.0,544.4967281466224,8
1247.0,25,13.386680191486933,43.0,470.06365322321085,9
1248.0,26,14.920614568464872,53.0,487.49286596542544,11
1249.0,31,11.142093422762954,63.0,463.9654323922396,16
1250.0,31,10.202605483158914,74.0,448.985703010153,12
1251.0,31,9.220541007946666,87.0,437.90202002651154,14
1252.0,27,6.1714902311692015,103.0,390.6251025304805,16
1253.0,28,6.899364146561347,121.0,413.7126420190574,19
1254.0,29,5.871607871735545,85.0,438.1829533301506,15
1255.0,29,6.7373601426337215,63.0,463.16506145426246,11
1256.0,30,8.825627384181168,57.0,486.80013536799066,11
1257.0,30,11.482536405925035,71.0,509.88380336391333,14
1258.0,28,11.341957367926502,86.0,525.1984452140365,15
1259.0,28,14.079246157135286,82.0,545.4630678119687,14
1260.0,28,16.1859729441106,49.0,564.6024245652953,9
1261.0,35,13.512495951184361,58.0,583.3399775437172,16
1262.0,35,15.90463783341968,67.0,607.401889241811,9
1263.0,34,17.63845403289756,77.0,582.7251093911113,10
1264.0,33,18.599513941126595,89.0,562.0652696348965,12
1265.0,32,16.469217247788432,102.0,552.9357119471616,13
1266.0,30,10.078536141230346,117.0,521.4685459458245,16
1267.0,27,6.885130844619055,110.0,469.54407340548164,14
1268.0,26,7.070670330186318,126.0,465.5700169930206,16
1269.0,26,8.938007662082862,143.0,486.9312327178387,17
1270.0,24,7.377868516702004,161.0,500.696579800842,18
1271.0,25,7.907174338634762,179.0,520.7144974412723,19
1272.0,24,7.40436858623451,188.0,535.6982695815367,16
1273.0,27,3.1361980241246035,139.0,512.522635274506,19
1274.0,27,7.419180200679013,91.0,535.4466202549464,9
1275.0,27,12.267296308549417,55.0,555.7150951136913,7
1276.0,28,16.183655018705977,43.0,573.5518227140362,7
1277.0,28,20.24435746766326,49.0,590.1224458059829,6
1278.0,27,18.344193065151583,55.0,583.5575041603371,7
1279.0,26,17.326153543341196,63.0,553.0358646968662,8
1280.0,26,15.942854517561422,44.0,519.9073184270413,9
1281.0,24,12.958681938455264,27.0,449.20836103588107,8
1282.0,23,14.732052208054421,26.0,462.11855531988266,6
1283.0,23,15.966873094734542,33.0,442.14734440663324,8
1284.0,23,17.61815631881747,41.0,457.14907276188023,8
1285.0,29,15.043268203281873,29.0,471.6349880233181,12
1286.0,31,16.372237547574862,17.0,490.6869233976317,5
1287.0,32,17.923262747136445,20.0,510.3921503533327,4
1288.0,32,19.703510211021193,25.0,529.8486575796704,5
1289.0,31,20.19495254238972,31.0,503.05452264306786,6
1290.0,31,18.252278709442738,39.0,480.7161997057265,9
1291.0,31,15.476448859539715,48.0,470.6280353958683,10
1292.0,29,11.243233318855099,59.0,422.8454552486619,12
1293.0,27,8.804037469385655,46.0,383.99783388959906,13
1294.0,25,5.902427801938397,59.0,399.19287704915496,13
1295.0,24,4.557501430945847,75.0,392.69407586675726,16
1296.0,24,5.832351726321928,93.0,413.73841271549395,18
1297.0,31,4.863805602040028,112.0,434.5197752671706,26
1298.0,31,7.676172739100845,116.0,460.48167099807574,17
1299.0,27,5.7924311551953185,83.0,427.3003843202556,13
1300.0,27,9.57994113403641,57.0,448.9796922343955,10
1301.0,27,13.85791564681496,43.0,468.2812962224014,7
1302.0,29,15.534530135079203,42.0,486.0901723236011,8
1303.0,29,19.42970775539947,48.0,503.64153252033924,6
1304.0,27,20.80108802958582,54.0,491.9581211813784,6
1305.0,27,21.16112657334981,63.0,458.35883371948654,10
1306.0,22,16.513051223521515,46.0,405.0841622911518,7
1307.0,22,17.18545790607365,28.0,376.3998518729991,6
1308.0,22,18.058148593841924,21.0,349.81768694295874,5
1309.0,28,16.76581963556411,26.0,362.4255479643974,11
1310.0,28,17.01090102450526,31.0,341.63901071606097,6
1311.0,28,18.5442659963199,17.0,358.83379721949336,3
1312.0,29,20.35139350259142,1.0,374.44049324298555,2
1313.0,30,20.87294595784505,2.0,390.24057259702073,2
1314.0,30,20.204851450241918,4.0,407.4911204138682,2
1315.0,31,19.751580088450634,6.0,424.58879439468916,3
1316.0,29,20.557002598202864,10.0,394.68072363742306,4
1317.0,29,20.12080193475659,19.0,393.0746298481223,10
1318.0,26,13.38439615638477,30.0,365.1955312603881,12
1319.0,25,8.494583636073827,41.0,353.9626351008597,12
1320.0,24,7.124735412578137,46.0,355.0370831244515,12
1321.0,29,4.425696776836933,61.0,358.68748676397877,21
1322.0,29,4.09611965431884,77.0,377.09802388675274,17
1323.0,29,5.852243816959098,94.0,402.48277085255086,17
1324.0,29,8.17974384436062,97.0,426.43854012951266,17
1325.0,29,11.061801151916603,69.0,448.64825799646496,13
1326.0,27,11.088322010135254,49.0,447.0374509578501,10
1327.0,27,14.328892726259875,34.0,466.0268168192029,7
1328.0,28,16.364102204941556,35.0,483.5796485440404,7
1329.0,28,19.480865140311643,42.0,500.3972941601803,7
1330.0,23,16.747216850653327,50.0,473.28987209097943,9
1331.0,22,18.660936564502467,58.0,439.5802710620154,8
1332.0,21,17.883774463735023,66.0,398.00294119277135,8
1333.0,26,11.343542531161455,47.0,325.04578825319544,13
1334.0,27,13.162073714481961,30.0,343.7923310929674,5
1335.0,25,15.041917135576782,35.0,295.18996672545995,5
1336.0,26,18.191773153867818,40.0,310.6309735343225,6
1337.0,26,20.813379751677875,23.0,325.6816021643674,3
1338.0,27,22.1250248129535,0.0,339.6263392512957,1
1339.0,28,22.466977758672115,1.0,353.9518630079726,2
1340.0,29,21.79899307789824,4.0,369.16667714515364,4
1341.0,29,22.011453044036887,10.0,385.2083294759595,6
1342.0,25,20.0978635984114,16.0,349.9078182689097,6
1343.0,27,19.896286056390878,24.0,364.07197748258193,10
1344.0,26,15.76738090432562,33.0,340.36318442331253,10
1345.0,28,6.606560285083786,44.0,289.9086574684414,17
1346.0,28,6.674714521265277,43.0,314.0091125218416,11
1347.0,27,6.242427839277479,54.0,321.5242655049548,11
1348.0,28,6.951525943211336,69.0,344.4167463250561,16
1349.0,28,7.312385742309624,85.0,368.12637945813157,16
1350.0,28,8.15871343562522,84.0,391.26913684023623,17
1351.0,28,10.72612743896858,61.0,412.85164022801933,14
1352.0,26,12.032516028675882,43.0,405.1234380802213,11
1353.0,27,14.657733657965464,30.0,422.71646659079653,8
1354.0,24,14.553739092435025,31.0,429.92660013760883,6
1355.0,24,17.646981717450316,37.0,441.376999744185,7
1356.0,23,20.000557539276798,43.0,437.81073705771485,6
1357.0,26,14.175931884225312,50.0,346.704870854498,13
1358.0,28,13.320295629421985,57.0,365.1527520380132,9
1359.0,26,13.03300452180731,40.0,305.10248794849497,5
1360.0,26,16.065963874324982,35.0,322.70436286449717,5
1361.0,24,15.203835812285297,40.0,280.7192200439924,5
1362.0,25,12.892911466559177,45.0,298.1557458086472,6
1363.0,25,14.433451791512358,30.0,315.75591367366377,4
1364.0,27,17.398298557866138,3.0,331.1195036376572,5
1365.0,27,19.46530741093303,8.0,347.31599485521457,5
1366.0,28,20.169402307125253,13.0,362.67827485966376,6
1367.0,28,22.50893802998506,19.0,377.70679440411607,6
1368.0,27,23.585568330294027,27.0,370.767217405387,8
1369.0,34,18.399213555089148,35.0,358.38637840571505,16
1370.0,29,12.136083809586692,45.0,284.1000451707046,11
1371.0,29,11.799650485307968,56.0,306.13334788933713,11
1372.0,27,9.218457542440463,51.0,292.91767281582923,10
1373.0,27,10.042010297548586,62.0,314.41539776717684,11
1374.0,28,7.777314230538447,78.0,337.0032267202487,17
1375.0,27,5.938818980097955,96.0,344.768249038016,18
1376.0,27,8.016295490094254,91.0,367.49621278975434,18
1377.0,26,9.533735433888,64.0,385.76031826455477,14
1378.0,23,8.63650477439539,48.0,370.03647864356185,10
1379.0,24,11.92641411767937,37.0,387.35784381358224,8
1380.0,25,15.6707407681288,38.0,403.63967526327866,7
1381.0,31,16.684818247448288,45.0,418.4257339632565,13
1382.0,27,16.58952870010824,52.0,382.0507376950308,7
1383.0,27,16.864050506400698,59.0,356.78116478566415,8
1384.0,27,14.348501317772131,66.0,336.20016309468286,8
1385.0,28,14.797719571737975,48.0,354.7998763043663,6
1386.0,26,12.85920185655872,42.0,317.06565834146943,6
1387.0,25,13.041105942287139,46.0,305.4412304028589,5
1388.0,26,13.434001294528807,54.0,323.6650235538805,9
1389.0,27,15.120166121624944,40.0,341.6487489593936,8
1390.0,26,17.54539211329188,8.0,355.544542973113,3
1391.0,27,19.67922156611516,12.0,370.9739004232512,5
1392.0,28,20.478909754685258,16.0,386.6003128840742,5
1393.0,34,18.582836513432184,21.0,402.105042610572,11
1394.0,33,19.475849069648444,27.0,369.9093332358094,7
1395.0,34,21.57094032003006,35.0,388.33526988854544,9
1396.0,31,18.03413548979016,44.0,343.7085953336503,10
1397.0,29,15.964268912136852,55.0,322.1321429502025,11
1398.0,28,13.898736612812046,46.0,323.0686110863072,10
1399.0,27,11.491536833138639,58.0,324.02263241958974,12
1400.0,26,8.977023144677824,72.0,317.93336176296606,15
1401.0,25,8.84511522727722,89.0,336.14711997754404,17
1402.0,22,4.718934839712309,86.0,345.3162103786466,14
1403.0,22,7.781451912254424,59.0,363.92524555134,12
1404.0,21,10.142883731654143,43.0,364.01281440624444,8
1405.0,27,8.763930566295802,36.0,360.583363740878,13
1406.0,27,13.553391110578502,36.0,380.16261618342276,5
1407.0,27,18.418413516478694,42.0,397.06223750451585,6
1408.0,26,20.321890903482885,48.0,380.34853034887647,7
1409.0,24,19.737912933097462,54.0,342.5918214564889,6
1410.0,24,16.050437194919343,60.0,317.8185476702104,7
1411.0,23,12.590108620887223,39.0,269.6292382610505,6
1412.0,23,14.490569006285616,20.0,285.5107541335725,5
1413.0,23,14.960568533365926,27.0,297.3595630523527,8
1414.0,22,15.95518102762678,34.0,308.37952318068983,7
1415.0,23,17.03351441653093,19.0,321.80750382636546,6
1416.0,24,19.424597397925606,11.0,334.8224077451067,4
1417.0,31,16.110551847463153,14.0,348.29097177767306,10
1418.0,31,17.564072651598327,18.0,368.0158334648825,4
1419.0,30,19.119356773452544,24.0,363.89358684386184,6
1420.0,31,19.351832330942393,31.0,355.47836386042104,9
1421.0,32,19.921060173503392,40.0,373.26858964950236,10
1422.0,29,15.140742890508669,49.0,350.3598033441636,9
1423.0,28,11.94639958507819,63.0,353.9533551560292,14
1424.0,26,8.402694760233741,51.0,339.7382257650599,13
1425.0,27,7.709074337134871,66.0,361.4481617939714,16
1426.0,25,5.365415655730483,84.0,377.12909802168934,18
1427.0,24,5.571116995382379,102.0,382.69652241905175,18
1428.0,24,7.627685381451189,112.0,403.1871180331951,17
1429.0,29,7.239869964302355,82.0,415.72082863572047,19
1430.0,27,6.496152780247407,55.0,390.34731981835904,10
1431.0,27,10.737641940502577,42.0,411.2842380999595,6
1432.0,27,15.484295988217356,39.0,429.51774265759565,5
1433.0,27,20.595962190177797,45.0,444.8768404173751,6
1434.0,26,18.444357990872227,51.0,436.2521762484984,7
1435.0,25,17.39415145939139,59.0,410.2421209992823,8
1436.0,25,15.367738155362083,69.0,380.67351979845256,11
1437.0,25,13.577055321107064,51.0,362.1164235623795,10
1438.0,23,12.663567410231162,33.0,333.1179719197393,7
1439.0,21,13.450453516477845,40.0,313.677375389511,7
1440.0,22,15.754326811300727,47.0,327.3477790557186,8
1441.0,29,14.046043175203963,31.0,340.7958581076704,12
1442.0,29,17.618821830037355,16.0,359.2224127541827,3
1443.0,30,19.63016239220654,19.0,376.0966727593296,4
1444.0,31,19.999808889121432,22.0,393.4129522286275,4
1445.0,31,21.898244585060535,27.0,410.57032729796333,5
1446.0,30,19.92696484042686,33.0,380.7874530391515,7
1447.0,31,20.397888992349888,41.0,398.0650453228793,9
1448.0,29,16.071552147610205,52.0,371.06283811197807,12
1449.0,28,13.62365679974882,66.0,370.2207981076586,14
1450.0,24,6.874891386996719,45.0,345.1174535219535,11
1451.0,25,5.152333141137126,57.0,366.42913753191243,13
1452.0,24,4.02692111342137,74.0,370.5373239653214,17
1453.0,30,4.15150880584503,92.0,391.86825666982196,24
1454.0,30,7.2200511294278185,98.0,417.3263385535937,17
1455.0,30,11.155996212908603,69.0,440.3380674389653,13
1456.0,28,10.628481471989804,45.0,409.8262876753067,10
1457.0,27,12.963400594560557,28.0,420.1014723006125,5
1458.0,27,16.878979340525074,26.0,437.97349345383145,4
1459.0,28,20.14563292981059,30.0,453.67555285778565,5
1460.0,26,22.028386577101397,37.0,440.41686972618186,7
1461.0,26,22.075606523230427,44.0,411.82512314813414,8
1462.0,21,15.997188920664875,51.0,361.90357020718335,7
1463.0,22,16.338685875890487,34.0,375.7632849134322,6
1464.0,20,14.77315898585567,28.0,313.1682418131172,4
1465.0,25,11.082816159988981,33.0,297.93592761076314,11
1466.0,26,12.237499917911183,38.0,280.7578491975625,7
1467.0,26,16.846892824463623,20.0,297.72767329394424,4
1468.0,26,22.207747548983935,2.0,311.9744008835091,1
1469.0,27,23.31273162210417,3.0,325.3481257201112,2
1470.0,27,22.13273264547102,4.0,340.44683615477527,1
1471.0,27,21.578830580439686,7.0,329.85221863876495,4
1472.0,28,22.137528791796207,13.0,344.508941276317,7
1473.0,27,23.25351243460651,21.0,356.32216536279753,8
1474.0,23,16.110098802820694,30.0,298.46134191832397,10
1475.0,22,9.660690245892303,40.0,275.11856766178323,11
1476.0,22,8.435167028185173,42.0,293.46155882868135,9
1477.0,28,4.2432817359829915,53.0,291.3318195575207,18
1478.0,28,5.504136367720874,67.0,316.20805567494233,14
1479.0,27,6.061196539469688,83.0,322.26966986884764,16
1480.0,27,8.925677820037855,82.0,344.40701728777816,15
1481.0,27,12.184967853329574,53.0,364.66967287100164,12
1482.0,26,11.635518698540126,35.0,359.8233523711301,9
1483.0,26,14.830471023753425,28.0,377.9239416161711,5
1484.0,26,18.619563266180062,31.0,394.1757682387834,7
1485.0,24,20.22917862683694,38.0,402.7612873363227,7
1486.0,22,18.076568925425118,45.0,380.22463774235877,8
1487.0,22,17.22953128321428,52.0,391.23561059100706,8
1488.0,20,14.145025719616164,59.0,323.2348530407626,7
1489.0,27,10.350054524624968,40.0,337.6532399920246,12
1490.0,25,11.177787262269051,34.0,287.9861082907,5
1491.0,25,15.124360297379818,39.0,305.23267713033965,5
1492.0,26,16.218447213998456,44.0,293.2782335853477,7
1493.0,26,18.09782850067735,49.0,309.8253489944616,5
1494.0,26,19.18967027078733,7.0,325.87808671657314,3
1495.0,27,19.060526392435268,2.0,341.6270057260864,2
1496.0,28,18.78284884871146,5.0,358.14938252737375,4
1497.0,29,19.869022263222984,12.0,374.66888632244155,8
1498.0,26,18.64621805454966,19.0,356.73259930165625,7
1499.0,27,18.81951928084398,28.0,372.43208637371856,10
1500.0,24,13.09066226542272,38.0,314.8743682648434,11
1501.0,29,7.934533145320092,48.0,317.17784095876965,16
1502.0,29,6.817585240053364,46.0,316.6442738212655,11
1503.0,29,7.575594211701069,58.0,341.35066272388195,12
1504.0,28,7.709298296792475,72.0,343.45349138434585,14
1505.0,27,7.74606339527451,89.0,350.2841214106795,17
1506.0,27,6.8469155543418445,107.0,373.7036903437383,18
1507.0,27,9.094000622768332,59.0,395.86507745959364,13
1508.0,27,10.35069615094106,48.0,402.7725560162606,12
1509.0,26,12.46297652709024,47.0,408.0662114547567,10
1510.0,25,14.940293752818935,50.0,422.11409404890077,9
1511.0,25,17.282954798262192,59.0,433.74524444961895,10
1512.0,25,19.99665727930856,68.0,448.75076506909835,9
1513.0,28,11.594042641872935,77.0,375.7147598019432,16
1514.0,27,9.60160373201801,87.0,349.6641502646528,11
1515.0,27,11.566587830646005,70.0,370.2472740358401,8
1516.0,27,11.964411664997549,53.0,351.60865422776305,7
1517.0,27,15.198578200656506,46.0,370.03946616540713,5
1518.0,28,14.02729006343895,51.0,388.7460454213828,6
1519.0,29,13.122875134929192,58.0,408.678841436813,8
1520.0,30,15.082293438595666,13.0,428.3225747654104,6
1521.0,30,17.184035421219207,10.0,447.9152967841657,6
1522.0,30,19.172674415062353,16.0,466.3532651104502,6
1523.0,32,18.940578777485726,23.0,484.2470816766222,9
1524.0,31,16.896336876421305,32.0,455.4268414208094,10
1525.0,37,15.18456687326802,41.0,475.1825026089517,15
1526.0,33,12.248732237013828,53.0,443.7036855774941,12
1527.0,31,10.27099329307198,66.0,426.5427026768675,13
1528.0,32,9.583325108241963,64.0,451.05679233802306,14
1529.0,31,9.359708736762029,80.0,458.1136211585516,16
1530.0,30,8.843109963173639,97.0,465.177971100792,17
1531.0,29,8.963055426464978,115.0,471.81418949565756,18
1532.0,29,9.79905816794096,135.0,495.03574465289756,20
1533.0,29,10.567294022943962,80.0,513.9879528574743,15
1534.0,24,6.275719960081532,56.0,495.1356788791685,10
1535.0,24,10.596806714976102,42.0,513.7845983773443,7
1536.0,24,14.941831340568237,40.0,530.2202411899423,6
1537.0,30,15.441515025063415,47.0,544.4259839661331,13
1538.0,32,17.878595612654568,54.0,562.39699391235,9
1539.0,28,17.037568986787054,61.0,522.9758465176467,7
1540.0,27,15.70148484694776,69.0,437.466245793717,9
1541.0,27,16.141342367464947,50.0,455.6667205195315,6
1542.0,25,12.716653589332921,32.0,385.35923566013133,4
1543.0,26,12.659345728313143,26.0,363.4314673428046,7
1544.0,26,16.190888731373914,32.0,380.71425556045415,6
1545.0,26,17.450641361464672,40.0,393.3124697601207,9
1546.0,25,19.334015174436725,22.0,404.7446233129994,6
1547.0,25,21.221869251969288,8.0,418.76293495874586,3
1548.0,26,21.23406508255251,11.0,432.297112006174,4
1549.0,33,16.990064736381303,15.0,446.5953843956868,11
1550.0,34,17.753705746581364,19.0,467.0546274589895,5
1551.0,32,17.824237692802313,25.0,437.5296508219898,6
1552.0,32,19.060491008665267,33.0,457.05090054362427,8
1553.0,30,14.883010484954607,41.0,433.79207049248566,9
1554.0,31,11.87451237855355,31.0,434.32905746998404,11
1555.0,30,12.305411847013021,42.0,439.63113609183546,11
1556.0,28,12.120581073352852,56.0,433.0205287064738,14
1557.0,27,11.743150588558427,72.0,451.1455789135261,16
1558.0,23,5.0345228549309615,89.0,438.52469553290877,17
1559.0,24,4.219818756112924,107.0,459.60980977170004,19
1560.0,22,2.3246152667325153,72.0,445.06646766810053,14
1561.0,28,4.455169401130968,52.0,464.5557065815823,17
1562.0,28,8.907134938908674,43.0,487.5614658681545,8
1563.0,28,14.058696281523003,45.0,507.7077692317029,7
1564.0,29,17.927316532876176,52.0,525.3246296345898,8
1565.0,30,20.18445470890926,59.0,542.1413332400584,8
1566.0,27,17.009712375893052,66.0,482.0793851888447,7
1567.0,26,17.233032379448247,48.0,445.2488515311209,7
1568.0,26,17.386706367207264,31.0,412.5467630772884,7
1569.0,26,18.097435943862905,20.0,385.95845741042666,7
1570.0,24,16.68963490355867,26.0,354.28234331658837,7
1571.0,24,17.11555141312824,33.0,369.8798697200147,7
1572.0,24,14.97545021512645,40.0,386.5079085647032,7
1573.0,31,10.452981742690568,17.0,403.90575500332943,11
1574.0,32,11.061876700920896,16.0,427.82903861575267,4
1575.0,33,12.65728424313122,21.0,451.5036507374599,6
1576.0,33,15.666525433310099,27.0,474.1891123634148,6
1577.0,33,18.696113690286516,34.0,494.86477622652694,7
1578.0,34,18.455194925929305,42.0,515.3118115923183,9
1579.0,32,13.880652633205708,52.0,462.7528578609983,12
1580.0,31,14.233653334939845,37.0,464.39195492807175,10
1581.0,29,11.27817293266358,51.0,460.37354227566004,14
1582.0,27,8.576068084297983,66.0,463.6594407123349,15
1583.0,27,9.380375965901598,82.0,485.7287817950973,16
1584.0,25,6.681414665698682,99.0,468.1820252876802,17
1585.0,31,4.319435073248073,118.0,482.50726345081034,26
1586.0,28,3.179253609529183,79.0,461.55233890587215,14
1587.0,28,7.162949756909376,54.0,485.54398031559623,11
1588.0,28,12.163974940365964,35.0,506.75032183532863,7
1589.0,29,15.88516051802662,37.0,525.5386412501563,7
1590.0,30,17.67179099475392,43.0,543.856092671903,7
1591.0,30,20.628470891690622,49.0,561.3533648444052,6
1592.0,29,19.893571666531088,56.0,550.548783238396,8
1593.0,27,20.280580766402483,41.0,459.12805158269765,8
1594.0,22,16.493426563529034,26.0,370.1520783999884,6
1595.0,24,18.183613102884426,22.0,383.3128728300796,7
1596.0,24,21.32045156702235,28.0,396.93955971361777,6
1597.0,29,14.521715592762064,34.0,335.20302905161,13
1598.0,29,14.968399151957223,40.0,355.43336548165644,6
1599.0,29,14.986745694232646,12.0,375.5914913467868,2
1600.0,31,15.362129042732436,10.0,394.9343437540195,4
1601.0,32,15.230140090529986,13.0,416.20706130506125,4
1602.0,32,15.23343898946413,17.0,438.6795164568117,4
1603.0,32,17.78950805219701,23.0,459.6420846912545,8
1604.0,33,19.063933624594792,34.0,479.47523123202615,12
1605.0,30,12.449118126230923,48.0,428.7383392741022,16
1606.0,29,11.67801525782586,63.0,435.4071713247649,15
1607.0,27,9.620146756913142,54.0,411.734949006898,13
1608.0,26,8.439355504740435,68.0,414.036014317445,14
1609.0,31,6.504819330018798,82.0,415.7545228468772,20
1610.0,31,6.068506796212316,100.0,422.61567051690423,19
1611.0,31,8.038188288779311,118.0,448.54444089104027,18
1612.0,31,11.63398147281979,74.0,472.1951478626636,12
1613.0,29,12.902812048111375,48.0,472.66407875730926,9
1614.0,27,13.854864047293733,32.0,458.5509422887592,6
1615.0,28,16.47969791067914,33.0,476.35932104547965,7
1616.0,28,20.325699394141857,40.0,492.9536311503412,7
1617.0,28,21.37303105262517,48.0,504.20568610484224,9
1618.0,23,17.1243831643455,57.0,446.2040471769635,9
1619.0,21,14.767751877465555,66.0,393.29633368848533,9
1620.0,21,12.337578136059966,48.0,370.24253498584153,8
1621.0,27,8.15138888297777,31.0,342.3703331449651,12
1622.0,27,9.936609914247303,27.0,328.5402876670082,6
1623.0,27,14.145697658591192,32.0,347.9403125176443,5
1624.0,27,19.07463446057233,37.0,364.6891477573153,5
1625.0,28,21.80802776947011,5.0,379.5931302101405,3
1626.0,29,20.640018495286707,2.0,395.6841779703808,2
1627.0,30,20.336369632531692,3.0,412.4399788962222,2
1628.0,30,21.34954481304165,9.0,429.5419816140518,6
1629.0,28,20.17907485438352,17.0,421.3185586734803,8
1630.0,27,17.68669376408846,27.0,410.3816514745516,11
1631.0,25,11.671965565719063,38.0,369.8042362171899,12
1632.0,24,9.51425602441091,51.0,371.9191423711419,13
1633.0,30,5.930204732705113,55.0,371.0251860892194,21
1634.0,29,5.679761237932558,71.0,380.06112123263637,16
1635.0,28,6.022493195025098,88.0,388.25268081653087,17
1636.0,29,6.975607623429572,105.0,412.34415454150263,18
1637.0,29,7.62442540999837,124.0,437.033788164729,19
1638.0,29,9.85002942045366,78.0,460.4845149444904,14
1639.0,27,10.368826970637613,54.0,456.6451903858727,10
1640.0,27,14.261092231670428,43.0,476.33965332644595,9
1641.0,27,15.628383454700959,47.0,490.40396256799886,9
1642.0,24,15.599104307666916,55.0,497.0731949281401,8
1643.0,24,17.19714518032043,63.0,495.19603722341134,9
1644.0,24,19.24806950069071,71.0,510.46915365155957,8
1645.0,27,11.64007872348194,80.0,405.56146409777705,15
1646.0,28,9.911272934036253,61.0,386.4871906114312,9
1647.0,27,11.825566748788965,41.0,362.9369013651614,6
1648.0,26,15.121793293883046,35.0,345.11889327363826,5
1649.0,27,17.9711983211322,40.0,361.437649687452,6
1650.0,27,17.260585574650694,45.0,379.1484251354197,5
1651.0,28,17.195119857631802,5.0,396.5675080837073,2
1652.0,29,18.388268393629087,3.0,413.9956657785176,4
1653.0,29,19.40442815210437,8.0,431.9516462864991,5
1654.0,30,19.83276263830353,15.0,449.3995935827224,8
1655.0,29,20.44594598245069,24.0,440.15073582770003,9
1656.0,27,20.485725268487418,33.0,429.42965739244096,9
1657.0,30,10.31333430804889,44.0,358.80856825704467,19
1658.0,30,9.60682112330877,56.0,383.2129416287121,12
1659.0,29,9.2051067052222,55.0,387.8779492212487,12
1660.0,28,9.317021012114658,69.0,392.6466995562769,14
1661.0,28,7.778770445382429,84.0,399.6184861110595,16
1662.0,29,6.06136956462837,101.0,424.18151563318986,18
1663.0,29,5.665599870654848,118.0,449.96241331236195,17
1664.0,29,8.286651405280526,67.0,474.24426051450524,13
1665.0,27,9.222071355688115,46.0,466.9906239816385,11
1666.0,26,11.667515523040457,37.0,484.03394646444104,9
1667.0,26,12.916233119687876,43.0,497.600429600908,9
1668.0,27,16.858595358371065,51.0,514.377645069119,9
1669.0,33,16.70246166836695,59.0,530.1756062785613,14
1670.0,28,14.497810189373974,67.0,443.9785373582245,8
1671.0,27,14.176269496749788,76.0,413.88015387687165,9
1672.0,28,12.5774624478412,58.0,394.7094602158648,9
1673.0,27,13.40499441034272,40.0,371.3608966308052,5
1674.0,27,13.28271616328239,35.0,391.3663186239183,5
1675.0,27,12.16115936529458,42.0,374.70399600305876,8
1676.0,27,14.220862319688981,51.0,394.150025233013,9
1677.0,28,15.924089207140282,15.0,412.47989901292567,7
1678.0,29,17.520114475463973,16.0,430.4866497281454,6
1679.0,29,18.543374441376063,21.0,448.7436329374618,5
1680.0,29,19.85523075445743,27.0,466.17567788203644,6
1681.0,34,15.432691716963186,34.0,433.1823751513939,14
1682.0,35,17.173647849958073,42.0,455.0035981448515,9
1683.0,30,13.920255640401214,53.0,398.6566992019723,11
1684.0,29,12.382611807520147,64.0,398.9876240019864,11
1685.0,29,11.280182709544112,57.0,404.93634543135386,12
1686.0,29,10.935341785653995,70.0,427.5666297446687,13
1687.0,29,9.755059462594993,84.0,430.90626125347603,15
1688.0,29,10.630522266226789,102.0,453.95643323481784,18
1689.0,28,8.021669864118405,121.0,456.60699098031813,20
1690.0,25,6.898416140776854,59.0,468.5715494355377,12
1691.0,23,6.780498222866424,37.0,455.09618420625475,8
1692.0,23,10.417814618916216,30.0,473.4664927511625,6
1693.0,30,10.611677231498035,36.0,490.2632746061577,13
1694.0,30,15.370585812009425,42.0,511.2205328263712,6
1695.0,31,19.61314838666415,49.0,529.2508350100808,8
1696.0,28,20.019329446602914,56.0,460.9386322022337,7
1697.0,25,17.561957720738643,63.0,396.2996059262081,7
1698.0,27,15.163348827496135,45.0,413.24534724693666,7
1699.0,25,13.39991450622659,27.0,345.57253642176374,4
1700.0,25,15.839940444792504,21.0,362.675809578498,5
1701.0,25,17.211189069509874,27.0,340.35457085290665,7
1702.0,23,16.848294551055908,34.0,348.1962518769741,7
1703.0,24,17.418985583329015,19.0,362.6135527068341,7
1704.0,24,18.52618884677818,11.0,377.60230344781985,3
1705.0,31,14.516244844777718,15.0,392.5762733469062,11
1706.0,31,16.966128070783824,20.0,413.02874927478393,5
1707.0,29,17.542390538618758,27.0,380.7056892304347,7
1708.0,30,19.20439324849654,34.0,397.7901776804031,8
1709.0,29,17.412535482060367,42.0,374.5347923191485,9
1710.0,29,14.870045263531365,51.0,394.413034492328,9
1711.0,26,11.51215258394448,40.0,378.7598095294075,10
1712.0,25,10.502704117903487,52.0,378.81379983724344,12
1713.0,27,9.037698008301415,65.0,398.68394245947877,15
1714.0,26,8.484142278013172,81.0,417.7613326955027,16
1715.0,24,7.601728815838327,99.0,422.5904260864314,18
1716.0,23,7.595900577532526,109.0,436.10038495412437,16
1717.0,27,2.9294075504766792,75.0,411.4833626004038,20
1718.0,28,6.310486021171248,49.0,434.91804940541454,10
1719.0,28,10.17705351368808,41.0,457.0867045248005,6
1720.0,28,14.623609853599906,48.0,476.6992125409304,7
1721.0,28,18.798130601237727,55.0,493.90525522193803,7
1722.0,27,17.996677073767387,62.0,486.3634488667059,8
1723.0,27,15.592375328930974,69.0,454.8732820123114,8
1724.0,26,16.051057048838544,53.0,418.3789528482881,9
1725.0,27,17.85061276467016,38.0,434.40590832939887,9
1726.0,24,18.27896435675841,33.0,398.2983577345516,7
1727.0,23,18.42822608628712,40.0,372.10193189522994,7
1728.0,22,16.533070531415518,47.0,350.1153971046956,7
1729.0,30,12.995707836122074,29.0,364.4920381777188,13
1730.0,30,15.987865857089322,14.0,385.06681313980977,2
1731.0,30,18.60285820025492,17.0,404.0899621859723,3
1732.0,30,21.503969301039547,20.0,421.4284550446793,3
1733.0,31,21.744934141883128,26.0,438.24811916066585,7
1734.0,30,18.66221392559187,33.0,407.54720792396324,8
1735.0,29,17.06161313037151,41.0,405.69539290487137,8
1736.0,26,13.696295496102383,52.0,381.3320388814109,11
1737.0,26,12.257609612565087,35.0,384.21918842551037,11
1738.0,23,8.11799431778795,47.0,383.03827037582505,12
1739.0,23,6.008020203995354,61.0,392.2161460490507,15
1740.0,23,6.320296210816085,76.0,412.37394166931557,15
1741.0,30,6.016011333928628,91.0,431.8634740734057,22
1742.0,30,9.310995675644312,94.0,456.3890034063799,15
1743.0,26,7.157731018065891,63.0,420.31748768714925,11
1744.0,27,10.136289699813922,40.0,440.92147620224307,9
1745.0,28,13.374535108841101,27.0,460.5665906618827,6
1746.0,28,16.671444199417085,33.0,479.37049710404165,6
1747.0,28,20.68985838745973,39.0,495.9239283551416,6
1748.0,26,22.42646322047573,47.0,482.826718069237,8
1749.0,27,21.96364825256862,55.0,441.6991637408627,10
1750.0,22,17.935596231122062,39.0,391.21673242613423,7
1751.0,20,18.97655528011745,26.0,316.46353693058325,5
1752.0,20,22.627775958004143,31.0,327.33602980224157,5
1753.0,26,16.526090313428856,36.0,304.5057091883415,12
1754.0,26,14.101676646006934,41.0,283.6809810621789,6
1755.0,26,14.87785160833462,23.0,301.63542642305276,4
1756.0,26,16.987717080265313,1.0,318.4530173861872,1
1757.0,27,19.682588373483746,2.0,333.3728024723905,2
1758.0,27,20.532415125244196,4.0,348.90367194378797,2
1759.0,28,20.90133774004932,7.0,363.9124191578393,4
1760.0,26,22.127925213211196,13.0,330.4566681046136,6
1761.0,27,22.968056546489073,23.0,343.7685712646898,11
1762.0,22,16.07509070119087,33.0,299.8672405261781,10
1763.0,21,12.705307905080659,44.0,299.07702753810355,11
1764.0,20,9.351088605187377,45.0,307.17564310436876,9
1765.0,27,5.140595706131104,54.0,308.7099796828321,17
1766.0,27,6.154647002803159,66.0,332.2148029405363,12
1767.0,27,8.007752809591715,79.0,354.6339786413812,13
1768.0,26,9.066049273442728,78.0,367.2568032729616,13
1769.0,27,11.786445535969323,45.0,386.55367836732404,10
1770.0,26,12.135620440987251,23.0,382.35446697611377,7
1771.0,26,14.6791975176803,17.0,400.29378536627297,3
1772.0,26,18.665705059859363,22.0,416.13918415577814,5
1773.0,27,21.261110566107646,28.0,430.19874191630095,7
1774.0,25,23.10554605658297,35.0,437.6673453009746,7
1775.0,20,16.395702797821922,42.0,321.1760974010859,8
1776.0,20,15.729365395420071,49.0,334.90281158578824,7
1777.0,26,10.77289501786074,32.0,312.4857328845871,12
1778.0,25,13.713704885296776,21.0,284.6972943162917,4
1779.0,23,15.179821713281607,25.0,238.1726528019103,4
1780.0,24,18.614562044538058,29.0,252.13991299001898,5
1781.0,25,19.214896705886776,33.0,266.46638594832876,5
1782.0,25,20.379549578834997,1.0,281.11573249227416,1
1783.0,25,21.24545091145812,0.0,295.235871834043,0
1784.0,25,21.83988828280976,2.0,309.17474954785973,2
1785.0,27,21.857222165135386,7.0,322.3056748213662,7
1786.0,25,21.773095101852952,13.0,312.15487846632607,6
1787.0,23,21.071261971612444,21.0,284.2553806443252,8
1788.0,19,14.814498638041309,30.0,239.85048216102774,9
1789.0,26,8.798573299014773,40.0,254.17644679733917,17
1790.0,25,5.409707938132723,38.0,254.16057639948144,10
1791.0,25,7.824254203229088,49.0,275.1563492855921,11
1792.0,25,11.145262539434647,60.0,294.5062824187326,11
1793.0,25,10.541511318191128,73.0,309.2218784891667,14
1794.0,25,9.072395388994332,86.0,329.8350365497039,13
1795.0,26,10.246446510311332,40.0,349.74619899040647,9
1796.0,24,10.53733265838728,23.0,341.11192083893934,6
1797.0,25,14.074691010561981,31.0,358.3299311792011,9
1798.0,23,14.90592216249479,39.0,367.2717362859535,8
1799.0,22,16.475945370724542,47.0,377.0913701130422,8
1800.0,23,19.227384507428603,55.0,390.2141036845773,9
1801.0,28,13.838333395312679,63.0,378.53647749866826,15
1802.0,25,10.579174697956692,72.0,291.927599070373,9
1803.0,25,12.967618340175926,54.0,310.102425332279,7
1804.0,23,13.873683789960262,37.0,260.2647758904359,5
1805.0,24,15.704622703509527,32.0,275.58609133784563,5
1806.0,25,14.957695824562494,36.0,292.0163789144578,5
1807.0,25,14.871303935592014,41.0,309.5606164979655,5
1808.0,25,17.83773372348641,2.0,325.7123670875138,2
1809.0,26,19.378433499340524,3.0,340.73188625986114,3
1810.0,26,20.020245223165634,8.0,356.414519696791,5
1811.0,27,19.946128462859015,13.0,371.63018027475505,6
1812.0,25,19.13771141368664,20.0,343.22089698846736,7
1813.0,32,15.084363133344315,28.0,358.2292662932451,15
1814.0,29,12.671023127710633,37.0,337.9454692031391,9
1815.0,26,9.546144614391485,49.0,318.6661042351012,12
1816.0,25,7.812456409984609,48.0,320.75863257647666,13
1817.0,26,9.04371767370491,60.0,341.07886252744805,13
1818.0,26,7.8414590443262275,74.0,362.9645904523944,14
1819.0,26,7.332687706966028,89.0,385.0655795607877,15
1820.0,26,7.91579411040394,106.0,406.82146068684705,17
1821.0,28,9.059157743454877,57.0,427.6615048919931,14
1822.0,24,5.988317027195185,42.0,410.61892010902636,8
1823.0,24,10.501667296725872,42.0,429.65269032710177,8
1824.0,24,15.170492363715791,50.0,446.4785280259464,8
1825.0,31,15.003078093722412,58.0,461.33771371035107,15
1826.0,32,18.462403985263645,66.0,480.7075757421751,9
1827.0,27,16.57433409089855,74.0,367.9367937799447,8
1828.0,26,16.28447021561272,82.0,364.6512282384257,8
1829.0,25,14.307387215058252,62.0,302.700442311517,8
1830.0,25,14.026622301196111,43.0,320.69267926848636,5
1831.0,25,12.454100488398687,38.0,303.67954941695297,6
1832.0,25,15.56504558347967,46.0,320.69875595681117,8
1833.0,26,17.626669838084087,54.0,336.2828981154312,9
1834.0,24,20.011591005617188,8.0,344.37122322111935,3
1835.0,24,21.85731929487825,7.0,357.81056001376686,2
1836.0,25,22.413884373611438,9.0,370.59233508726476,3
1837.0,32,18.465562411416244,12.0,383.79650085379774,10
1838.0,31,20.185113983762943,17.0,380.63922921860257,5
1839.0,30,20.994564797570813,22.0,374.5128632055581,5
1840.0,26,18.810472459440213,27.0,335.70728943463007,5
1841.0,25,13.559421842755773,35.0,309.47097622371786,9
1842.0,25,10.237523757404738,24.0,319.80384567796756,9
1843.0,24,10.251381514336499,33.0,327.72841763176376,9
1844.0,24,12.813384402812279,44.0,345.7433752350135,11
1845.0,23,10.814312289926734,58.0,351.2950555792148,15
1846.0,20,6.582852784206289,72.0,357.9241142841739,14
1847.0,21,8.032983185342118,48.0,374.60354290652987,11
1848.0,20,8.767231138463213,28.0,373.2347232057701,5
1849.0,26,6.461456844782658,25.0,370.088554558252,11
1850.0,26,11.715405488104496,30.0,389.82404965292136,5
1851.0,26,17.34407248759197,36.0,406.589100294963,6
1852.0,27,20.689545135852974,42.0,421.1735232234813,7
1853.0,27,19.849160201860467,48.0,389.92050585209626,7
1854.0,25,16.189092351893823,54.0,345.5374783372418,6
1855.0,24,15.626089682124254,33.0,350.13578465818483,4
1856.0,22,15.721481954488231,17.0,286.06135063425165,6
1857.0,24,16.017484910912795,17.0,300.41151380637024,8
1858.0,21,14.119787232716542,23.0,274.3986094793619,6
1859.0,21,15.860846725831557,29.0,288.65445986123746,6
1860.0,21,16.408199645097397,25.0,302.7062734300569,4
1861.0,28,12.301647693590958,13.0,316.64847859557796,11
1862.0,29,13.360288596946328,15.0,336.7215402536988,4
1863.0,29,16.090463094259864,19.0,356.2042995067629,4
1864.0,29,19.007205251735048,24.0,373.99225577905577,5
1865.0,30,21.52943150119431,31.0,389.9192478757647,8
1866.0,26,16.896060612156813,39.0,339.6032336581444,8
1867.0,27,14.845942160883412,48.0,357.61776945263335,10
1868.0,26,13.959631376189302,33.0,357.0711607905156,9
1869.0,24,9.03039937660884,44.0,355.181524443525,12
1870.0,23,7.786144506802794,57.0,362.5754107091313,13
1871.0,22,7.287196609748568,71.0,370.8812313713261,14
1872.0,23,7.633284014981246,85.0,389.1590209524243,15
1873.0,29,5.719136568802285,58.0,400.5728514661362,19
1874.0,26,5.929639512915094,29.0,378.30478600782345,7
1875.0,26,11.07970964295722,28.0,398.42208448932786,6
1876.0,26,16.056163782250472,34.0,415.9207924728629,6
1877.0,27,18.664409449228756,40.0,431.68509759831915,7
1878.0,28,19.71381648396947,46.0,447.4482479453388,7
1879.0,28,22.038300827573572,53.0,462.8851501568502,7
1880.0,25,20.127874292333143,61.0,365.2297566767943,8
1881.0,24,18.124118798893125,45.0,362.37820085750644,8
1882.0,21,15.516312760133161,27.0,331.5022991630788,5
1883.0,20,13.906926854995882,21.0,298.6542739739844,5
1884.0,19,15.908507249389746,25.0,277.0241683568693,4
1885.0,26,14.348290864547588,30.0,288.14591136703984,12
1886.0,26,17.236838357078767,22.0,304.692508852348,3
1887.0,26,19.19952036864348,3.0,320.14916340472206,1
1888.0,27,19.958783122784254,1.0,334.76071506051284,2
1889.0,28,21.66361199579134,4.0,349.03760717965304,4
1890.0,28,21.116800493925325,7.0,364.6005778710736,3
1891.0,26,20.74929781042136,13.0,345.6742236661149,6
1892.0,24,19.18802214637141,20.0,319.5200910314986,7
1893.0,25,15.562812997506708,30.0,319.04427236186405,12
1894.0,22,9.076176457321871,41.0,310.969601029593,11
1895.0,21,8.169458651015011,47.0,314.2347437436638,11
1896.0,20,7.54348034734365,58.0,323.6394487236437,11
1897.0,27,5.416508921877565,71.0,340.60382510259615,20
1898.0,27,4.982976333140717,85.0,358.21204276475873,15
1899.0,27,7.72338721156866,57.0,380.9944017783983,10
1900.0,27,11.623068829054573,28.0,401.6221664139689,5
1901.0,26,12.468562803111446,26.0,399.32830375264786,7
1902.0,26,16.406932656859585,32.0,416.6345500219062,6
1903.0,27,19.70725222085232,38.0,431.7622753111609,7
1904.0,27,22.43928402921703,44.0,446.3467828797835,6
1905.0,27,21.883745170575608,51.0,457.5729092999199,8
1906.0,22,15.594025453220448,59.0,366.0637550563499,8
1907.0,19,10.239245960334877,68.0,310.2572857804131,9
1908.0,19,6.941972073772938,49.0,282.59005256661163,8
1909.0,26,6.705484119738718,30.0,297.8682993853038,12
1910.0,25,8.89016305000245,26.0,284.591549245967,5
1911.0,25,13.532636507850892,31.0,302.5873279365259,5
1912.0,25,19.007078844920397,21.0,317.7455956570946,3
1913.0,26,20.573989827415996,24.0,331.61596811428484,4
1914.0,27,18.41421348373446,5.0,347.2101794894769,2
1915.0,27,18.80906088915893,1.0,363.54098444495276,1
1916.0,27,19.736324724786844,4.0,379.3339118438484,3
1917.0,28,20.159907884254135,12.0,394.48186398058164,9
1918.0,24,17.160172381215585,20.0,373.8284695747237,8
1919.0,23,14.951096266140503,30.0,345.12005443785534,11
1920.0,22,13.30875780303913,41.0,346.57146381643497,11
1921.0,28,7.743271823897421,44.0,345.99965153349916,18
1922.0,28,8.429983461634011,55.0,369.2698870213341,11
1923.0,27,8.635948727551765,67.0,381.83882102941624,12
1924.0,27,8.423408409351257,82.0,389.14125356432413,16
1925.0,28,9.409732290011373,58.0,410.91258474522124,12
1926.0,28,10.982617778553381,45.0,432.7841647180554,9
1927.0,26,11.841688611626092,24.0,428.63888161545907,6
1928.0,26,16.196659692117475,31.0,446.3426867180999,7
1929.0,27,17.428906376978784,39.0,459.31414447587764,10
1930.0,26,19.52509716038556,47.0,471.11699395329254,8
1931.0,25,20.2789755094497,55.0,434.42648050656027,8
1932.0,22,16.352680030294156,63.0,391.78038480863546,8
1933.0,27,8.75701507498341,72.0,350.388249280466,16
1934.0,26,7.05696407737946,55.0,311.0049213575555,8
1935.0,25,8.617288567331856,38.0,296.7398668813097,5
1936.0,25,12.288382486865753,33.0,315.6888988046403,5
1937.0,26,14.69859195944311,38.0,333.2035725075928,6
1938.0,26,16.02497269720376,23.0,350.86451995548015,4
1939.0,27,16.80401732232011,28.0,367.67678733587826,6
1940.0,27,17.535077034370637,12.0,384.9198587066772,5
1941.0,28,18.090697388079704,13.0,401.4494810263355,7
1942.0,27,18.343583408117425,19.0,414.943080176035,6
1943.0,26,19.07423715098107,27.0,428.1406505897095,8
1944.0,24,15.604406366871832,37.0,384.0799330609773,11
1945.0,30,11.2715757475375,48.0,374.1507702259097,18
1946.0,28,9.38738066498049,59.0,359.86021466003865,11
1947.0,28,10.387152099527553,58.0,382.15279249847845,11
1948.0,27,10.735044992073828,70.0,392.8301676605564,12
1949.0,28,10.572588106589524,83.0,414.10892249652034,14
1950.0,28,7.2586386615579315,97.0,420.42883907310676,15
1951.0,28,8.128029216393344,69.0,444.21468462019806,12
1952.0,28,10.547849048177596,52.0,466.7421193431927,11
1953.0,25,7.678321573921544,23.0,450.41495104858376,9
1954.0,25,12.246292725241648,31.0,469.4171009094562,8
1955.0,26,15.624004944682625,39.0,486.42583015452004,9
1956.0,26,19.5602714161475,48.0,502.3978899987716,9
1957.0,31,14.956679776491287,57.0,416.4013360792835,16
1958.0,31,17.54740293663422,66.0,436.3024542129874,9
1959.0,27,13.178738573931385,75.0,366.43336247925254,9
1960.0,26,10.748423148156155,59.0,335.352188913691,8
1961.0,27,12.422697858458355,45.0,354.1653709829922,7
1962.0,26,11.26617617243018,41.0,339.49322132556847,5
1963.0,26,13.12769201530114,47.0,358.30468018867055,6
1964.0,26,17.092842170651696,29.0,375.01103192917884,5
1965.0,28,17.963696319874796,34.0,390.5014061612065,7
1966.0,26,18.954657260336845,14.0,401.252245898991,4
1967.0,26,20.49467071121147,11.0,416.49044564077167,3
1968.0,26,22.599120860627064,15.0,430.6531809513162,4
1969.0,32,18.074866951808364,19.0,437.0334937181881,11
1970.0,29,16.231696186394096,26.0,375.00352028355616,8
1971.0,28,16.93890319372264,34.0,373.1568230043611,8
1972.0,27,16.55945715060857,43.0,372.02309908416964,9
1973.0,26,13.602178451773765,32.0,355.95078376239917,9
1974.0,25,12.058916438820132,41.0,358.5039197390704,9
1975.0,26,12.367112569762295,51.0,377.14576033716077,11
1976.0,25,12.773850295915418,63.0,387.1629228896248,12
1977.0,25,12.451452481020906,40.0,401.9619474682205,12
1978.0,22,9.558371534049593,26.0,408.8892920340862,8
1979.0,21,10.645356061146005,25.0,409.4061074409516,6
1980.0,21,11.192100876796687,24.0,407.64353352998705,7
1981.0,28,11.017546831040951,30.0,422.2912139939662,13
1982.0,28,16.148934651067066,37.0,441.0464254507264,7
1983.0,26,17.033959518998255,44.0,361.55171985006155,7
1984.0,26,19.015795045905527,51.0,377.67807617580223,7
1985.0,26,16.94857858504556,58.0,355.26679103502624,8
1986.0,25,11.394156979371905,40.0,317.90805519661205,6
1987.0,24,11.045893290648106,23.0,324.2674206337455,4
1988.0,23,13.05220980046973,11.0,305.3405144000042,4
1989.0,24,15.378153520767667,17.0,320.89783073091246,7
1990.0,23,17.786555483767998,23.0,332.0186792194803,6
1991.0,23,16.749769150263923,29.0,342.8145459482393,7
1992.0,23,16.389374482703367,35.0,358.36141729150205,6
1993.0,30,12.298462406516443,14.0,374.03994019886807,11
1994.0,30,13.410667796719666,16.0,395.9472558898751,3
1995.0,30,15.096522990349023,21.0,416.6842956346226,5
1996.0,31,17.44107835768417,26.0,435.51632950094836,6
1997.0,32,19.878696537144123,33.0,453.3853453971333,8
1998.0,30,17.75193689632014,41.0,420.88595112502065,8
1999.0,28,16.689080119503135,26.0,415.4539159226738,7
2000.0,27,16.71054775558857,37.0,414.61902075800106,11
2001.0,25,10.273096085623095,49.0,389.83121107298956,14
2002.0,24,8.595244237698285,63.0,393.2405173806528,14
2003.0,23,8.711895028976617,79.0,407.5931355964943,16
2004.0,21,5.955120543330514,96.0,410.32412516769847,17
2005.0,26,1.2328812463103036,113.0,391.0706461100391,24
2006.0,27,4.001392233452779,68.0,414.896457715121,12
2007.0,27,7.84829929299094,46.0,437.6081632064963,8
2008.0,27,12.867269062407944,33.0,457.5659624631036,5
2009.0,28,16.03681086725896,39.0,475.4817272909825,7
2010.0,28,17.092905278317872,45.0,493.70919281275565,6
2011.0,29,18.71163313366884,52.0,510.57372819974506,8
2012.0,27,20.828886104976217,38.0,499.68572976218053,7
2013.0,26,22.255794829527858,25.0,407.31709386187515,7
2014.0,24,22.706374229932095,32.0,373.5822466040156,7
2015.0,22,21.701438818638263,39.0,337.3200799043385,7
2016.0,22,17.72486438046427,46.0,316.83164027439483,8
2017.0,28,9.575003965640654,54.0,291.32369284441194,15
2018.0,28,8.063862948938526,64.0,314.4938196083125,10
2019.0,28,8.916137591394676,26.0,337.28890406631916,4
2020.0,28,11.114343368489738,18.0,358.95852804849284,3
2021.0,29,13.451873648298637,23.0,379.1048516733148,6
2022.0,30,14.972175336696935,31.0,399.1272296489552,9
2023.0,30,16.516696996462308,39.0,419.3275146132541,8
2024.0,30,18.351723278975467,50.0,438.452882663953,11
2025.0,27,14.948160320756832,33.0,396.6925959978256,10
2026.0,25,13.163014611255626,42.0,387.04678051944785,9
2027.0,26,12.086482960396552,52.0,405.6928439929988,11
2028.0,24,10.08611933417626,64.0,386.5187097275238,12
2029.0,30,7.236526608512861,78.0,388.5101546997148,21
2030.0,29,7.822940421349617,92.0,400.20134811813875,14
2031.0,25,5.139903018217956,109.0,363.7439136387011,17
2032.0,26,8.061145661386327,63.0,384.23557888580245,12
2033.0,27,10.260073132330147,41.0,404.2619617748894,8
2034.0,27,13.369113794283848,48.0,423.57163268758717,7
2035.0,27,17.087044849980753,56.0,440.8019237972888,8
2036.0,27,20.23697579654395,65.0,456.275299870667,9
2037.0,29,20.009279522740826,74.0,471.00911816967493,11
2038.0,22,13.58852477017093,44.0,394.07370948719574,7
2039.0,21,15.799024509765506,30.0,364.8678004529196,6
2040.0,20,18.269356800347236,26.0,341.18349475378983,5
2041.0,26,14.22178643029052,31.0,312.7530095235646,12
2042.0,27,15.365750305040333,36.0,330.5184749768152,6
2043.0,27,15.780106396076684,41.0,349.0890141952574,5
2044.0,27,15.53019802581864,49.0,367.7615239134547,8
2045.0,28,14.540938446393634,11.0,386.59210406631644,4
2046.0,28,12.071832067292126,3.0,407.7173276799298,1
2047.0,29,12.534376936709325,6.0,428.28408750772246,4
2048.0,29,15.321988665059875,13.0,448.1801297241678,7
2049.0,29,16.753305505346532,21.0,463.638948569261,9
2050.0,28,18.383947172559893,31.0,478.3985299210428,10
2051.0,24,15.063162289322948,42.0,413.82771510616504,11
2052.0,24,13.96388155100337,44.0,402.90024317400395,11
2053.0,30,9.10168913174419,54.0,404.7217504473787,17
2054.0,29,8.624743303453393,65.0,406.4212252357113,11
2055.0,28,8.485100226368054,78.0,420.7365632292832,13
2056.0,27,9.047125789373085,93.0,428.23137898315696,15
2057.0,29,8.262523867048838,108.0,450.532481080562,17
2058.0,27,6.4620170204918095,56.0,451.2702863870853,12
2059.0,27,9.263311006796771,35.0,473.2042796921545,8
2060.0,27,12.881441380091859,33.0,493.1253273059359,9
2061.0,28,16.305355637976824,42.0,510.88901289084026,10
2062.0,25,16.540496750422328,51.0,516.6763301457943,9
2063.0,26,17.868897087291238,60.0,532.1348055923891,10
2064.0,25,18.58618436609953,69.0,529.4197121252778,9
2065.0,28,11.322607741829918,56.0,410.8309810438072,15
2066.0,27,14.403278014771727,41.0,380.86924141515306,6
2067.0,26,17.500944444240144,27.0,354.4535067984552,4
2068.0,27,20.179035295556215,31.0,368.995881049693,5
2069.0,27,20.665122476337846,36.0,344.8717890763158,6
2070.0,27,16.33131223691236,41.0,362.9207514290193,5
2071.0,27,14.198401055579767,4.0,382.16375917604825,2
2072.0,27,13.345835783976153,3.0,401.76699089413444,2
2073.0,29,13.408832028655912,9.0,420.7923076289426,8
2074.0,29,15.79583909843747,16.0,440.41866096758525,7
2075.0,29,18.776819423564977,24.0,458.29047900156235,8
2076.0,28,19.665761657051466,33.0,469.32389413977506,9
2077.0,30,10.63101333467602,44.0,392.8166403356516,18
2078.0,31,10.17831289383472,42.0,416.17372775772094,11
2079.0,29,9.178706116576764,54.0,404.23672447651285,12
2080.0,29,11.538381092843395,67.0,426.27421368041223,13
2081.0,29,12.082400652202937,82.0,430.8596418464301,16
2082.0,27,9.411307906342145,97.0,434.342811018067,15
2083.0,28,8.614096170770422,112.0,456.4510805780942,16
2084.0,26,7.162713129373106,60.0,451.830918712383,10
2085.0,27,9.08818889793489,43.0,472.74886562925536,10
2086.0,25,10.592575566668422,34.0,486.1927570229222,8
2087.0,25,15.58369101499072,42.0,503.1424894151075,8
2088.0,26,18.331785568446136,50.0,518.3494262135671,9
2089.0,32,16.153650054863355,58.0,526.196570340567,15
2090.0,28,15.116736347901156,66.0,409.83690027296876,8
2091.0,27,17.7459336171809,49.0,408.76431107341915,6
2092.0,25,18.352452073557334,32.0,333.5816377622544,5
2093.0,27,20.728155771191194,29.0,346.9336162562671,6
2094.0,25,17.657496993740125,33.0,288.63671321462755,4
2095.0,25,15.401648180588857,39.0,305.7987027522455,6
2096.0,25,14.100500753844315,47.0,323.72815436498945,8
2097.0,26,13.890994643257692,8.0,341.3991154413562,5
2098.0,25,12.016905598754633,9.0,357.6567318198817,4
2099.0,26,12.154115479394273,14.0,376.00886559535115,6
2100.0,26,14.784194963015949,21.0,393.79717453468936,7
2101.0,33,14.366464558590405,29.0,409.5718664849586,15
2102.0,33,16.665902971209647,38.0,430.65551263433514,9
2103.0,28,14.258893084632662,47.0,367.31178642377296,9
2104.0,28,14.052747334193034,41.0,365.7162871176081,9
2105.0,27,12.889325651798773,50.0,350.2428401867054,10
2106.0,27,12.285757291202513,61.0,369.9578838132991,11
2107.0,25,10.65461396014452,74.0,368.470878600014,13
2108.0,25,11.424752736289307,89.0,387.23265028493375,15
2109.0,27,10.416416246307422,105.0,406.16553188732513,18
2110.0,22,5.015450841243967,54.0,385.11330009913445,10
2111.0,21,7.335903866651087,33.0,399.79260837051663,6
2112.0,21,11.71399374021369,31.0,415.9147065956462,6
2113.0,28,12.19526099615594,37.0,430.1222315367284,13
2114.0,29,16.620377872094316,43.0,448.5273158802992,7
2115.0,29,20.23856124226968,49.0,465.9070814313932,6
2116.0,25,18.943425349159217,55.0,388.8958525121643,6
2117.0,25,19.199366907349912,37.0,355.20768633504144,6
2118.0,24,19.105197405668815,18.0,327.2138773119259,3
2119.0,24,18.504993959713964,11.0,303.1576877127458,3
2120.0,23,19.8580390082,14.0,280.86029255728306,3
2121.0,23,19.551959956442094,21.0,291.3370423776112,8
2122.0,22,16.689984014452165,28.0,302.03669491610134,7
2123.0,22,14.985432987547627,16.0,317.1172337360328,5
2124.0,23,12.015399829006803,17.0,333.29026173197434,5
2125.0,30,10.478357822374324,12.0,349.7239306710223,10
2126.0,30,13.25311608292408,16.0,371.4259205710827,4
2127.0,30,16.808233119343345,21.0,390.92305379389114,5
2128.0,30,20.250415308059683,26.0,408.3764062562954,5
2129.0,30,17.20440530073207,34.0,376.4289272972562,10
2130.0,30,17.062625611065002,23.0,395.7917466892297,8
2131.0,27,15.146063546510685,31.0,363.39453500732407,8
2132.0,26,14.989550303470613,42.0,368.06420252713536,11
2133.0,25,13.105293724344948,50.0,359.7572368174707,12
2134.0,20,5.671254536004988,64.0,355.81079080387434,14
2135.0,21,6.03625295018493,78.0,373.1899239474186,15
2136.0,19,2.8088819444368394,93.0,356.7800423637225,15
2137.0,26,2.0796685129017973,99.0,374.76286213962015,21
2138.0,26,5.048049841019731,64.0,398.0855150074215,10
2139.0,26,9.532762526196484,44.0,418.98052996822133,8
2140.0,27,13.463174368149899,39.0,437.41027250213784,7
2141.0,28,15.663968501414995,45.0,455.2958412444563,7
2142.0,27,16.888224355181837,51.0,460.8104500036937,6
2143.0,26,18.30510268443464,35.0,464.6827286757625,6
2144.0,26,22.156770543317474,20.0,478.6841749988276,5
2145.0,26,21.98400209146716,19.0,390.08057158144965,7
2146.0,24,22.624203366805705,25.0,397.1137561684098,6
2147.0,22,20.083108207887445,32.0,321.7066749065977,7
2148.0,22,17.045048870826918,39.0,335.8692923731593,7
2149.0,29,9.27528498365473,46.0,352.2556907584361,14
2150.0,29,7.328669627603464,33.0,341.7083215606461,9
2151.0,29,8.966222127014793,15.0,365.63380582183817,2
2152.0,29,12.995828496962847,19.0,387.18383568529646,4
2153.0,30,16.182601749346524,25.0,406.56237104086415,7
2154.0,30,16.618719336733104,32.0,426.6674850103817,7
2155.0,31,17.156211552595998,41.0,446.1044181929975,10
2156.0,29,18.198977824187796,27.0,413.7192151799811,9
2157.0,29,16.84378248818705,37.0,416.98019478997446,11
2158.0,26,13.686206655358822,47.0,398.4745157954251,10
2159.0,24,11.562398795470287,59.0,394.8297501490289,12
2160.0,25,11.454940257346074,72.0,413.0107122442744,14
2161.0,29,5.176057070537921,86.0,400.1755779377296,21
2162.0,27,3.959718094493514,102.0,396.95527254027235,16
2163.0,26,5.088395109651652,105.0,401.85673778450587,16
2164.0,26,8.689013219825178,73.0,423.34294209018685,12
2165.0,28,10.463287285216607,51.0,443.4427228907904,10
2166.0,28,12.059152327193239,48.0,464.6440519119892,7
2167.0,28,14.791908664689835,56.0,484.332017418103,8
2168.0,28,18.79726459919379,66.0,501.75954104309005,10
2169.0,26,17.85272417032342,40.0,485.93359470420063,9
2170.0,24,18.068303748685455,29.0,494.6940091042655,6
2171.0,23,18.46535768604093,26.0,407.3368912843911,6
2172.0,23,20.972975394746,32.0,420.732798002759,6
2173.0,28,15.52654538847325,38.0,347.42695829524666,13
2174.0,27,15.84842680974735,44.0,327.00489612149966,6
2175.0,27,14.656712744694556,51.0,346.3627523929057,7
2176.0,28,13.576283712924962,34.0,365.9687801676616,6
2177.0,29,14.617247295742695,15.0,385.68295561870485,4
2178.0,29,14.732013412994588,19.0,406.3188648199533,4
2179.0,29,16.484346018317076,23.0,425.9814232233674,4
2180.0,29,19.79207537407164,31.0,443.7670330873103,8
2181.0,29,18.561518451345034,43.0,430.3917043401066,14
2182.0,27,17.92067088485186,34.0,424.0738160507862,9
2183.0,24,13.958392119573977,44.0,379.70715854807924,10
2184.0,22,11.026056069315345,55.0,364.71017298599173,11
2185.0,29,8.32659584464627,67.0,381.76000499230827,19
2186.0,28,6.362331087143277,81.0,384.47622647750427,15
2187.0,28,8.642015361496913,95.0,407.6404586199191,14
2188.0,25,6.492129547133644,111.0,388.9564481030173,16
2189.0,26,7.533875229543612,109.0,409.8761536434229,16
2190.0,26,9.875009949684463,71.0,430.55619092675613,11
2191.0,27,11.927807346709884,46.0,449.97636703287685,9
2192.0,27,15.22743856780406,41.0,468.63622143011116,7
2193.0,27,16.315818210425153,49.0,482.63314448512176,9
2194.0,24,16.803931275627523,57.0,489.6729724774033,8
2195.0,22,19.254662764139557,43.0,470.3548116470259,7
2196.0,21,19.054502128815678,28.0,377.79657509695954,6
2197.0,28,16.818777735993798,24.0,389.42570317240506,12
2198.0,27,20.001110174128947,29.0,359.3226290089194,5
2199.0,26,21.758175004672555,34.0,332.67613769629725,5
2200.0,25,21.634240619386777,39.0,308.27128629797085,5
2201.0,27,16.174914904351493,44.0,324.6263165752199,7
2202.0,27,10.05905548379649,28.0,346.1894796352184,4
2203.0,27,8.530538915748771,1.0,368.47507848441245,1
2204.0,27,10.53869525384997,6.0,389.59273351691274,5
2205.0,28,12.977454882733566,15.0,409.0832490612804,10
2206.0,28,15.885927722765386,26.0,427.9003655705652,11
2207.0,29,17.935401495780873,37.0,445.224154868623,12
2208.0,26,17.41437005154064,38.0,409.07885817360136,9
2209.0,30,10.88102301764714,48.0,382.51845824093476,17
2210.0,28,9.089689718170682,59.0,368.9327998205556,11
2211.0,28,10.973729402345569,71.0,390.91367869209887,12
2212.0,27,9.51142742369519,84.0,384.9542990382287,14
2213.0,28,8.758160470845546,98.0,406.8415214878123,15
2214.0,26,5.12101063177894,114.0,407.3894647647858,16
2215.0,26,6.5789264786242745,108.0,429.81483463406727,15
2216.0,26,9.520036739422725,78.0,450.6930030068847,13
2217.0,28,10.733703169212498,60.0,470.5561705887397,12
2218.0,26,11.78519364353602,57.0,484.3149166618623,9
2219.0,26,16.037649007549955,66.0,502.0840594888049,9
2220.0,24,17.25536679559208,75.0,507.9206384233676,9
2221.0,29,13.255057474547261,45.0,485.09312806803285,14
2222.0,29,15.373183281858562,32.0,449.02674027764385,6
2223.0,28,18.533837409918693,27.0,416.2038050208417,4
2224.0,27,21.162052293189106,31.0,385.64836904747887,4
2225.0,27,20.580834961742827,35.0,358.5810741634909,5
2226.0,26,15.607907342736802,40.0,337.9709953936515,5
2227.0,27,10.53753429861667,47.0,358.1424811819584,8
2228.0,27,9.118304951150392,37.0,380.1403961628785,9
2229.0,28,9.963963301699524,9.0,401.4489018190807,6
2230.0,28,12.38364910511085,15.0,422.3499693581963,6
2231.0,28,15.050188700744501,23.0,441.7512603453092,8
2232.0,29,18.38222478539855,31.0,458.8899323356549,9
2233.0,35,15.760794356491383,40.0,449.5938420850549,16
2234.0,34,16.952159213927015,36.0,452.02745087190175,8
2235.0,29,13.614176594356973,45.0,391.53339897048664,9
2236.0,27,12.533032502348291,54.0,377.8414360011358,9
2237.0,29,11.976262777542233,66.0,398.18600933649606,14
2238.0,28,10.294853394859345,79.0,406.78223807282393,13
2239.0,27,10.169339939455847,94.0,419.3061993679301,15
2240.0,25,8.982232218556957,110.0,412.3950201941794,16
2241.0,25,8.447986417484561,98.0,429.3538858623985,16
2242.0,22,4.939994022364887,65.0,437.7241821349799,12
2243.0,23,7.911467396663143,44.0,455.9760224019533,9
2244.0,23,12.704985008683083,39.0,472.96006727880683,6
2245.0,30,13.161837094192489,45.0,487.794004798597,13
2246.0,30,18.183930800955494,52.0,506.5475052401656,7
2247.0,26,20.26869618174141,37.0,465.1359279429549,5
2248.0,25,22.494493592411406,22.0,377.0107155685465,4
2249.0,26,25.15362996295913,16.0,388.894552609892,3
2250.0,24,23.891155327624197,19.0,312.7964497572887,3
2251.0,24,23.53336266040105,23.0,325.2949313569552,4
2252.0,23,19.687510017776706,30.0,301.206918028827,7
2253.0,24,12.309757122737691,37.0,314.106294671811,9
2254.0,23,7.253043890805725,20.0,331.35637637647324,7
2255.0,23,8.417146453442317,9.0,350.5854423540568,3
2256.0,23,10.119821517915671,13.0,369.03539208627495,4
2257.0,30,10.03155554903481,18.0,386.11603176101056,12
2258.0,31,13.297549039941398,25.0,407.9702790233281,8
2259.0,31,16.94259265496624,33.0,428.5203573590633,8
2260.0,31,19.02938903860692,24.0,447.70679171516446,7
2261.0,28,15.716878826413298,32.0,393.2850335723674,9
2262.0,28,16.16717621304973,41.0,412.1146111183511,9
2263.0,27,14.57018774829206,51.0,391.7329901145934,11
2264.0,26,14.985101253458245,63.0,398.0825362014505,12
2265.0,26,12.657846871494247,78.0,412.2122022398692,16
2266.0,22,6.216049527622267,93.0,381.8193996061478,15
2267.0,20,2.2752642279743855,109.0,394.77176891259353,16
2268.0,21,3.5897024402085775,70.0,413.2142787687089,12
2269.0,28,4.367479982049506,51.0,431.7076799310222,15
2270.0,28,9.257039507994964,49.0,454.4350856716227,8
2271.0,28,13.566407257665203,57.0,474.76341900041115,8
2272.0,28,18.076111389347318,65.0,492.5479224972676,8
2273.0,30,20.127901962624254,34.0,508.3205133499377,7
2274.0,27,18.05102323240561,19.0,445.7192928559527,3
2275.0,26,19.452145168530556,7.0,413.93251934299724,2
2276.0,25,20.866719287914858,12.0,379.41588608127637,5
2277.0,24,20.03615436871002,17.0,349.61891123932867,6
2278.0,23,20.725929617273344,23.0,359.8272074613576,6
2279.0,23,20.32107601099525,30.0,332.58100327583503,8
2280.0,23,18.80221851531508,38.0,346.94550526186896,8
2281.0,30,12.630856705303591,25.0,362.4473710012187,12
2282.0,29,10.57252156941671,14.0,346.3510052260094,2
2283.0,28,10.925975465706825,16.0,334.3736535935569,2
2284.0,29,14.252233292142904,21.0,354.15549411335354,6
2285.0,30,17.438649088451804,27.0,372.7518745588075,7
2286.0,30,19.338540165227514,12.0,391.0278495773462,5
2287.0,29,20.344615355365143,18.0,378.84077127534846,6
2288.0,27,19.153914667247797,27.0,359.930943938336,9
2289.0,27,15.55272477154051,38.0,334.6360788662405,13
2290.0,23,10.506178254119853,50.0,329.0913913316445,12
2291.0,21,8.791623842101414,64.0,321.8895444544131,14
2292.0,18,3.540012761250556,79.0,293.73014811456824,15
2293.0,25,2.341414397136487,94.0,310.48951860796626,22
2294.0,26,3.976954166071913,95.0,333.411963861991,14
2295.0,26,6.178951909939542,67.0,356.2159849366726,10
2296.0,26,10.225976495487702,50.0,376.90482871707405,7
2297.0,27,13.338265077899987,58.0,395.6667070781186,9
2298.0,27,15.00043967202652,66.0,414.5270181203359,8
2299.0,28,17.1263419932509,25.0,431.9147639664987,5
2300.0,26,18.105288130400538,13.0,421.0508012420507,6
2301.0,26,19.603763308915823,14.0,390.76694855846034,6
2302.0,23,18.265907548265275,19.0,358.3399845191575,5
2303.0,22,20.014662833108616,24.0,332.3738763491545,5
2304.0,22,19.634356587251258,30.0,312.297946317768,7
2305.0,29,14.41350211645404,36.0,326.0780296009028,13
2306.0,29,12.81615236850618,42.0,347.7268949661747,6
2307.0,29,11.123707004022842,33.0,370.2487452478483,5
2308.0,29,12.425337151588634,18.0,391.936364209374,2
2309.0,31,13.943126527094275,21.0,412.1041697596291,5
2310.0,30,12.963909986296038,27.0,401.0486819076571,6
2311.0,30,14.442245893969446,34.0,421.99252983171084,7
2312.0,30,17.360579814060205,18.0,441.1975585883579,8
2313.0,31,18.347325910195124,27.0,459.48522303343475,10
2314.0,27,13.3321522871153,38.0,378.23051196061135,12
2315.0,26,13.636572613875947,50.0,394.07621899771857,12
2316.0,24,11.86993750991941,63.0,365.22181929183114,13
2317.0,31,9.745148416549325,77.0,383.0759297298165,21
2318.0,26,4.644902893548443,92.0,325.9246887508356,15
2319.0,25,4.506287966155719,107.0,340.1709431452634,15
2320.0,26,6.076587022605682,107.0,362.0926731857872,16
2321.0,27,8.50063678121276,77.0,383.6176406504301,12
2322.0,27,9.875799704055483,57.0,405.4518821930795,9
2323.0,27,12.808930041222037,65.0,425.7534275958851,9
2324.0,27,16.446799529839975,75.0,444.19145167091665,10
2325.0,29,18.719807915580578,33.0,460.69898107477394,9
2326.0,24,16.087719404884467,21.0,435.4402477328052,5
2327.0,23,17.845448301214272,18.0,402.81557969938683,4
2328.0,22,19.58595193878367,23.0,372.80131866098486,5
2329.0,28,16.106105298938434,28.0,345.1424343811424,12
2330.0,28,17.2649422988244,33.0,328.7990175780864,6
2331.0,28,19.878356584126198,38.0,345.71788089954026,5
2332.0,28,19.59521310753501,45.0,362.83455218682747,7
2333.0,29,15.699188323580456,53.0,381.83569368677627,9
2334.0,29,12.626829020142,14.0,403.65073697956706,2
2335.0,29,9.68426707584645,13.0,398.49477574674245,3
2336.0,28,10.703238876680679,19.0,388.10530217023955,6
2337.0,29,13.458243257623181,27.0,408.7166189567171,9
2338.0,27,14.453873438223471,15.0,419.73306279566566,6
2339.0,27,18.277253204921497,23.0,437.0342323032853,8
2340.0,27,19.378322486828267,31.0,434.68867945819846,9
2341.0,31,12.709255176260967,39.0,364.54193299332104,15
2342.0,29,12.205358490407127,48.0,331.6395798555157,9
2343.0,29,13.874485296893473,58.0,352.1862531226517,10
2344.0,26,12.510966533020888,70.0,330.80366993661113,12
2345.0,26,7.63854383196807,84.0,312.5997628288722,16
2346.0,25,5.296227850100024,100.0,322.1603827197289,16
2347.0,25,7.842915665921382,56.0,343.0002820002213,11
2348.0,25,10.771316307016226,53.0,362.3736217685739,9
2349.0,25,11.611333480500381,62.0,377.2718952839463,10
2350.0,25,12.25436525822955,72.0,392.0705947259387,11
2351.0,25,16.647490461414858,34.0,408.54726932180915,6
2352.0,24,19.458190142744947,24.0,417.4512206546922,5
2353.0,28,15.374360556022577,21.0,387.71576004424395,11
2354.0,26,16.44521408602272,25.0,326.2151800009561,4
2355.0,26,20.480371297122012,29.0,341.6763701473628,4
2356.0,26,21.686188621205822,33.0,320.3969000900095,5
2357.0,27,22.72403906430421,38.0,334.1189647866744,6
2358.0,27,17.438312157675696,43.0,351.7462714093021,5
2359.0,27,11.790065328520553,52.0,372.510274734473,9
2360.0,25,7.017361984503955,7.0,330.1991528184099,3
2361.0,27,7.710869980592802,10.0,351.0658851423129,9
2362.0,27,9.971461188402232,18.0,372.7570993391506,8
2363.0,27,13.235606271362537,27.0,392.7274982889784,9
2364.0,27,17.897125566119417,27.0,410.20123007124397,8
2365.0,34,16.083812164265474,35.0,426.42044576642957,15
2366.0,31,13.555218900319632,43.0,375.42445656814243,9
2367.0,29,13.575081140337991,51.0,346.9782938063487,8
2368.0,29,15.763436444679538,61.0,366.91962114377196,10
2369.0,28,14.491140019944076,72.0,334.29471431279444,12
2370.0,27,12.968766198315192,85.0,342.87096956243596,13
2371.0,26,9.595497553584204,98.0,325.61093351916753,14
2372.0,25,8.787755932463662,114.0,333.2253668142377,16
2373.0,25,9.420474157530148,53.0,343.18666461391035,11
2374.0,22,7.371837225795013,43.0,351.3583112590545,8
2375.0,22,10.818400127592543,51.0,368.46744887735156,8
2376.0,23,13.430144451060425,59.0,384.07368379234936,9
2377.0,30,13.69014899635394,31.0,398.5346961138902,12
2378.0,30,19.417689315697192,18.0,416.45313118166234,3
2379.0,26,21.39643742534771,14.0,353.2251858644262,3
2380.0,24,23.490920390516603,17.0,307.4416746511981,3
2381.0,26,23.173658019335708,20.0,318.9641031353199,5
2382.0,25,21.770088087580657,23.0,297.4091098132963,3
2383.0,25,20.55127370924649,27.0,311.6379276353565,4
2384.0,25,16.060382470613526,32.0,328.23539201087897,5
2385.0,26,10.951149765488042,42.0,347.3094903235408,11
2386.0,24,5.375549543748199,10.0,327.8456897391501,6
2387.0,24,6.833530380626892,10.0,348.4694135024657,5
2388.0,24,11.54706834608428,15.0,366.73148115722137,5
2389.0,31,11.942524426595442,22.0,383.09412617924113,14
2390.0,31,16.099297325290223,19.0,403.86798916044484,7
2391.0,31,19.41062053189414,26.0,422.58609394546966,7
2392.0,29,18.574743987527114,33.0,384.9739006190847,8
2393.0,28,16.52551737706441,41.0,359.297955345245,9
2394.0,27,15.153922373429891,49.0,348.4555360245286,8
2395.0,26,14.547372345641271,59.0,351.21718740734303,10
2396.0,22,10.833727320802916,72.0,309.3959773901525,13
2397.0,24,9.243521848942782,87.0,326.98303312790597,17
2398.0,20,1.3732707103235495,102.0,332.96264752766456,15
2399.0,20,2.9276391689633274,74.0,351.73989740579486,13
2400.0,20,6.599310303182303,50.0,369.0114124148681,8
2401.0,27,6.939823099883931,58.0,385.1906779887229,15
2402.0,28,10.243637166454704,66.0,406.2950831182949,9
2403.0,28,15.685509929682429,25.0,425.24442229048555,4
2404.0,28,20.854041991273224,12.0,441.18399347671163,2
2405.0,27,22.313172809337523,7.0,365.22791163538477,2
2406.0,26,22.533208454745047,9.0,368.5558482378695,2
2407.0,25,20.501944462585303,12.0,330.5936514812138,4
2408.0,24,21.469060776512354,17.0,309.3462816234348,5
2409.0,25,21.721769146883595,23.0,322.3624832046012,7
2410.0,23,17.461910203758634,30.0,331.2402537492386,7
2411.0,23,12.582554045611772,37.0,348.36150843528327,7
2412.0,24,7.8941628006559466,37.0,367.4507909111931,9
2413.0,29,4.252408196141342,20.0,321.84143165962274,13
2414.0,29,7.608493359422113,19.0,346.095542858056,6
2415.0,29,10.41387850647979,24.0,368.70805756426046,6
2416.0,29,14.961037179247256,15.0,388.68123890411664,7
2417.0,31,17.610081866149564,22.0,406.39701330131703,9
2418.0,29,18.336775451507698,29.0,403.2197283917862,7
2419.0,28,18.998208818527914,36.0,384.5417845873553,7
2420.0,27,19.338602631046314,43.0,371.9066183563602,7
2421.0,27,17.978341526928936,53.0,360.4211164030946,11
2422.0,21,6.559980504350031,65.0,307.40648553949893,13
2423.0,20,3.601430027784741,78.0,303.8507717274821,13
2424.0,19,1.483441932628099,93.0,303.24888194351024,15
2425.0,26,2.2382724928410966,63.0,321.05768324106003,19
2426.0,26,6.636954904740344,45.0,343.53200850573546,8
2427.0,26,10.313861926049029,53.0,364.06565440264455,8
2428.0,27,13.69569140505884,61.0,382.5284310492771,9
2429.0,28,17.365647262894015,23.0,399.57791427832706,6
2430.0,28,19.358927951449008,13.0,416.3863599238587,3
2431.0,27,20.525513629235288,12.0,395.1698343718839,4
2432.0,24,19.30808693851464,17.0,338.43324048763463,5
2433.0,26,19.2779442551302,23.0,351.90179855838056,8
2434.0,24,19.40537838459199,30.0,329.29044031443146,7
2435.0,23,20.47355450851047,37.0,339.7917876885612,7
2436.0,23,17.079140117335395,44.0,354.78803120445707,7
2437.0,30,8.793671071655977,52.0,372.4547245251955,15
2438.0,31,7.022375170674866,49.0,398.1052304122833,9
2439.0,30,6.833590824685163,28.0,389.54211347665074,6
2440.0,30,10.219725614906997,27.0,413.39880373742926,6
2441.0,31,13.25305065912886,34.0,435.136500103832,9
2442.0,31,15.053718824040885,18.0,456.72165104455445,6
2443.0,32,17.072653083650703,26.0,476.6177243586277,9
2444.0,30,18.606468055244765,36.0,468.3550057186595,10
2445.0,31,20.244518717900586,46.0,485.54610392994977,11
2446.0,26,14.527925356372629,57.0,427.0941977423092,11
2447.0,25,14.233725590315563,68.0,441.238840285984,11
2448.0,23,9.40599768237515,81.0,385.36217233571693,14
2449.0,29,5.664306182974076,96.0,385.32963623363975,22
2450.0,27,3.8384504751752098,111.0,367.1693400158031,15
2451.0,27,7.272159588867118,81.0,390.26470640775227,13
2452.0,26,10.213757123380995,47.0,396.0568011111841,8
2453.0,28,11.896916718138948,55.0,415.3193280144948,10
2454.0,28,12.94290737450308,63.0,435.9297340307231,8
2455.0,28,15.793059797848757,25.0,454.8853419442686,5
2456.0,28,19.521459383978115,15.0,471.67087246254226,4
2457.0,28,20.296698439573714,14.0,449.4922435238289,6
2458.0,25,16.829820973308326,20.0,394.2300721513393,7
2459.0,24,18.83238999971368,26.0,392.60026428128697,6
2460.0,22,19.71320309906755,33.0,328.5379125704744,7
2461.0,29,16.672587280182245,40.0,340.79123734505146,14
2462.0,29,16.16039299600181,48.0,360.25241949812397,8
2463.0,29,12.953072441174603,57.0,381.59815290060504,9
2464.0,30,10.846416428641108,52.0,403.9778401556659,10
2465.0,29,9.093254322322899,30.0,360.07240135986535,7
2466.0,29,9.608325618549244,28.0,383.3219569498878,6
2467.0,29,11.738486631423392,37.0,405.3030377414794,9
2468.0,29,14.961289978145805,21.0,425.411024413028,8
2469.0,31,16.94155904187514,30.0,443.7031174982238,11
2470.0,27,16.105711110932653,39.0,425.25810844910615,9
2471.0,26,15.932650469027127,48.0,404.1554545618191,9
2472.0,25,15.782854064296979,58.0,392.1758184028341,10
2473.0,31,12.196323546556995,68.0,380.5688954844845,17
2474.0,27,6.570533405205558,80.0,323.4785408188703,13
2475.0,26,7.347534336957744,92.0,325.6282339000883,12
2476.0,25,6.932919106210035,106.0,329.49361339903754,14
2477.0,26,6.847637368155563,75.0,351.02730956460925,12
2478.0,26,8.020226755685984,46.0,372.8546408405336,9
2479.0,27,9.652513951168839,54.0,393.5567940578144,10
2480.0,27,12.468352752649444,64.0,413.71044954015514,10
2481.0,28,15.56314070600594,25.0,431.8272703341601,8
2482.0,27,17.616001211968705,21.0,445.1905564954443,7
2483.0,25,17.7599918566976,22.0,413.6256272572012,6
2484.0,23,15.797438623239298,28.0,355.24904895703276,7
2485.0,30,14.13778679854413,34.0,369.37566213526054,13
2486.0,29,16.876735934769428,41.0,352.9335696068563,7
2487.0,29,18.69079394053435,48.0,370.75299495916613,7
2488.0,29,18.142615104130797,55.0,389.0549666387736,7
2489.0,31,12.304659099340174,63.0,410.44840950439,10
2490.0,31,7.946512125521259,56.0,436.5533092938244,10
2491.0,30,6.389274495931863,37.0,427.0726871329965,6
2492.0,30,8.55288850409257,36.0,451.82609569420856,7
2493.0,31,11.112912074820777,49.0,474.7818034590017,14
2494.0,30,11.58560278910287,26.0,489.1293234040239,10
2495.0,30,15.296329096023308,35.0,509.6070095918301,9
2496.0,28,16.57858442060711,45.0,492.8791748494423,10
2497.0,34,12.667650015189448,55.0,477.0331147379188,17
2498.0,33,13.442961287268954,67.0,469.96939822758327,12
2499.0,32,13.931950329101449,79.0,464.2690051809703,12
2500.0,29,10.934347468120466,92.0,422.15666961298814,14
2501.0,27,7.48625795880708,106.0,378.832190423122,15
2502.0,27,5.773697420431457,123.0,402.8118583793208,17
2503.0,27,6.027508188161988,98.0,426.6397811420376,13
2504.0,27,9.177086007149757,63.0,448.77941799822565,9
2505.0,27,7.891875697416882,74.0,463.8549111263597,13
2506.0,27,10.12038157890971,85.0,485.52198122269783,11
2507.0,27,13.8667400779701,44.0,505.228501137652,7
2508.0,27,17.926161376788,23.0,522.7345259960895,6
2509.0,33,16.651332184230426,22.0,498.64930372638366,11
2510.0,29,14.781667854765153,26.0,413.30790399169086,5
2511.0,28,18.481116930068413,30.0,396.18947519348,4
2512.0,27,21.694921816185538,34.0,366.2950231403094,4
2513.0,28,21.701509021186496,39.0,381.1820832973928,6
2514.0,28,17.878502792808177,44.0,399.23534428553586,5
2515.0,29,11.926256680524485,51.0,420.3723707888342,8
2516.0,29,9.98082908441534,35.0,443.8269913069341,8
2517.0,27,5.490194684011392,14.0,424.75521212080764,8
2518.0,27,7.538526088853011,15.0,447.7836745392126,9
2519.0,27,10.303000274093819,23.0,469.3673477761584,9
2520.0,28,13.86822827538404,24.0,488.88398272901674,8
2521.0,35,14.79083857412295,32.0,506.925753472989,15
2522.0,31,14.619492061682273,40.0,473.2688523249367,8
2523.0,31,16.639347189480322,49.0,494.1568009182325,9
2524.0,29,15.954931583312812,58.0,444.17219600882106,9
2525.0,31,16.148203884710682,69.0,463.4688021790693,13
2526.0,27,10.176746505904298,81.0,404.28761655021776,12
2527.0,26,8.848230123361882,94.0,394.81082152639425,13
2528.0,25,8.520471917773083,111.0,398.6062685850136,17
2529.0,24,5.941228505048997,82.0,413.58511228567227,16
2530.0,24,5.343041448532093,69.0,430.5075796782205,13
2531.0,24,6.894857777131258,79.0,451.1179878381198,11
2532.0,24,9.643515259323388,80.0,470.40126358870907,9
2533.0,31,10.140504329046697,41.0,487.9825415867446,14
2534.0,31,14.405190562678445,17.0,509.8938115905085,5
2535.0,29,16.834005857826217,10.0,442.0262212654609,2
2536.0,30,20.783698071228308,12.0,458.60555326062024,3
2537.0,30,23.843194556594486,15.0,426.2338046533176,4
2538.0,27,23.535778172448506,18.0,382.5426828195893,3
2539.0,27,23.610214914274053,23.0,397.11513128610704,5
2540.0,27,21.94371266591034,31.0,412.8647556262254,8
2541.0,29,15.587235118217182,40.0,431.4105450712801,11
2542.0,25,6.454955369364128,30.0,379.95806488507475,7
2543.0,25,4.66357464817948,40.0,402.618296181336,10
2544.0,25,4.731632767585784,53.0,425.16085725324376,13
2545.0,32,4.838027780582571,35.0,446.9096203367529,19
2546.0,33,7.778474646103317,25.0,473.62203271702026,12
2547.0,33,12.198809585453654,30.0,498.3872774465254,9
2548.0,30,14.234494016665236,39.0,479.12120796718415,9
2549.0,31,16.82409952215862,48.0,498.4925322786279,10
2550.0,31,18.968549289572458,57.0,517.6058970410363,9
2551.0,31,18.092420669268748,68.0,493.4596015594212,12
2552.0,28,15.349253971585197,80.0,448.9710452016205,12
2553.0,28,14.317908816938282,94.0,432.6897615179534,15
2554.0,23,6.745071474228007,109.0,407.41440536836643,15
2555.0,22,6.50676103678597,84.0,396.7686015360803,11
2556.0,22,5.240587351266836,69.0,393.1297100848723,11
2557.0,29,5.208640580583871,79.0,412.23686159255806,17
2558.0,29,9.292398721497005,77.0,435.9827835650745,9
2559.0,29,12.928223390063682,40.0,457.69152934509884,6
2560.0,29,16.67365448471256,5.0,477.26170611640174,2
2561.0,29,17.35489739795487,3.0,411.3726843654213,3
2562.0,29,20.107675354796196,4.0,428.8521200693454,1
2563.0,28,22.67648310087872,6.0,413.0533593479866,2
2564.0,25,23.00730854037044,10.0,362.67913902543074,4
2565.0,26,22.878835261716237,16.0,375.7774075093885,7
2566.0,25,18.289358035318898,22.0,384.46105584337187,7
2567.0,25,14.859335086425624,30.0,402.02500438026766,8
2568.0,25,11.274756224734874,28.0,421.34243121304746,7
2569.0,30,4.65055860092847,40.0,385.15310876451537,19
2570.0,30,4.198707894391418,54.0,412.6799496116477,14
2571.0,31,6.24736545911316,41.0,438.81782440774276,15
2572.0,31,10.505058295228908,27.0,463.3292846333309,11
2573.0,32,14.009552005330953,31.0,485.4692244088334,10
2574.0,30,14.755613325078244,37.0,483.2705947064611,8
2575.0,30,17.584418143987996,45.0,502.7934779170473,8
2576.0,30,19.52985425651232,55.0,521.1738871504056,10
2577.0,31,18.392056901802082,66.0,489.72005171191626,13
2578.0,26,13.00150089511948,78.0,449.8548942807485,12
2579.0,24,10.82946849696138,91.0,430.9578248982426,13
2580.0,23,9.58088823154704,105.0,407.6276550775106,14
2581.0,29,6.281833189086428,73.0,392.35846198822475,20
2582.0,28,6.12731473171258,66.0,370.04051430600606,11
2583.0,27,8.163883591213503,74.0,369.63397288339456,10
2584.0,27,12.774371799201624,66.0,389.6373198533861,8
2585.0,28,15.510366105611412,29.0,407.76629940355343,6
2586.0,28,16.325481753345244,6.0,426.4494991123386,2
2587.0,29,17.618579873594932,4.0,444.0610517999164,3
2588.0,27,18.964180401972257,8.0,387.65651313174914,4
2589.0,28,22.13153902598323,12.0,402.1188727890601,5
2590.0,23,20.236810541970968,18.0,347.84428697433714,6
2591.0,23,20.878673108911617,24.0,361.44846095547473,6
2592.0,24,17.186543937742474,30.0,376.48078731349983,7
2593.0,31,10.919165153357504,39.0,393.97575264170814,16
2594.0,31,9.723269977461014,36.0,419.06064615103674,7
2595.0,30,7.732657193758225,47.0,417.54190584621864,11
2596.0,30,7.914101885992942,60.0,442.5343511404258,13
2597.0,32,8.011974793144104,47.0,466.9956244699413,14
2598.0,32,9.956605989620778,26.0,492.0829272267711,9
2599.0,31,10.989947897651694,32.0,502.79496320877064,8
2600.0,30,13.167163301315922,41.0,510.8356369255817,9
2601.0,31,15.137810871738814,51.0,530.8396100398475,11
2602.0,30,14.742605541790924,62.0,544.2543767219408,12
2603.0,28,14.547864133737345,73.0,525.4553395661374,11
2604.0,26,13.131237071677969,85.0,482.88554008156115,12
2605.0,32,9.490772548359388,97.0,473.82910946486,19
2606.0,31,9.571323857862831,111.0,462.5379311232783,14
2607.0,30,9.009608735302438,78.0,456.6893003076377,11
2608.0,29,11.238443965555605,61.0,445.3164096169083,9
2609.0,28,10.171940678404889,72.0,415.14343867497143,12
2610.0,28,11.51064405587266,63.0,436.7747901289277,9
2611.0,28,14.264673045827344,29.0,456.92000375142993,6
2612.0,28,16.640878564601977,13.0,475.8612834285026,6
2613.0,29,17.032722983370064,13.0,443.14833547563967,7
2614.0,27,18.603220595868272,18.0,453.78718004797787,5
2615.0,25,20.176019827166012,24.0,389.47386513051975,6
2616.0,22,21.224572643533755,30.0,333.58870480961986,6
2617.0,29,17.399585314023394,36.0,345.5855762660543,13
2618.0,30,15.972558924322549,42.0,365.1192743924197,7
2619.0,30,14.690536057575471,49.0,386.4375679760901,7
2620.0,28,11.2064789443531,38.0,350.4547754237188,5
2621.0,29,9.959223102601156,45.0,372.72122564866453,8
2622.0,29,7.371323845200885,56.0,397.3735292477724,11
2623.0,30,6.895290428200539,37.0,422.17578404989575,10
2624.0,30,9.5875809221074,15.0,446.41450759792974,9
2625.0,31,12.455162177214145,21.0,468.75179676434175,9
2626.0,27,10.82894938187866,28.0,452.58185689504967,8
2627.0,27,14.642367587529666,37.0,471.8740074275772,9
2628.0,28,17.632142546735963,46.0,489.2310581081898,10
2629.0,34,14.670461811993432,55.0,474.51665582897766,16
2630.0,31,13.939665866670452,64.0,432.90284219180774,9
2631.0,29,13.654728267042337,73.0,381.92874334979535,9
2632.0,29,15.598682170304548,85.0,402.1310379775803,12
2633.0,28,11.538153504735654,56.0,360.5970858140486,11
2634.0,28,12.376892876918392,42.0,381.60243229339915,6
2635.0,25,10.057301196507428,51.0,337.9679493069801,9
2636.0,25,13.539161940166691,34.0,355.8235384988965,7
2637.0,26,17.40098682179268,16.0,371.36417970021523,7
2638.0,25,18.201692047653538,12.0,380.18359971192547,5
2639.0,23,19.65941902259854,12.0,319.6333289039698,4
2640.0,23,23.34664451905437,16.0,331.7343824994974,4
2641.0,29,19.949717183363035,20.0,311.44637162932764,11
2642.0,26,21.237315000176118,24.0,290.76557246690044,4
2643.0,26,19.96461149088033,28.0,284.5306041322689,5
2644.0,26,18.765495753916486,33.0,300.7663246003588,5
2645.0,27,15.54986766792163,39.0,318.53198463071226,7
2646.0,26,10.598263042465836,28.0,311.52938888619565,7
2647.0,26,8.478441934884527,36.0,333.35822837852623,8
2648.0,26,8.242305767095587,50.0,355.4002705999907,14
2649.0,28,9.336538604678406,31.0,376.55320780046605,14
2650.0,25,7.220947174102054,28.0,386.3557471022799,10
2651.0,25,9.817959896048214,35.0,406.5459364624054,10
2652.0,23,11.042764942449642,33.0,389.0891721096553,7
2653.0,30,11.117051882364683,41.0,405.4094766211632,15
2654.0,31,14.37852405983434,49.0,426.39283071732774,9
2655.0,31,17.254649156122152,57.0,446.478496885261,8
2656.0,29,16.934800323397873,66.0,402.33409293143495,9
2657.0,30,17.13277996563908,76.0,420.7654406206877,11
2658.0,27,12.786051375313942,87.0,384.89473487564027,11
2659.0,26,9.55307010726332,56.0,379.12369567086796,9
2660.0,25,10.620978089558411,40.0,374.39137851147257,9
2661.0,24,9.11862809901163,51.0,369.93617038607306,12
2662.0,23,11.164728812154793,42.0,384.91420940737186,9
2663.0,23,15.126845874100395,51.0,401.106776353192,9
2664.0,24,16.041244439598405,60.0,416.47836300877896,10
2665.0,29,11.134581542986094,34.0,341.8759300209419,13
2666.0,29,15.675707808110635,27.0,361.7526388733584,5
2667.0,27,18.25736232152396,26.0,310.8025727621733,4
2668.0,25,19.72242647244671,30.0,295.2841005218293,4
2669.0,26,18.027291943354268,34.0,301.50199465808976,6
2670.0,26,15.882246993530321,40.0,319.5272307136232,6
2671.0,26,13.778061167593386,45.0,338.72018723018374,6
2672.0,26,12.797109190472183,26.0,358.4879215438926,5
2673.0,27,12.089236626248823,33.0,378.4505069134033,8
2674.0,26,8.258373549466784,41.0,392.3892061480365,10
2675.0,26,9.533588585655789,20.0,413.55849125199035,7
2676.0,26,12.017981831839549,19.0,433.3829039393736,6
2677.0,33,11.260228355000766,28.0,452.07602802364374,16
2678.0,29,10.955767680649755,23.0,420.0137453641325,7
2679.0,30,14.966874363893806,30.0,440.1080012506553,8
2680.0,30,18.99074036961758,38.0,458.7937280757336,8
2681.0,29,17.755384011787058,47.0,420.5865538843464,10
2682.0,29,17.2097067259301,57.0,439.6439035368032,10
2683.0,27,15.25150403648367,68.0,412.07933732756703,11
2684.0,25,13.860318597569286,81.0,405.48647983359314,13
2685.0,24,9.17718888563257,52.0,378.6812434822355,13
2686.0,21,6.29010878466456,35.0,386.77984297939827,9
2687.0,21,9.3160932469789,35.0,403.9058021225575,8
2688.0,21,13.086938639365336,34.0,419.41688429336403,6
2689.0,28,12.89022760206359,41.0,433.2057359390826,14
2690.0,29,15.122665447621944,48.0,452.43989189854756,8
2691.0,27,16.134198263384967,21.0,372.79608891130425,4
2692.0,27,20.36690473398899,10.0,388.58045480362256,2
2693.0,27,23.050718191366233,1.0,359.16933350163265,2
2694.0,24,22.48676515143514,2.0,310.4294205192097,1
2695.0,24,21.743762602609415,3.0,286.9231792293463,2
2696.0,24,22.296051332386895,7.0,300.04831430546176,4
2697.0,25,21.744499217781573,13.0,313.1965336492114,7
2698.0,23,17.591134512025373,20.0,322.6296455966534,7
2699.0,23,12.51863161495957,28.0,340.2157833024413,8
2700.0,23,6.90212043028035,29.0,329.2266981275226,9
2701.0,29,4.389430687239395,18.0,314.85471528141966,13
2702.0,29,7.222000277624719,23.0,339.7144724076398,7
2703.0,29,11.141897162562532,28.0,362.27463386069746,7
2704.0,29,15.996781858613405,19.0,382.0400013337342,7
2705.0,31,18.208846151859905,26.0,399.74509897339726,9
2706.0,29,18.739825541535374,33.0,395.5484495470451,7
2707.0,27,18.715758911084315,40.0,349.8839504860976,7
2708.0,27,19.297955913900214,51.0,366.76016737670864,11
2709.0,25,15.536712346684201,62.0,347.60505426812705,12
2710.0,22,8.798458766970299,73.0,320.65766820763383,12
2711.0,20,5.878280122345043,86.0,300.8062614762227,13
2712.0,19,4.421721677027097,101.0,300.46186222991605,15
2713.0,25,1.983898007412326,70.0,300.58712108148,19
2714.0,25,6.630996429884988,35.0,322.44086667437847,7
2715.0,26,10.749101003942977,40.0,342.1366261836413,7
2716.0,26,15.30890808795091,46.0,360.5653866282383,6
2717.0,27,19.32612276011626,17.0,376.60713346846376,4
2718.0,27,21.58354364840176,7.0,392.5036422862183,2
2719.0,25,22.067220712753148,10.0,326.1052526564412,3
2720.0,24,23.62557429667529,15.0,326.0968717461555,5
2721.0,23,20.304716709620905,22.0,257.8188046687263,9
2722.0,22,21.402215307698125,29.0,267.34769191058734,7
2723.0,21,19.084566617092467,36.0,276.4761728946549,7
2724.0,21,16.354916064907336,43.0,290.6261870697521,7
2725.0,28,9.964921392545008,51.0,305.98244728630596,15
2726.0,29,8.502468892710699,46.0,328.9444485639961,9
2727.0,27,7.2180582599488075,26.0,299.2857714443624,6
2728.0,27,10.887339970447197,23.0,320.5613422527319,6
2729.0,28,14.061460871433189,28.0,339.9058350800733,7
2730.0,28,17.583519370524847,13.0,358.32967001477397,4
2731.0,29,20.488086740253152,20.0,374.7832248141124,8
2732.0,27,21.79979293945254,27.0,363.7083226585694,7
2733.0,26,20.778972784256872,34.0,320.69745226920617,8
2734.0,23,17.140855388038133,42.0,324.75055377140114,8
2735.0,20,12.38877762025268,51.0,287.86806250765767,9
2736.0,19,7.691022295459404,62.0,267.27168252824043,12
2737.0,24,1.522898320152554,74.0,243.4376275245161,19
2738.0,24,2.8956636499968624,87.0,266.0963226047352,13
2739.0,24,5.819459931711359,60.0,287.3138163250845,10
2740.0,24,9.871252314707,47.0,306.6088618742108,8
2741.0,26,11.62919426420507,55.0,324.5589419727411,10
2742.0,26,12.721865863649892,63.0,343.96352574892893,8
2743.0,26,15.730738746288626,23.0,361.8824018460288,4
2744.0,26,19.07626581567319,13.0,378.1821009712382,4
2745.0,25,18.647772974702736,13.0,321.2667819466249,7
2746.0,23,16.28060197291593,19.0,313.8175669809999,7
2747.0,22,17.819403909717483,25.0,311.542734664407,6
2748.0,22,19.627334694416138,32.0,324.8884472269294,7
2749.0,29,15.09476250059063,39.0,338.0659810057483,14
2750.0,29,13.480526313285637,46.0,359.2273435165737,7
2751.0,30,10.057435003104883,54.0,382.3321955160029,9
2752.0,30,9.434939509672692,46.0,406.8667672747545,7
2753.0,30,8.782463564402487,29.0,394.34251949669147,7
2754.0,30,9.05405313819429,27.0,419.0744108654577,6
2755.0,30,10.669302671191236,33.0,442.7942094068556,7
2756.0,30,14.801242684029818,17.0,464.0051084798073,7
2757.0,32,17.2526734972263,24.0,483.1008821033291,9
2758.0,28,15.655569159543571,32.0,463.57615332995766,8
2759.0,28,18.226225914019267,41.0,481.0736642916159,9
2760.0,26,16.713236655858296,50.0,433.5710601318646,9
2761.0,33,13.12568350005192,60.0,450.6822075401652,17
2762.0,29,8.921026172897882,72.0,389.5530140102906,13
2763.0,27,7.367462017969336,86.0,372.4271472267574,14
2764.0,26,7.8756397697066856,102.0,373.55293815228646,16
2765.0,26,7.59332752540017,74.0,378.61036922317,13
2766.0,26,9.763951350494265,37.0,399.5206343248877,8
2767.0,27,11.763644020901953,44.0,419.1727077021091,9
2768.0,27,14.91988822229043,55.0,438.10764017318945,11
2769.0,27,17.22286274400066,33.0,451.79509120369124,9
2770.0,25,18.657586160994462,26.0,459.8221070274034,6
2771.0,24,20.85824872319667,26.0,429.92605873783566,5
2772.0,22,19.49284420295005,31.0,356.6514472160103,6
2773.0,29,16.334817846006903,37.0,369.13822805840266,13
2774.0,27,16.445400656723574,43.0,313.3417978270921,6
2775.0,27,17.540944575160637,49.0,330.95575382371413,6
2776.0,27,17.375439981212992,55.0,348.6081620964716,6
2777.0,29,12.68783740896747,62.0,368.2333696786369,9
2778.0,29,10.067830017846434,48.0,391.4569235372781,7
2779.0,28,8.038641571149178,24.0,383.6241097072267,5
2780.0,28,10.655419803051734,19.0,405.62856122183393,4
2781.0,29,13.100853287107448,27.0,426.06709193790624,9
2782.0,28,12.22948384387475,37.0,438.6486418271895,11
2783.0,28,15.802081075677101,25.0,457.9083339046518,7
2784.0,26,16.069874372550554,34.0,440.47793703584387,9
2785.0,32,12.535092626358779,43.0,424.5367628496588,16
2786.0,31,12.811470142101621,52.0,423.5354051755475,9
2787.0,31,14.086252789990521,64.0,414.54575996564927,13
2788.0,30,15.620957004234361,76.0,415.1315434859102,12
2789.0,28,12.979733932486822,88.0,389.96603662613535,13
2790.0,26,8.508450734415954,102.0,374.03775445363664,14
2791.0,26,8.352041199591621,71.0,395.6653906829428,11
2792.0,25,9.85925880415546,31.0,404.38945981956516,6
2793.0,26,9.624804065389842,40.0,420.20252262642157,11
2794.0,25,11.997366805542192,49.0,435.87822690840665,9
2795.0,25,15.546709294061271,59.0,452.90675175427583,10
2796.0,25,19.365388045566377,34.0,467.9862244286903,7
2797.0,31,16.456690307679157,25.0,426.5645694733902,12
2798.0,29,16.808256349460194,16.0,410.47890364423523,4
2799.0,27,17.127002612352,19.0,371.6019114082653,3
2800.0,26,20.671042121401808,22.0,341.5313536598354,3
2801.0,26,21.33382453027243,26.0,318.7071820396816,5
2802.0,26,18.70317364403881,30.0,335.0818529208009,4
2803.0,27,12.966475185300382,37.0,354.0625368222299,8
2804.0,27,10.804959455542065,21.0,375.2008281760317,7
2805.0,28,10.780625666839253,10.0,396.14410660941917,7
2806.0,26,9.671771124488956,14.0,411.3543179330681,6
2807.0,26,11.6190859342487,21.0,431.4520421185098,7
2808.0,27,13.674817484884995,28.0,450.24220308466795,8
2809.0,34,13.613658051667628,25.0,468.1956916852156,15
2810.0,30,13.461174703511821,34.0,435.2415322865511,9
2811.0,30,15.66616386644087,43.0,456.0285130544939,9
2812.0,28,14.82267251771036,52.0,421.4415010059393,9
2813.0,30,14.71328899235207,62.0,440.90401514019464,12
2814.0,28,11.65958642427826,74.0,421.16027901723925,12
2815.0,26,10.46096692916533,90.0,416.0118358389628,16
2816.0,24,8.717448968424815,107.0,402.2657118663685,17
2817.0,23,5.727307881854381,77.0,415.33328872517114,15
2818.0,23,5.558632545031517,61.0,431.12081791720647,12
2819.0,23,8.915903267512606,41.0,450.0145878320808,6
2820.0,23,12.396826590355914,47.0,467.27844452830857,6
2821.0,30,13.204390866913387,54.0,482.32331583763175,14
2822.0,30,17.953627004113173,26.0,501.4397761610152,5
2823.0,30,20.340245033012184,14.0,464.47048374019926,4
2824.0,29,23.904110961825488,14.0,431.04720832627686,2
2825.0,26,23.206781731367965,16.0,333.47743182920186,3
2826.0,26,23.67287737577581,18.0,346.802812702526,2
2827.0,25,21.22804234450064,21.0,327.704026204762,3
2828.0,25,16.270074919770614,27.0,308.0477412385381,7
2829.0,26,12.813271869113276,35.0,326.3932600226119,9
2830.0,24,7.660864078558305,24.0,340.034780965122,8
2831.0,24,6.0685287019426575,34.0,361.111696776356,10
2832.0,24,6.750285709407921,24.0,381.8890450217667,9
2833.0,31,6.697028842875941,27.0,401.7700629786856,15
2834.0,32,9.575332225449348,31.0,426.6688243732924,8
2835.0,32,13.704047943800212,25.0,449.8880639545402,7
2836.0,29,15.25127821517929,32.0,429.0233378986023,7
2837.0,30,18.127746161630863,40.0,447.0959479410753,9
2838.0,29,18.977617857990108,48.0,441.6032933784919,8
2839.0,29,17.039760760999435,56.0,421.1215030120554,9
2840.0,28,17.84994927098615,65.0,421.37507351720313,9
2841.0,27,16.14399513932269,77.0,392.90757857080496,13
2842.0,23,9.622344437824607,91.0,397.91522305674624,14
2843.0,20,6.0858160612277254,58.0,362.82867337724275,10
2844.0,20,5.9901609540224285,40.0,359.37321146648503,9
2845.0,27,6.582996472432214,28.0,375.8832800336154,12
2846.0,27,11.445959760920859,34.0,396.7888783175587,6
2847.0,27,16.20374516650463,41.0,415.1698352138567,7
2848.0,27,20.964390123688997,17.0,430.98666229916194,4
2849.0,28,22.313003082208102,7.0,393.84620295534785,4
2850.0,27,22.901215472990746,4.0,365.65049546379834,1
2851.0,24,22.283470504144958,7.0,313.03507258789455,3
2852.0,23,22.91880247935926,13.0,289.92690128174667,6
2853.0,23,20.13316366719777,19.0,270.1243125985953,7
2854.0,22,13.898935710180318,26.0,277.995779766982,8
2855.0,22,10.425450884802125,33.0,295.3424594461031,7
2856.0,22,8.755867430071506,32.0,313.42898995666684,8
2857.0,29,5.645108318727749,43.0,332.07531717771286,18
2858.0,29,6.347671019336412,29.0,357.33481899826114,9
2859.0,30,8.062686880378672,30.0,381.44853906171636,8
2860.0,30,12.076049960010915,37.0,404.1499917500826,8
2861.0,31,15.54737120243426,25.0,424.46419273401574,8
2862.0,29,16.362717673479526,32.0,420.9178123529418,7
2863.0,29,18.978262716085784,39.0,438.7420808768852,7
2864.0,29,18.26759891038848,48.0,432.95820465949083,10
2865.0,28,15.87845180612621,57.0,418.1939787428032,10
2866.0,25,13.658977946309747,67.0,427.4476816373058,10
2867.0,23,12.477998315531417,78.0,397.1541587205735,11
2868.0,21,9.584043494251029,90.0,385.7727599710767,12
2869.0,27,5.159170712207003,55.0,379.7614799352891,18
2870.0,26,5.075154882687005,35.0,366.67564760053637,8
2871.0,26,10.096650623194364,16.0,387.321304669608,5
2872.0,26,14.99005665728506,22.0,405.38009298626775,6
2873.0,27,18.23383936238957,28.0,421.3694008783619,7
2874.0,27,20.49857542411308,19.0,437.15928425500675,4
2875.0,27,22.20495403431959,9.0,401.1114455522385,3
2876.0,26,24.62346764621523,7.0,368.38727313629454,3
2877.0,25,24.42333671471695,12.0,328.61181014444185,6
2878.0,21,21.25840358019678,18.0,278.3603263588377,6
2879.0,21,20.08473206742017,24.0,291.0850684820765,6
2880.0,21,13.021300811984368,30.0,272.14225244142733,7
2881.0,28,6.493727703081544,37.0,289.52832041949614,14
2882.0,28,6.236629470677833,34.0,313.9868686056017,8
2883.0,28,7.007129826357107,45.0,338.00881014118636,11
2884.0,28,9.635047648472247,30.0,360.49132649920256,8
2885.0,30,11.866698737443523,31.0,381.21650856536604,9
2886.0,30,11.9935525414497,39.0,403.9641872693196,9
2887.0,30,15.069058444752313,25.0,424.91851231284886,7
2888.0,28,17.041977876974016,33.0,415.66205393985894,8
2889.0,29,19.401718599703365,43.0,432.4180057390722,11
2890.0,26,15.468418731519925,53.0,390.87241088796895,11
2891.0,26,15.172964703947155,63.0,409.0259193856899,10
2892.0,22,9.466183578105078,75.0,374.2424491896187,12
2893.0,28,6.618204677362079,88.0,372.2113578331307,20
2894.0,25,4.230417750519531,102.0,348.19755684197975,14
2895.0,26,6.420206389608841,72.0,369.8256094376744,12
2896.0,26,9.639857766293224,54.0,390.84405351707534,8
2897.0,27,11.776261210278301,31.0,410.49494180316196,6
2898.0,27,13.808622959599813,36.0,430.04765720378157,5
2899.0,27,16.266632599591425,44.0,448.29032711263613,8
2900.0,28,18.461847001630478,22.0,464.92397452231035,9
2901.0,27,18.812407824082378,15.0,426.4963906277187,7
2902.0,25,20.09766083033939,19.0,391.91011794179195,6
2903.0,23,21.335423121605828,25.0,352.5693615562071,6
2904.0,21,20.388888550828383,31.0,307.94602534907995,6
2905.0,28,13.918911618284922,37.0,321.3639544162911,13
2906.0,28,11.231473846750811,43.0,307.4527396804269,7
2907.0,28,10.140233708648836,50.0,329.8579667609147,7
2908.0,28,10.310443666678838,39.0,352.1975262513119,6
2909.0,29,9.218338141079414,50.0,374.9661067380912,12
2910.0,29,8.688142900436032,36.0,399.0782942346449,8
2911.0,30,9.141439792385002,38.0,422.793756750679,9
2912.0,30,12.03069834334326,49.0,445.8048300319891,11
2913.0,29,12.92329409601855,31.0,460.5704426112453,10
2914.0,27,13.8051984885044,41.0,448.3653942628007,10
2915.0,27,16.56535478190668,51.0,466.3206750689961,10
2916.0,27,16.14128716882722,62.0,457.243580964079,12
2917.0,33,12.06745547355071,73.0,442.95183705797024,18
2918.0,32,12.654977119530246,85.0,445.6467263679613,12
2919.0,27,8.47827108119002,99.0,385.2032015511732,14
2920.0,26,8.426771454527145,114.0,392.51498166572907,15
2921.0,27,7.028975664832527,84.0,395.2696946943132,15
2922.0,27,7.40718252613396,62.0,418.30566768445726,9
2923.0,27,10.710221114587391,36.0,439.56113909254395,7
2924.0,27,14.901335813003865,44.0,458.5725000501259,8
2925.0,28,17.92929168951323,52.0,475.6104239441325,9
2926.0,27,18.90206257660404,28.0,484.8762259302368,7
2927.0,27,22.24334940393387,18.0,500.1908297157636,4
2928.0,24,23.351817977288118,14.0,410.04444106617905,3
2929.0,29,19.113705512607943,18.0,396.3182804964192,11
2930.0,26,19.085638403834228,22.0,312.2546298292222,4
2931.0,26,18.645178947010425,26.0,293.5445026929042,5
2932.0,26,18.792689290942935,32.0,309.6705522048927,6
2933.0,27,14.785149812495646,38.0,327.46342687312,7
2934.0,27,10.052911445309988,25.0,348.8577369824603,6
2935.0,27,7.044064453613252,33.0,371.92137153408754,8
2936.0,28,6.783583910764614,16.0,394.9531501989926,9
2937.0,29,8.773212155764513,22.0,417.7309459477116,13
2938.0,29,11.599243099509048,32.0,439.91163833278273,11
2939.0,27,12.710677365520793,34.0,452.7771050295597,9
2940.0,26,14.831248776212792,43.0,453.45833436270146,9
2941.0,32,12.622817151850565,52.0,452.8451529962281,16
2942.0,32,13.407933644935772,62.0,448.3461315077013,11
2943.0,31,14.351324171357385,72.0,436.2830154641384,10
2944.0,30,14.537076851086981,85.0,432.9727283724786,13
2945.0,30,13.668562215891855,98.0,426.9170220855594,14
2946.0,26,7.290104516683354,112.0,389.5523365485956,14
2947.0,27,7.643058363457709,84.0,411.29794736084455,13
2948.0,26,7.759418541058179,68.0,419.2171971945382,12
2949.0,26,9.032820690597381,39.0,436.62033210752804,10
2950.0,25,11.577872384771908,48.0,452.9530583866812,9
2951.0,25,15.589751999197755,57.0,470.01337362585934,9
2952.0,26,18.612089883991814,32.0,485.16423073407435,7
2953.0,33,17.787190547427883,23.0,499.2861602287381,11
2954.0,30,20.253456976547138,21.0,414.2540444843969,4
2955.0,28,22.34725213384244,25.0,400.8296153254235,4
2956.0,25,21.20568489940007,29.0,313.49999206721634,4
2957.0,27,18.981803519004522,33.0,328.6661766063762,6
2958.0,26,14.789416319169932,39.0,314.4854362424924,6
2959.0,26,11.593007203223324,47.0,334.6748051808859,8
2960.0,26,10.197947834323827,28.0,355.4840537174793,7
2961.0,27,9.501866672795607,39.0,376.3957880050846,12
2962.0,26,7.035109126416206,24.0,391.4284137825209,10
2963.0,26,9.429166203004298,25.0,412.76462062260634,8
2964.0,26,13.184930676837531,33.0,432.2443450853197,9
2965.0,33,13.076843830516962,29.0,450.04438421830014,14
2966.0,29,12.983739728140346,37.0,417.1955958898314,8
2967.0,30,16.703070593029228,45.0,436.45639456069483,9
2968.0,28,17.589125235386028,54.0,399.54214928591216,9
2969.0,29,18.172701923863702,63.0,416.9679035143434,10
2970.0,27,15.730441249574136,73.0,390.0218065199364,10
2971.0,25,13.616911760725994,83.0,381.3218932965427,10
2972.0,24,9.674777608594013,94.0,362.2996751048442,12
2973.0,23,5.5330557716685576,59.0,375.93991166761504,12
2974.0,21,4.738328748145055,39.0,389.48262875985785,9
2975.0,21,8.272217730317136,38.0,406.95497962118446,9
2976.0,21,11.927597874657442,47.0,422.9220196743072,9
2977.0,28,11.861794728734997,46.0,437.28921313655957,14
2978.0,29,15.031313602965726,19.0,456.618515311593,5
2979.0,28,18.503040240919187,10.0,422.3831820005298,2
2980.0,27,22.55628280270537,7.0,393.4345136163597,2
2981.0,26,22.825726347595737,9.0,322.6886334775886,3
2982.0,26,23.33211601781905,11.0,336.49878061552556,2
2983.0,25,22.048222511682763,13.0,325.28675508741554,3
2984.0,24,21.311480122765552,17.0,303.1178008108107,4
2985.0,25,19.805191360209868,24.0,317.3325558340752,8
2986.0,23,14.333613370451499,33.0,327.645192537701,9
2987.0,23,10.45747604251824,43.0,345.9137938027792,10
2988.0,22,4.014899422185126,45.0,301.79136765179567,10
2989.0,29,2.5675737042739857,57.0,322.27514718448396,19
2990.0,29,5.006945689705636,34.0,348.28068554975147,11
2991.0,29,8.947533785318566,15.0,371.8561217633259,7
2992.0,29,13.413437709172516,16.0,392.7548699124311,6
2993.0,31,16.094512547728048,20.0,411.2967026546852,7
2994.0,29,17.291192028532635,26.0,407.5655428313242,6
2995.0,29,20.10716762533689,32.0,424.5088795372514,6
2996.0,27,19.843030492614506,40.0,378.7751770732419,8
2997.0,27,17.67061934995409,48.0,380.7329115120663,9
2998.0,23,10.465831847308364,58.0,336.42050013424995,11
2999.0,23,11.211393273350478,69.0,354.43956803528135,11
3000.0,20,6.380455468940692,83.0,311.14708593479605,14
3001.0,27,5.830710848338809,52.0,328.0668303464576,18
3002.0,25,6.57712539173364,42.0,321.98967187585646,9
3003.0,26,10.278355901455885,37.0,341.7396632841766,8
3004.0,26,15.727537426667817,17.0,359.6331737864258,4
3005.0,27,19.15872989717517,11.0,375.29693186944064,4
3006.0,27,22.09840174412102,9.0,390.2365114486852,2
3007.0,25,23.10683984419848,11.0,321.6159877282012,2
3008.0,26,23.79382362182349,15.0,333.8375638372792,5
3009.0,24,21.925437420941407,21.0,284.40399764750435,7
3010.0,23,20.649735905110457,28.0,294.2975795952141,7
3011.0,22,18.39005088549106,35.0,305.01735097887195,7
3012.0,22,14.544443661477553,44.0,320.36976096809997,9
3013.0,29,7.875195878206962,53.0,337.4834428689097,16
3014.0,29,6.876794189729398,51.0,332.8269307710599,10
3015.0,29,8.032004977037348,63.0,356.7848129737825,12
3016.0,28,9.59671177226366,38.0,346.09395985607495,10
3017.0,29,11.958357524406756,12.0,366.89553805361345,7
3018.0,29,13.725960352316084,15.0,387.7484244141114,6
3019.0,30,16.887434710452073,19.0,406.3357094131379,6
3020.0,28,18.700671825620745,26.0,395.8043566103926,7
3021.0,28,19.914568551875895,34.0,408.7867867751918,9
3022.0,24,17.276276487662265,42.0,358.2990626700383,8
3023.0,23,15.915866633071984,50.0,357.5744464768402,8
3024.0,21,10.861611370730788,60.0,316.82949905736945,11
3025.0,28,8.50007547551633,71.0,333.0590342197767,18
3026.0,26,7.752429419773164,83.0,313.37192116281113,12
3027.0,25,9.117570244072336,52.0,317.75039939048474,9
3028.0,24,10.837463033899674,44.0,321.5558178403379,7
3029.0,26,12.028730020981039,32.0,339.24840233426517,8
3030.0,26,13.578622986303388,12.0,358.21008915404855,4
3031.0,26,17.38824151778224,5.0,375.21829634608866,2
3032.0,26,22.042225845139328,3.0,389.82753081896254,3
3033.0,24,22.58039391627663,8.0,320.9493348946821,6
3034.0,24,24.6016201268494,13.0,328.5169044130921,6
3035.0,21,23.35764282347104,18.0,272.1755402722337,5
3036.0,21,22.809129173771186,24.0,283.5646978193511,6
3037.0,28,14.642926365279537,30.0,296.3176740223667,13
3038.0,28,12.81079165447755,38.0,317.03580127942746,8
3039.0,29,10.380513217360466,46.0,338.91550510293894,9
3040.0,27,8.26624109554612,39.0,297.96717523922786,8
3041.0,28,9.314856030615992,50.0,319.716379041495,12
3042.0,28,9.297945783501506,35.0,342.49226763326976,9
3043.0,28,11.429745129654489,12.0,364.0383386246549,5
3044.0,29,13.541057517209579,17.0,384.09168953550954,8
3045.0,30,16.29086973848295,25.0,403.2188487266595,9
3046.0,26,15.100296372323665,32.0,383.64688965748877,8
3047.0,25,17.300479247034477,40.0,395.23558343292814,8
3048.0,24,18.201647646655974,48.0,379.2960530346479,8
3049.0,29,11.48578024665552,57.0,351.1147761007048,16
3050.0,29,11.484680359414426,67.0,343.79920808360555,11
3051.0,28,12.022573386001048,78.0,347.56751017655137,11
3052.0,26,11.200690946312768,91.0,338.1726784791658,13
3053.0,25,9.513248704302125,56.0,318.15922838175607,11
3054.0,24,7.115289894596164,36.0,325.3763566201579,7
3055.0,25,9.314454671002341,21.0,344.55225040740703,7
3056.0,25,12.568907117597103,16.0,362.9455230931025,6
3057.0,26,16.739384026160973,11.0,378.74164200214665,6
3058.0,26,22.295481277527806,12.0,392.43177702011434,4
3059.0,25,25.557196433272278,17.0,360.3402606843811,5
3060.0,23,25.063535645228807,22.0,320.05233998377884,6
3061.0,28,18.808968785863392,27.0,292.1347405667035,12
3062.0,26,17.950072992223916,33.0,244.1479990201802,6
3063.0,26,17.562551981824363,39.0,260.09275535497557,6
3064.0,26,16.477805168177063,46.0,276.6582804535408,7
3065.0,28,12.585212084953818,55.0,295.04627817333846,11
3066.0,27,8.808650942785434,43.0,291.4348155054869,8
3067.0,27,7.594480910869683,55.0,313.52638442494316,12
3068.0,26,7.693094197486883,44.0,307.77365984436113,11
3069.0,27,10.016845739449,17.0,327.6623926702734,8
3070.0,28,12.38147522108318,25.0,346.98056389935306,9
3071.0,26,14.339589686543722,33.0,358.8388068386449,8
3072.0,24,16.302243053258444,41.0,339.91882957553037,8
3073.0,31,14.891643308442692,50.0,354.28831569416934,16
3074.0,29,15.070171288448275,59.0,321.0301282163321,9
3075.0,27,11.530786456453866,68.0,301.8825741532693,10
3076.0,25,9.49850695052363,77.0,277.64901855175765,9
3077.0,26,9.517615850854291,88.0,297.2537333588245,12
3078.0,25,6.886806068032787,102.0,302.4370036503429,14
3079.0,24,6.616624679766512,74.0,309.0928939906717,12
3080.0,25,8.137701387082963,69.0,328.7493652770586,11
3081.0,26,10.54971799303783,53.0,347.877537775956,10
3082.0,24,12.992711572206826,20.0,359.17208007739197,5
3083.0,24,18.572996049397283,15.0,373.7414674662587,4
3084.0,24,21.680127245354083,19.0,386.6996681449305,4
3085.0,30,16.818653555511265,24.0,326.92219220000123,13
3086.0,30,21.094850832906168,29.0,343.5826114501268,5
3087.0,26,21.27289238405429,34.0,292.1690754900475,5
3088.0,25,22.502211289121217,39.0,284.9275086757222,5
3089.0,26,19.263463882873225,44.0,299.5043264776408,6
3090.0,26,12.935226432673181,49.0,318.47675519889356,5
3091.0,27,8.402549281077775,57.0,339.69715492814356,9
3092.0,26,7.553866201200515,41.0,331.55422577287067,8
3093.0,26,7.603121323828528,52.0,329.20002793476493,12
3094.0,24,6.1432930466512525,31.0,343.5586551278411,12
3095.0,24,9.064699953258794,21.0,363.1090197852819,8
3096.0,25,12.786391847876788,27.0,380.5816466302399,8
3097.0,32,13.195515372614867,35.0,396.91652834431204,15
3098.0,29,14.493902050471348,43.0,382.7472208449281,8
3099.0,28,16.036226508771147,51.0,380.9775383621276,8
3100.0,27,16.831975119981973,59.0,360.08502676256546,8
3101.0,28,15.056559971231628,52.0,348.10219101959734,10
3102.0,27,11.76229831789721,61.0,339.3562027129104,9
3103.0,26,11.016800242421834,74.0,336.2988043986906,13
3104.0,26,11.488336426903674,88.0,356.07412579872386,14
3105.0,25,9.50621634962635,57.0,335.9784512364528,13
3106.0,24,7.350178735143727,58.0,348.51095869329157,11
3107.0,22,5.472605649258757,69.0,335.08143695704825,11
3108.0,22,8.765567817643122,72.0,352.945786077358,10
3109.0,29,9.276818113967982,83.0,369.1669774163497,18
3110.0,29,12.039203607643405,94.0,390.7294399208856,11
3111.0,30,12.068204183477244,105.0,411.97180687946553,12
3112.0,28,9.814204110528243,117.0,363.1018745439251,12
3113.0,29,8.933693123004037,133.0,385.4696142055114,17
3114.0,28,7.063741271210534,78.0,399.2396569793582,12
3115.0,27,7.190572600021888,61.0,411.5963776431554,10
3116.0,28,9.516809575469479,49.0,433.2359683045524,10
3117.0,29,12.120391322855147,56.0,454.16949301417753,10
3118.0,27,13.300551678705267,66.0,467.58979141057915,10
3119.0,27,15.907180319544441,76.0,485.86336423310695,10
3120.0,27,15.896858578010733,41.0,504.02063769983505,7
3121.0,35,11.183659900114527,27.0,523.1099209303312,14
3122.0,35,12.052852237797127,28.0,549.612267192506,5
3123.0,35,14.41080038638067,35.0,574.5294310266203,7
3124.0,35,17.886806987431743,43.0,597.0290225127185,8
3125.0,36,19.358250515322148,52.0,618.1674228406039,10
3126.0,32,17.290300397634198,62.0,531.9734629646584,10
3127.0,31,16.174353589827362,52.0,515.6368066287243,12
3128.0,29,13.902263579186249,65.0,482.85054032780914,13
3129.0,29,11.859985450277872,78.0,479.2878017886639,14
3130.0,26,8.58820887134932,94.0,475.39521754837887,16
3131.0,25,8.017981288598431,110.0,479.4351174830084,16
3132.0,24,4.56427824274164,127.0,488.89876373904605,18
3133.0,29,2.8578098975281105,92.0,491.2704696869798,22
3134.0,28,5.150807158237232,48.0,497.45995762705485,10
3135.0,28,9.885011515255677,25.0,519.7549911572113,6
3136.0,28,14.553268928040596,28.0,539.3560575833164,6
3137.0,29,17.65321807190585,34.0,556.8339569545813,7
3138.0,30,18.78925654576545,40.0,574.2325017663173,7
3139.0,29,19.11033690078161,47.0,540.446090046078,7
3140.0,26,19.75730805511934,34.0,472.3222492933996,7
3141.0,26,20.313752495021397,23.0,443.6085031637102,7
3142.0,24,18.77075505426503,21.0,401.10885545407456,8
3143.0,24,18.369551707129926,28.0,375.2772694212927,8
3144.0,23,17.569679199721364,35.0,357.7686327000861,7
3145.0,29,12.277022467362874,42.0,373.8380281341408,13
3146.0,30,10.67254480296861,35.0,396.5860419114701,7
3147.0,31,9.220299573352216,21.0,421.00171148682875,5
3148.0,31,10.980028811686125,19.0,445.26303908052944,4
3149.0,32,13.19050105499251,26.0,467.8873068975108,8
3150.0,32,13.671677506914273,34.0,491.2024675047269,8
3151.0,32,15.083549988505705,45.0,513.643538646902,11
3152.0,31,14.856221715655968,58.0,506.836346698857,14
3153.0,31,14.708952144987641,46.0,497.02481224487326,13
3154.0,28,11.50106201908234,58.0,474.66984308817246,12
3155.0,26,9.52020431574462,72.0,442.7145050429388,14
3156.0,26,10.38464184300225,88.0,463.35982330816074,16
3157.0,32,5.008485252380152,105.0,440.7168629090508,25
3158.0,32,7.125522761114276,122.0,468.15741529028634,17
3159.0,29,6.060628018835977,94.0,456.0961389479865,15
3160.0,28,8.210303812009235,52.0,458.9600291391703,10
3161.0,28,12.040021024539454,43.0,480.2923938149266,8
3162.0,28,14.228839279268307,49.0,500.51814128849077,7
3163.0,29,16.7548707874286,56.0,519.130817015441,8
3164.0,30,20.059583742023854,64.0,536.5547037699175,9
3165.0,29,21.409908657805516,73.0,551.5548191138068,9
3166.0,22,14.12948114755848,43.0,423.77049845438995,8
3167.0,23,16.066902699419835,26.0,438.5033498469952,6
3168.0,22,15.84384832774255,22.0,370.23878839207964,5
3169.0,28,15.21609471385606,26.0,384.1009793232834,10
3170.0,28,16.231676594616225,30.0,364.9012251015176,5
3171.0,28,17.81152735363157,34.0,383.35909489602017,4
3172.0,28,16.933332724167816,26.0,402.25213889874675,5
3173.0,30,13.141528641338173,31.0,422.59673514293934,7
3174.0,30,10.758732980092686,9.0,446.2592692821354,5
3175.0,30,11.059929391488257,7.0,469.65481686593165,3
3176.0,30,12.622607064463741,13.0,492.06533944750834,6
3177.0,30,13.145988156585188,24.0,510.282156957817,12
3178.0,28,11.821116194897453,37.0,496.81862427960266,14
3179.0,28,14.517838315704678,50.0,516.8093083787898,13
3180.0,26,12.755001710100228,64.0,471.4625502764598,14
3181.0,33,9.702646475564366,68.0,491.3797408618586,19
3182.0,31,8.220720619921735,81.0,459.7038023742808,13
3183.0,32,9.63334606901875,95.0,484.64621974360745,15
3184.0,30,8.45401198348529,112.0,462.013186821294,17
3185.0,30,9.036666310606314,83.0,460.81348942099584,14
3186.0,30,10.253940336159404,61.0,484.72062294196786,11
3187.0,29,12.255318573647578,36.0,493.98100540183003,7
3188.0,29,13.89517461758718,44.0,501.2930428853292,9
3189.0,29,17.743196037761393,53.0,520.1060394873211,9
3190.0,28,17.806825514557744,63.0,530.9302613418979,11
3191.0,27,17.37793464874146,73.0,495.6719779888191,10
3192.0,24,14.354273569215492,84.0,456.7381310330056,11
3193.0,29,6.075967444332997,96.0,397.7805601396201,20
3194.0,28,6.121520524013489,62.0,377.56813841343114,9
3195.0,28,8.648441238770467,48.0,400.6592591631291,9
3196.0,27,12.040312269311038,45.0,385.7162864488114,8
3197.0,28,13.829530858615,53.0,404.9673779553984,9
3198.0,28,14.948754346815878,40.0,424.5352887053123,6
3199.0,29,15.410926879890345,47.0,443.46886097169187,8
3200.0,29,16.94012457952409,31.0,462.50638882593563,8
3201.0,30,17.228089109918358,32.0,481.14328566312497,9
3202.0,28,16.995515522548928,41.0,492.2368394675992,9
3203.0,28,18.38036325235532,51.0,510.0015683631615,10
3204.0,25,13.783897247740098,61.0,430.91069681059815,11
3205.0,32,10.888001188288088,72.0,448.8269952482947,18
3206.0,30,9.188616115707752,85.0,420.32525348247947,13
3207.0,30,9.197519101537402,83.0,444.59888965051795,13
3208.0,29,8.631070948122439,96.0,446.9827628207357,13
3209.0,29,7.5553963937577535,112.0,453.2254470396889,17
3210.0,29,6.033400583711883,129.0,478.6202497281799,17
3211.0,29,6.864659978179211,96.0,503.5712671300982,16
3212.0,29,9.294138728217057,72.0,527.1427985847291,16
3213.0,26,9.2273602875752,32.0,516.5018144515923,9
3214.0,27,11.884434819333139,35.0,536.0098921136273,9
3215.0,26,14.3964867955146,43.0,551.1936808681883,8
3216.0,27,17.501903067131664,52.0,567.6747057323678,10
3217.0,33,16.403526719777652,61.0,583.6644024671116,15
3218.0,31,15.978629617711201,70.0,504.5932889037299,9
3219.0,29,11.777076703981493,79.0,468.72272643471354,11
3220.0,27,10.761586468804484,65.0,406.9170694180184,8
3221.0,26,11.173361766040825,52.0,390.11174244770694,7
3222.0,27,12.144347874171968,48.0,409.6619729039175,7
3223.0,27,14.351192100378157,55.0,429.1218766202502,7
3224.0,29,15.994316617850801,35.0,447.13172488470684,8
3225.0,28,17.218848975415423,41.0,463.19208051868617,6
3226.0,27,17.349418103808837,21.0,478.4143015611073,5
3227.0,28,16.985381426162387,19.0,496.2038422533989,6
3228.0,28,18.208928344203084,26.0,514.3395953532324,7
3229.0,35,15.294024726577604,34.0,523.9364140835268,16
3230.0,30,13.705504684729968,44.0,427.13789624726286,10
3231.0,30,15.324200069692367,55.0,448.0954276646808,11
3232.0,28,13.336944412034171,67.0,410.1598150028318,12
3233.0,28,12.680780475852579,59.0,430.9699708727671,11
3234.0,26,9.406693901709202,73.0,408.0983465497011,14
3235.0,27,9.641255682031732,88.0,428.8934473294395,16
3236.0,27,10.85548356109003,104.0,450.02436243855806,16
3237.0,23,6.27210812203064,73.0,459.34192647421423,14
3238.0,23,8.822543802921627,49.0,478.21381203984936,11
3239.0,22,10.406179381804815,36.0,479.4838235085207,8
3240.0,22,11.821474140556099,27.0,477.90153365768083,6
3241.0,29,11.74186416687598,33.0,493.1007709524554,13
3242.0,29,16.016074589518777,41.0,512.8589755494247,8
3243.0,27,17.22156536677813,47.0,430.49010044493593,7
3244.0,27,19.260171308431072,54.0,447.2145300957191,7
3245.0,27,15.027419841328381,62.0,378.28391996654693,10
3246.0,26,12.40301258037764,42.0,386.8211868449533,5
3247.0,25,10.067128190303547,24.0,357.9933095332617,5
3248.0,25,13.404179013291111,11.0,376.31713550538404,4
3249.0,25,16.838892425917475,17.0,392.9257885840762,6
3250.0,25,15.881277206396003,24.0,400.4909318065315,9
3251.0,26,15.387337758027467,31.0,417.4880722955328,8
3252.0,26,14.683045875698,30.0,435.9224625311312,6
3253.0,32,11.659252343136027,21.0,454.4969828193361,12
3254.0,33,10.534728304727961,26.0,479.5254993730908,8
3255.0,34,11.994967096687692,33.0,504.3399888857517,8
3256.0,34,15.691460999243608,42.0,527.6592533709139,9
3257.0,35,18.234406026631056,53.0,548.8769305624112,12
3258.0,31,14.89733119352956,66.0,478.17370909522526,13
3259.0,31,15.80952922966712,54.0,499.3983822195717,11
3260.0,30,13.30821166317699,67.0,466.41283250107233,14
3261.0,29,12.145634613848332,82.0,484.69364181993296,15
3262.0,26,9.118223791511067,99.0,455.62367646669014,17
3263.0,26,9.996830157041298,117.0,476.3870132723937,18
3264.0,23,5.120669322425346,135.0,464.185310321535,18
3265.0,28,1.8519257994721026,100.0,447.90683577699286,21
3266.0,28,5.677633372590082,57.0,472.67659804867674,9
3267.0,28,10.593458881184977,27.0,494.65627615751225,6
3268.0,28,15.92634715178635,27.0,513.6397203753423,6
3269.0,28,20.077050725382357,33.0,530.2625466034643,6
3270.0,29,19.706622477355037,39.0,546.6973265599778,7
3271.0,28,17.76678389046895,46.0,460.1782498970019,8
3272.0,27,19.197487248865652,33.0,463.22168193891343,8
3273.0,25,17.61255001394375,23.0,375.82012249981017,8
3274.0,23,19.128674823570545,22.0,382.5628513469887,6
3275.0,22,17.385053510412167,28.0,324.8205588235843,7
3276.0,23,15.744857212411622,34.0,339.55061629023817,7
3277.0,29,12.325082767114226,41.0,355.4864217785144,13
3278.0,30,12.078006557372584,36.0,377.455966323419,8
3279.0,31,11.704617484816128,22.0,400.3951571110001,5
3280.0,31,12.502882496946299,24.0,423.8285932260988,5
3281.0,32,13.325070757128707,30.0,446.49724330439557,7
3282.0,33,13.217828066446286,37.0,469.97126276631576,8
3283.0,33,14.4626416948605,47.0,493.5653228315792,10
3284.0,31,15.05208112192785,58.0,486.9462536502773,11
3285.0,31,15.10728766337142,41.0,481.13139259998945,11
3286.0,29,11.981553127553102,53.0,464.82934874529974,13
3287.0,28,11.50326221199171,67.0,460.80505565472134,14
3288.0,27,11.049537399243127,82.0,455.45461968873616,15
3289.0,31,6.7600675016941,99.0,427.9718428925387,23
3290.0,31,8.940870474394082,117.0,453.48226373100664,18
3291.0,28,6.250982803262492,88.0,405.3568769744511,16
3292.0,27,8.238411203728818,45.0,418.9065493891901,9
3293.0,27,11.911010535611592,30.0,439.6659800386644,6
3294.0,27,14.894459315701832,31.0,458.8341918639961,6
3295.0,27,18.890523167014024,39.0,475.8326173220659,8
3296.0,29,21.048002122418104,47.0,490.881901159081,10
3297.0,28,22.515372899817038,55.0,458.6338802586259,8
3298.0,21,17.33631799425791,41.0,381.5790207869296,7
3299.0,22,20.390040730723523,27.0,393.90044242094757,6
3300.0,20,21.23543321828421,22.0,323.9322022748118,4
3301.0,27,16.111731821271594,26.0,335.31154139540473,11
3302.0,27,15.014890787714297,30.0,319.4625983535872,5
3303.0,27,14.642468551532396,34.0,338.57972290315416,4
3304.0,27,14.924860128423006,20.0,357.540960323805,4
3305.0,28,13.20457314029634,5.0,377.14784108945736,4
3306.0,29,10.659237517536798,6.0,399.039890466885,4
3307.0,30,11.322637524237825,10.0,421.41206816547634,5
3308.0,30,15.03823678924258,19.0,442.6441005412006,9
3309.0,31,17.622665522702835,30.0,462.0336972608814,12
3310.0,27,15.13560422372577,42.0,443.3223202506892,12
3311.0,25,12.952743339965087,55.0,406.680829144971,13
3312.0,26,12.104297008017483,58.0,425.44209810584044,12
3313.0,31,7.264154111733078,70.0,397.3529486328699,19
3314.0,31,8.687769895681374,83.0,423.0259184336895,13
3315.0,30,8.997817877166247,97.0,421.671704501001,14
3316.0,30,10.338527676308964,114.0,445.088466938798,17
3317.0,29,8.828991761727464,82.0,428.0128221770269,14
3318.0,28,9.864532948744715,36.0,439.82233152372396,8
3319.0,27,12.149929557148491,23.0,448.7086757210006,7
3320.0,27,16.76159491563746,27.0,466.4955955690447,8
3321.0,27,20.418753829672447,35.0,482.2519661628335,8
3322.0,26,18.685706379250217,43.0,485.8765034640929,10
3323.0,25,19.827456918821113,51.0,454.6558657433079,8
3324.0,21,15.172737059117281,59.0,378.67865862179576,8
3325.0,27,9.849988037246575,44.0,351.2193398790617,13
3326.0,26,11.397808585967473,30.0,334.40205190893613,4
3327.0,26,12.911176434945535,25.0,318.1984944845389,4
3328.0,27,16.593815938972536,29.0,335.16501470379694,5
3329.0,27,18.975823496981057,34.0,351.8358879101531,5
3330.0,27,18.949315870825178,18.0,368.54817348788333,4
3331.0,28,17.310869246957893,5.0,385.77095232719904,3
3332.0,29,16.115735994754683,6.0,404.2762738490987,5
3333.0,30,16.877452373144067,12.0,422.98356801629626,7
3334.0,30,19.149380154718987,20.0,441.23697661726266,8
3335.0,28,19.436504382625422,28.0,449.84877777821987,8
3336.0,25,16.474482029286918,39.0,398.4972847085781,11
3337.0,32,10.451309988246859,50.0,397.4949504554144,19
3338.0,30,9.175439805150097,49.0,379.4520893452549,11
3339.0,29,9.45055932118733,62.0,382.9272941769597,13
3340.0,28,10.33101525717972,76.0,390.0659880983293,14
3341.0,28,8.958662687972952,91.0,396.74808593703085,16
3342.0,29,6.781049859862879,107.0,420.9269004332109,17
3343.0,29,7.265804527828651,79.0,445.8641195600962,14
3344.0,27,7.404262158669157,34.0,442.05578256224527,8
3345.0,27,11.595884787462028,28.0,463.00290174584484,9
3346.0,25,12.777430094458499,35.0,474.6030815965279,8
3347.0,25,16.313185431942998,43.0,491.54228369396833,8
3348.0,27,18.182159960185896,51.0,506.82988428596,10
3349.0,33,17.264238766368543,59.0,522.5226104440482,14
3350.0,27,12.67975637310027,68.0,391.19239863723294,9
3351.0,27,11.970416186102472,52.0,368.47259639968394,8
3352.0,26,14.170225746675422,36.0,346.084283283173,5
3353.0,26,14.877503970935424,31.0,327.568688658712,5
3354.0,27,15.182509440801951,35.0,345.37164071219996,5
3355.0,27,15.68947249079098,41.0,363.9144104004352,6
3356.0,27,17.52222810123548,24.0,381.3562202451185,6
3357.0,28,17.12989042411435,10.0,398.71532603049315,6
3358.0,28,15.495125043091688,12.0,414.26461590419706,5
3359.0,28,15.926913680812016,17.0,433.37406824015756,5
3360.0,28,18.57959099504241,23.0,450.92239894764816,6
3361.0,35,17.285259028361818,31.0,466.6983583703806,15
3362.0,31,16.08182179936856,41.0,428.8469007986934,10
3363.0,29,13.63072066092726,51.0,377.6356110207643,11
3364.0,28,12.965816979138774,43.0,376.4318352295261,9
3365.0,28,11.203014601427075,54.0,377.39042080378914,12
3366.0,28,11.283909689671944,66.0,398.8695616752451,12
3367.0,26,10.414549045192567,80.0,390.83122270744974,14
3368.0,27,10.676310488879139,96.0,411.00252184370476,17
3369.0,27,9.858654470162657,70.0,428.02605579260904,15
3370.0,23,7.1519527120672945,30.0,421.88882635910005,8
3371.0,22,9.823918478888867,24.0,423.8859482611686,6
3372.0,22,13.669572378126373,30.0,439.7728269920417,6
3373.0,30,12.701557449607733,36.0,454.0550303150075,14
3374.0,30,17.515810279125702,42.0,473.3070366044309,6
3375.0,29,20.168661068701063,48.0,441.38234554752853,6
3376.0,25,18.011015280577887,54.0,371.692499813983,6
3377.0,24,14.631378598241465,35.0,305.61340879726964,5
3378.0,25,13.419153774879335,19.0,322.8582602703637,4
3379.0,24,14.5326299344661,12.0,302.782987364955,3
3380.0,24,18.298947190466237,18.0,317.6690579741086,6
3381.0,25,19.71754323456336,25.0,331.4706480360115,8
3382.0,23,18.2696224810979,32.0,339.40292958254,7
3383.0,23,17.907041691680355,20.0,353.7117162127961,5
3384.0,24,17.674659539901025,11.0,367.65382107947227,4
3385.0,31,14.57761622471857,14.0,382.1187767519044,10
3386.0,31,17.312311936869673,17.0,401.8692516878923,3
3387.0,30,19.493945606108806,21.0,393.2513071896287,4
3388.0,29,20.80111787446004,27.0,381.0274295092429,6
3389.0,31,18.43612860681294,34.0,397.8803201374781,9
3390.0,27,14.210012179917165,21.0,354.57146799751655,7
3391.0,27,15.032119802693574,29.0,373.07940327177937,8
3392.0,25,14.100416815367673,40.0,359.44928545486306,11
3393.0,24,11.410446990784525,52.0,362.9322817871895,13
3394.0,23,7.483568884919733,66.0,374.413792110454,15
3395.0,22,6.9421489614255325,80.0,388.5374297290143,14
3396.0,19,2.40115091325532,85.0,366.66885904833066,12
3397.0,26,2.976983141787143,55.0,384.1753957833748,17
3398.0,26,7.007495200869991,37.0,406.59769986861505,7
3399.0,27,10.979265871977514,34.0,426.70917321157884,7
3400.0,27,15.308756668163891,40.0,445.4936783354664,6
3401.0,28,18.180710372047777,46.0,462.4244962350051,7
3402.0,26,18.189372864359953,53.0,454.35136578600327,7
3403.0,25,19.768756908119393,35.0,414.905668948157,5
3404.0,25,20.760540261262012,19.0,378.9862536650067,5
3405.0,26,22.72386923051544,17.0,392.03626617298363,7
3406.0,22,19.20467702819081,23.0,312.80902344365114,6
3407.0,22,18.10332420764202,30.0,326.5049322161339,7
3408.0,21,14.683018670099933,37.0,306.6836724450101,7
3409.0,29,10.500012470176056,24.0,321.5328934572252,13
3410.0,29,12.13700688258666,12.0,343.469587469479,2
3411.0,29,14.167860218914308,14.0,364.0734303358565,2
3412.0,29,16.883990450956492,17.0,382.98479613691296,3
3413.0,30,19.279327984634165,24.0,400.01651226785964,8
3414.0,31,19.091202659805177,31.0,417.8207007951108,8
3415.0,29,17.208713813282856,39.0,389.28827444581003,8
3416.0,27,16.256816913601625,22.0,382.21048072685977,6
3417.0,26,13.351670132011671,32.0,365.45393092200305,11
3418.0,24,11.149558033116499,43.0,377.32414506010787,11
3419.0,23,10.68330273483277,55.0,382.2542541948608,12
3420.0,23,9.476362899613227,69.0,388.82709215632315,15
3421.0,29,6.7526989317969965,83.0,398.54504966848606,21
3422.0,25,3.4202421382480277,87.0,369.7450674426682,14
3423.0,25,6.8586975832877295,61.0,391.40817995548684,11
3424.0,25,11.556108224088023,41.0,410.735902407627,7
3425.0,27,13.45322217517814,39.0,428.6135052045028,8
3426.0,27,14.840129835950265,45.0,447.6464811954526,6
3427.0,27,17.623449982557933,52.0,465.1217823953794,7
3428.0,25,18.89808232650905,61.0,453.17472125245456,9
3429.0,25,20.81392377012927,44.0,414.54452581238127,8
3430.0,22,18.368572755456363,29.0,368.99442710672895,7
3431.0,22,21.566307275450235,25.0,381.2885866075109,5
3432.0,20,21.000107960000918,31.0,306.6275151505455,6
3433.0,27,15.135741522880334,37.0,318.40225322963903,13
3434.0,26,12.26353065550372,43.0,298.6272018448449,6
3435.0,27,12.02161365167427,27.0,317.8833611487529,5
3436.0,27,14.627448152052272,11.0,336.6952040245777,2
3437.0,28,16.211780304453637,13.0,354.3563353289107,3
3438.0,28,17.252282300196967,16.0,372.5222727139343,3
3439.0,28,18.483566565535348,22.0,390.0862855963353,6
3440.0,29,19.18407643231584,28.0,406.9092914938212,8
3441.0,28,16.414696756339872,39.0,391.64396681431407,12
3442.0,24,11.419679878650392,28.0,362.9770232998622,9
3443.0,23,10.135537939137276,38.0,368.45514811851757,10
3444.0,21,7.606207520810855,51.0,360.57581139263044,13
3445.0,29,5.445872769356725,64.0,378.12625472510564,21
3446.0,29,7.066247788366704,78.0,402.829734621079,14
3447.0,28,8.204173556275363,93.0,415.6411491865821,15
3448.0,25,6.894862367067633,92.0,396.76026216270776,14
3449.0,26,9.199542763062754,61.0,416.9516559886175,12
3450.0,27,10.873245998070026,43.0,436.94766066527615,8
3451.0,27,13.579708631792364,41.0,456.37688583657285,7
3452.0,27,17.65116508071125,49.0,473.5282024691611,8
3453.0,28,20.50445987449891,58.0,488.6532320426414,10
3454.0,23,17.606577793939202,67.0,474.7508993101663,9
3455.0,22,20.206675401546686,51.0,472.4763494146799,7
3456.0,21,20.260199368593508,34.0,382.61111289311805,6
3457.0,28,17.71220968793852,29.0,393.70806073940525,11
3458.0,26,18.72597687914768,34.0,322.2221891319351,5
3459.0,26,19.50936163686928,39.0,338.1729409875012,5
3460.0,25,18.375844817534826,44.0,316.5170112335098,5
3461.0,27,13.900877465900619,50.0,334.11365754648824,8
3462.0,27,10.402686533513739,8.0,355.43416832655225,3
3463.0,27,10.491933798051544,1.0,376.53166911937325,1
3464.0,27,12.34016142124563,3.0,396.50885630556945,2
3465.0,28,14.48000658379025,12.0,414.973209194651,10
3466.0,28,15.922168584305986,22.0,429.1697187718639,11
3467.0,27,16.75709814987035,32.0,443.84343254159967,10
3468.0,25,15.416806979722962,43.0,425.2803544793634,11
3469.0,30,9.322667896151529,45.0,393.72109060725234,17
3470.0,29,9.283236976677147,56.0,399.519710032255,11
3471.0,29,9.035069171791799,68.0,400.77172056293625,13
3472.0,29,11.03177215238923,82.0,422.95272264327906,14
3473.0,29,10.214754046762273,97.0,429.23582558665635,16
3474.0,28,7.909910056302453,114.0,442.8039445228905,17
3475.0,26,7.054882546626211,68.0,440.9521723717645,13
3476.0,27,9.164823096058905,50.0,461.7381468558004,10
3477.0,28,11.195098923279222,49.0,482.2296099336466,9
3478.0,26,12.694050364727335,58.0,496.09736928940816,9
3479.0,26,16.823158894739446,67.0,513.3547886788639,9
3480.0,25,18.51047220088496,77.0,523.3936710185498,10
3481.0,30,10.669243128929322,87.0,459.44832925595745,18
3482.0,28,10.902095103831817,55.0,410.69398196109773,7
3483.0,28,15.31683344100783,41.0,430.0940395742567,6
3484.0,26,17.700982311432302,35.0,357.1916160511332,5
3485.0,26,18.854966734215196,40.0,332.75091172188803,6
3486.0,27,16.177517081879813,45.0,349.38395476839526,6
3487.0,27,13.435782866604503,51.0,368.74298738470793,6
3488.0,27,14.303706583600402,10.0,387.72223548601244,5
3489.0,28,14.444148677782422,6.0,406.31885720227524,4
3490.0,28,15.910699679288932,12.0,425.0084754663596,6
3491.0,28,17.44419482039638,19.0,442.730946011816,7
3492.0,28,17.80844636060076,27.0,431.89715435144075,9
3493.0,35,16.678405372378986,37.0,447.39430202096634,17
3494.0,29,11.92642844036962,47.0,371.2965268155681,10
3495.0,29,13.547192530583446,42.0,391.9682544469959,9
3496.0,27,12.41376968646623,51.0,379.3435144092735,9
3497.0,29,11.245700025042545,61.0,399.53443674676254,12
3498.0,28,10.082236744589718,73.0,413.6753012881648,12
3499.0,28,11.227240569394711,87.0,435.09620753250937,14
3500.0,27,11.27772631930883,104.0,446.0838959709341,17
3501.0,24,7.516213901189491,51.0,429.6996823044622,13
3502.0,23,7.110884531995968,32.0,442.2716745134228,9
3503.0,23,10.410323286472787,28.0,460.2124696869011,6
3504.0,23,14.986112913270643,34.0,475.9360636413114,6
3505.0,30,14.904765954330243,41.0,489.50141991194454,14
3506.0,30,19.378270017866146,48.0,507.323230522194,7
3507.0,27,16.972608487209058,55.0,466.3797765013963,8
3508.0,25,18.347475741289824,40.0,379.7153823229723,5
3509.0,26,20.899290761717346,24.0,393.416102478419,4
3510.0,24,19.704905463142197,18.0,319.8262449468211,3
3511.0,23,20.026837637249663,21.0,294.355044588173,3
3512.0,24,19.80618471984709,27.0,307.3973317542897,7
3513.0,25,17.80331424148893,34.0,322.1826493227582,8
3514.0,23,12.992816913647092,17.0,332.68933753436136,6
3515.0,23,11.551427568478813,15.0,350.0190655924916,4
3516.0,23,12.653396416808631,10.0,366.7850893872032,2
3517.0,31,10.818556277166644,15.0,382.63742088402694,13
3518.0,31,14.483630686913079,21.0,404.1207533042395,6
3519.0,30,16.544498055698007,28.0,402.0975504325946,7
3520.0,29,17.74544712067867,36.0,396.6907154415631,8
3521.0,29,16.46658663165263,25.0,399.2625867491008,8
3522.0,27,12.648344247591467,34.0,376.2503052093313,10
3523.0,26,12.476699283694646,44.0,386.2822316830476,10
3524.0,25,12.73280056866602,56.0,392.2534626717189,12
3525.0,25,11.342958471879319,71.0,407.2819173518276,16
3526.0,22,6.909318219583214,86.0,416.8440687846942,15
3527.0,21,4.709554889554193,102.0,420.0150340457195,16
3528.0,21,1.0235054542846913,118.0,422.17051050554187,17
3529.0,28,1.9183848034061106,78.0,442.0640957091719,18
3530.0,28,6.364381975346517,62.0,466.37495327325894,10
3531.0,28,10.949033747736209,59.0,488.01318365250864,8
3532.0,28,15.572628217947331,67.0,506.9679116687519,8
3533.0,30,17.005358156545345,75.0,524.3917903689486,10
3534.0,30,18.61293218773404,41.0,542.7462572083256,5
3535.0,27,18.206665317224125,24.0,478.6763981945409,5
3536.0,26,20.183095037930563,12.0,439.24288131263995,4
3537.0,26,20.32998726062132,18.0,409.8044689553344,7
3538.0,25,18.82797703690424,24.0,374.26498002578944,7
3539.0,24,18.349214526025474,30.0,385.3998216087656,6
3540.0,23,15.482520273300409,37.0,360.087216922245,7
3541.0,30,9.212510850570307,44.0,377.5229568147073,14
3542.0,30,8.922827527405264,18.0,402.210980864455,4
3543.0,31,9.47815000333452,17.0,426.29689225983475,4
3544.0,31,13.229774872563434,22.0,448.9202669810908,5
3545.0,32,15.826584083903716,29.0,469.5751007048085,8
3546.0,32,16.980786839991474,37.0,490.557449313089,8
3547.0,32,18.265991320451217,23.0,510.7504082021665,8
3548.0,30,15.53137111386274,34.0,480.8452540800856,12
3549.0,29,13.061450827630775,46.0,467.0452386495176,13
3550.0,27,11.065005102943203,59.0,470.3746101432231,13
3551.0,26,11.705686849653969,73.0,461.3665458881325,14
3552.0,23,8.554243934267594,89.0,447.1306051994788,16
3553.0,29,3.273551550940165,106.0,429.70881291709713,25
3554.0,28,3.219806750514413,123.0,444.38119626326045,17
3555.0,28,6.063323172614435,82.0,468.861454727121,12
3556.0,28,9.662356482592665,66.0,491.23837368395147,9
3557.0,29,12.393354225160708,54.0,511.7226793639663,8
3558.0,30,13.217057284205007,62.0,532.4964308599889,9
3559.0,30,15.134402888312868,71.0,553.1960960501744,9
3560.0,30,18.18289095131871,31.0,571.9798331557683,7
3561.0,28,17.042101736253425,19.0,510.6188338401548,7
3562.0,25,16.047808218747218,21.0,466.38274504742014,6
3563.0,25,18.473804711144645,27.0,482.1307599351796,6
3564.0,24,18.835729240777948,33.0,403.2905558671824,7
3565.0,30,15.417722423208875,40.0,380.54039374053247,14
3566.0,29,13.634449669384077,47.0,358.4950075945369,7
3567.0,29,11.90887340797202,54.0,380.59324296813026,7
3568.0,29,12.38209879252206,22.0,402.3409541407429,5
3569.0,31,11.942993223845919,22.0,423.87523651927046,6
3570.0,31,12.020139696868814,28.0,447.4689060846483,6
3571.0,31,14.006348155899518,38.0,469.86096207825085,10
3572.0,31,16.481172962501365,50.0,490.77408361965007,12
3573.0,32,18.82424647143999,36.0,509.7641420315443,12
3574.0,27,13.054409314346804,47.0,427.453926597413,12
3575.0,27,13.701580620796246,58.0,446.7785069922318,11
3576.0,25,12.255356649925718,71.0,415.0967461250283,13
3577.0,32,9.772558035064652,85.0,433.36233189943323,21
3578.0,29,7.1881050097343016,100.0,412.77463369838324,15
3579.0,27,4.710480263881372,116.0,390.6613158697811,17
3580.0,27,5.9968355404949545,133.0,414.32813513510115,17
3581.0,28,7.806621259130397,82.0,436.80299459519034,14
3582.0,28,10.560948586273017,63.0,458.72139992743325,10
3583.0,28,13.806555341936983,60.0,478.77071562723023,8
3584.0,29,16.399414315686975,68.0,497.00548136899704,9
3585.0,29,17.60201138662161,78.0,511.24009156342026,11
3586.0,26,16.7577236723043,34.0,519.1691783111618,7
3587.0,26,18.982558249824905,22.0,534.9355304799726,5
3588.0,22,18.016101418307848,19.0,417.43013012954816,4
3589.0,29,13.562826451044259,23.0,387.05549408330796,12
3590.0,28,16.0580589184334,27.0,365.9422487797999,4
3591.0,27,18.37324368999278,32.0,347.41957450606304,5
3592.0,27,19.632739423160327,38.0,363.5426641585911,6
3593.0,28,14.937470507773595,44.0,381.86530223789407,7
3594.0,29,9.884610626146435,9.0,403.85174904368523,5
3595.0,29,8.548555578980663,8.0,427.6346411907485,3
3596.0,29,11.115228069179006,16.0,449.86487537542297,8
3597.0,30,13.400617294807432,27.0,470.4489764588713,12
3598.0,29,15.081881589628908,38.0,486.75002660763744,11
3599.0,29,15.977857020138428,50.0,502.2367841630207,13
3600.0,27,15.056215004879245,62.0,468.1232613064016,12
3601.0,25,12.754676437137904,64.0,437.64824606446854,11
3602.0,24,10.692251096591631,76.0,429.0084279539237,12
3603.0,23,8.468658134792365,90.0,422.02026286472585,14
3604.0,21,5.932487397279252,105.0,402.4977784610947,15
3605.0,21,6.004651341535491,120.0,421.0069314149695,15
3606.0,21,6.471933091555654,136.0,439.3374072875241,16
3607.0,18,2.447588688108851,77.0,414.1358651090816,12
3608.0,18,5.989511244412828,50.0,430.0046350780602,8
3609.0,18,10.35432564252301,47.0,444.3376985973459,7
3610.0,18,14.701681517160331,54.0,457.13019595035473,7
3611.0,18,18.658001147495604,61.0,468.5119935211961,7
3612.0,18,21.06947652099172,68.0,479.02765713783157,7
3613.0,14,14.233520178510858,75.0,351.013931456866,7
3614.0,14,15.973830777216733,37.0,360.5195621607454,5
3615.0,12,15.065246926025115,18.0,286.92406457398533,2
3616.0,12,20.559163992803384,10.0,294.0429380214879,1
3617.0,11,21.84925410498444,11.0,264.8812433986653,1
3618.0,11,24.97629312697718,12.0,270.48775519435503,1
3619.0,11,25.464244039498638,13.0,275.99502364238725,1
3620.0,11,29.525287636318318,0.0,280.59499365723104,0
3621.0,11,32.91210632191866,0.0,284.4580439866356,0
3622.0,11,37.95208613868835,0.0,287.24763654933867,0
3623.0,10,39.76098736894664,0.0,250.6262161415894,0
3624.0,8,41.342262791992724,0.0,188.55515740886517,0
3625.0,8,43.931995412745195,0.0,189.53323845399427,0
3626.0,5,45.95659379119418,0.0,107.62481911032683,0
3627.0,3,47.051322971487316,0.0,65.32522478380766,0
3628.0,1,47.798923070593034,0.0,21.49255687129672,0
3629.0,1,48.2394305389321,0.0,21.545275416206447,0
3630.0,1,47.6769830618652,0.0,21.60903878603503,0
3631.0,1,50.669662919402356,0.0,21.614034668387177,0
3632.0,1,47.50007005569921,0.0,21.681272092698432,0
3633.0,0,0.0,0.0,0.0,0
