time_s,vehicles_in_network,mean_speed_km_h,mean_waiting_time_s,mean_time_loss_s,stopped_vehicles
1.0,8,0.0,0.0,0.0,8
2.0,8,6.856683418516769,0.0,0.861166335562577,0
3.0,8,13.351194327652923,0.0,1.5901211873440995,0
4.0,8,21.20763059471268,0.0,2.1595665313323558,0
5.0,9,22.14344240223523,0.0,2.356759554784432,1
6.0,9,15.30806448066533,0.0,3.044116758588417,0
7.0,10,10.757029887548642,0.0,3.422120118024332,1
8.0,10,12.69268970974962,0.4,4.162641626188153,4
9.0,11,12.431719789401773,0.9090909090909091,4.437398549835486,7
10.0,11,14.36567751691492,1.4545454545454546,5.139961764741268,6
11.0,11,16.59492761893546,2.0,5.795647135311557,6
12.0,12,16.08227234098145,2.3333333333333335,5.8947126217284485,7
13.0,19,11.056873878623394,1.7894736842105263,4.125675099670734,13
14.0,19,14.655863559352454,2.1052631578947367,4.823584735243469,6
15.0,19,18.041089924994978,2.4210526315789473,5.452689935161374,6
16.0,18,19.32112641529784,2.888888888888889,6.18233770964481,6
17.0,20,18.601620105682148,2.9,6.080162564753549,8
18.0,19,14.3635674561906,3.3684210526315788,6.925536466930885,6
19.0,19,13.507811099707908,3.789473684210526,7.654551681104631,8
20.0,19,14.753970328564213,4.2631578947368425,8.360579645255255,9
21.0,19,13.20317148076892,4.894736842105263,8.886276958975186,13
22.0,20,13.357911089545173,5.25,9.13175897333056,13
23.0,20,15.100120004919836,5.85,9.837963333972517,12
24.0,20,16.462916318703176,6.45,10.517742171888077,12
25.0,25,9.74599266272931,5.64,8.638317133310919,19
26.0,25,12.453810540243532,6.12,9.395925242502852,12
27.0,26,14.344030993193881,6.346153846153846,9.712467068507925,13
28.0,24,14.23249638890252,7.375,10.932166093746483,12
29.0,25,12.006085753287982,7.56,11.21785447906347,13
30.0,25,11.14389393353713,8.08,12.000839569901114,13
31.0,24,9.983429810548412,9.0,13.155437056207234,14
32.0,25,9.874632787624632,9.32,13.394856922585593,18
33.0,25,8.785099146083006,10.0,14.030816491181207,18
34.0,25,10.03854965168859,10.72,14.836781445137548,18
35.0,25,10.79947063494888,11.44,15.628976941854912,18
36.0,25,11.728597198263593,12.16,16.404219979304006,18
37.0,32,8.26992522322575,10.0625,13.296712325109524,26
38.0,31,9.2962573602086,10.96774193548387,14.435191005125962,18
39.0,31,11.517691350850667,11.548387096774194,15.216274896686132,18
40.0,31,12.794793148342595,12.129032258064516,15.973247330885203,18
41.0,31,9.41112459539471,12.709677419354838,16.647903681196844,19
42.0,30,5.3060098686681165,13.766666666666667,18.007358876436392,19
43.0,31,3.6586877011002445,14.129032258064516,18.327208694986123,26
44.0,30,4.60690491107182,3.1333333333333333,19.714524398248404,13
45.0,31,9.19534779231669,0.16129032258064516,19.85953591738197,4
46.0,31,14.429125423374076,0.2903225806451613,20.564243781596186,4
47.0,31,19.980422413846174,0.41935483870967744,21.154140123742003,4
48.0,32,24.277950530175715,0.53125,20.963013670702253,5
49.0,39,23.650365035116067,0.5641025641025641,17.534814595704894,12
50.0,28,20.925569189245266,1.0,10.141571077000014,6
51.0,27,23.445436900566307,1.2962962962962963,9.857455588516782,7
52.0,18,16.35621694045068,2.3333333333333335,7.404949905399257,7
53.0,17,10.771906371947262,2.8823529411764706,6.1065207964257535,9
54.0,17,13.771847219282519,3.2941176470588234,6.8137745068491595,7
55.0,17,15.727238753562453,3.764705882352941,7.48098444980048,8
56.0,17,17.32890451022274,4.294117647058823,8.117536559330814,9
57.0,18,15.950331783389876,4.555555555555555,8.275204457224156,10
58.0,13,0.8019782067084527,7.0,10.959714865709278,10
59.0,13,1.3639720499892773,7.769230769230769,11.931626139899329,10
60.0,13,2.374498635580263,8.615384615384615,12.88195965633636,11
61.0,20,0.8808850386268811,6.15,9.004009355475478,18
62.0,20,2.9346802921661066,6.7,9.947461828897378,11
63.0,21,4.48985261490065,6.9523809523809526,10.33928435955969,13
64.0,21,6.739633986410368,7.523809523809524,11.208647844117444,12
65.0,21,9.435103018694939,8.19047619047619,12.024904736699105,14
66.0,21,11.284850022608389,8.857142857142858,12.805268020372766,14
67.0,21,12.630934757977062,9.523809523809524,13.560514051091063,14
68.0,22,13.482470705449716,9.727272727272727,13.637473058266465,15
69.0,19,7.67352467793723,12.0,16.18128268163909,14
70.0,16,0.21176568512834412,15.1875,19.60611410104921,15
71.0,16,0.012704584046053622,16.1875,20.605837559632707,16
72.0,16,2.6618854036824886,7.1875,21.55512439744885,10
73.0,22,4.778064821652776,2.272727272727273,16.31230423075229,12
74.0,22,10.521215958321013,0.6363636363636364,17.107657579333235,2
75.0,22,17.06951319883274,0.0,17.77348344120194,0
76.0,22,23.634976564443264,0.0,18.30989049750788,0
77.0,24,25.79223129794372,0.0,17.194720796726656,2
78.0,24,27.277449193962507,0.0,17.661360716294208,0
79.0,23,28.99746627530493,0.043478260869565216,17.37170914764992,1
80.0,25,29.216697101966034,0.2,16.330322152817914,6
81.0,24,30.968125214970296,0.4166666666666667,15.838847225824011,5
82.0,24,32.40808260357771,0.6666666666666666,16.196060712992708,6
83.0,25,31.7949777373993,0.88,15.876897030872376,7
84.0,26,31.9319253783873,1.0769230769230769,15.592047474613889,7
85.0,28,23.528488709836953,1.2142857142857142,10.040185180116154,12
86.0,28,23.44246313295627,1.4285714285714286,9.579148456873932,7
87.0,25,23.17268099774533,1.84,8.18094013677239,6
88.0,24,24.51738654542015,2.1666666666666665,8.024198184295697,6
89.0,25,23.701086046856144,2.32,7.362351244888357,8
90.0,22,18.674638397581887,2.909090909090909,6.739973597627256,6
91.0,22,17.735508387378307,3.1818181818181817,7.37951405923302,6
92.0,22,16.521205989588594,3.5454545454545454,7.550325175601935,9
93.0,21,16.027976119750356,4.285714285714286,8.394739726847735,12
94.0,21,15.217565739228041,4.857142857142857,8.893120878156841,13
95.0,22,16.04410093262737,5.181818181818182,9.126260937390482,13
96.0,21,15.917493584672513,6.0,10.110421532994483,12
97.0,26,11.839615547455324,5.3076923076923075,8.57220612192602,18
98.0,26,14.411284110906138,5.769230769230769,9.290918295214361,12
99.0,26,12.480132812530597,6.230769230769231,9.674880038910217,14
100.0,26,14.895766016641124,6.6923076923076925,10.378964534410478,12
101.0,26,13.550255681965716,7.153846153846154,11.112895156120471,12
102.0,26,11.029153196804188,7.615384615384615,11.705081721001866,13
103.0,26,11.75976009980435,8.153846153846153,12.476267248340479,14
104.0,27,12.15902506557274,8.481481481481481,12.74015981240349,18
105.0,27,11.291011243383144,9.148148148148149,13.360471900689575,19
106.0,26,11.483816773368574,10.192307692307692,14.493987559499487,18
107.0,26,12.259749922206096,10.884615384615385,15.25624446065268,18
108.0,26,11.314987671956459,11.576923076923077,15.845268485354357,19
109.0,33,9.747382843617926,9.666666666666666,13.082574233561157,25
110.0,32,10.349867029214122,10.53125,14.175082461345875,18
111.0,32,10.874815778295055,11.09375,14.792629850637393,19
112.0,32,12.94591366903869,11.65625,15.537857390771205,18
113.0,33,10.77771768135842,11.848484848484848,15.824247832519642,19
114.0,32,6.480264198868602,12.84375,17.078079567153026,20
115.0,32,5.983583352561859,2.4375,17.819569823943727,10
116.0,32,9.295761586300417,0.0625,18.63153807543647,2
117.0,33,13.05053795231087,0.15151515151515152,18.772002280265212,4
118.0,33,17.887158431333766,0.24242424242424243,19.411046995816292,3
119.0,33,22.76613771490718,0.36363636363636365,19.9519891718245,4
120.0,34,26.805589949175623,0.5588235294117647,19.794881803377795,8
121.0,31,18.587349029471895,0.8387096774193549,10.316186407853996,14
122.0,29,20.109755194704718,1.1379310344827587,9.075021157577678,7
123.0,19,11.026333056980475,2.1578947368421053,7.659285053454049,8
124.0,17,9.941006355795396,2.9411764705882355,6.9298380879320645,9
125.0,19,9.707043385038546,3.1052631578947367,6.9038832971177895,11
126.0,19,12.670802462285252,3.6315789473684212,7.654785829695437,10
127.0,19,15.258413067600102,4.2105263157894735,8.355051819247326,11
128.0,19,16.75349836668422,4.7894736842105265,9.026540624078061,11
129.0,17,8.99577485491989,6.0,10.318178097119922,12
130.0,15,0.8124259827594412,7.6,11.985303218888358,13
131.0,15,0.6528432178376664,8.4,12.972836812969707,12
132.0,15,1.0345142902062945,9.266666666666667,13.953300364580327,13
133.0,21,0.6580966620610262,7.285714285714286,10.668518441577268,20
134.0,21,1.9297247543458944,7.9523809523809526,11.630022199677201,14
135.0,22,3.78092978795045,8.227272727272727,11.980161078384976,15
136.0,22,6.018292858419779,8.909090909090908,12.859005896190375,15
137.0,22,8.37397887033161,9.590909090909092,13.690244747043248,15
138.0,22,10.247808286719431,10.272727272727273,14.484012898560358,15
139.0,22,11.493132025987714,11.0,15.255033445153988,16
140.0,23,12.126523221383142,11.217391304347826,15.307714835783983,17
141.0,22,11.143954112408181,12.454545454545455,16.648093119327225,16
142.0,17,0.05409065087083789,17.058823529411764,21.591693463574455,16
143.0,17,3.427996827134626,7.647058823529412,22.520480110830018,10
144.0,17,7.796915393374453,3.6470588235294117,23.360475333182244,6
145.0,23,9.681053317700993,0.6956521739130435,17.808764184270416,8
146.0,23,15.650466098514048,0.0,18.49424487210167,0
147.0,24,21.67182845133482,0.0,18.249762485979968,1
148.0,25,27.342298672497844,0.0,17.93808303711859,1
149.0,24,31.03100479438953,0.0,17.697743852416753,0
150.0,24,29.149769000596656,0.0,16.67347165889641,1
151.0,25,29.01170355133282,0.0,16.399192256455002,1
152.0,24,30.389849719454713,0.08333333333333333,15.999349969006554,2
153.0,25,30.085437242878168,0.28,15.732532030030713,6
154.0,25,31.701736299964043,0.52,16.114699408320362,6
155.0,25,32.15143966487101,0.76,16.488486802964818,6
156.0,24,28.656340755331446,1.0416666666666667,13.326000927020154,8
157.0,30,24.425227138376478,1.0333333333333334,10.992563230221986,12
158.0,27,24.720994894254595,1.3703703703703705,9.680281630470802,6
159.0,25,23.87784838804079,1.72,7.870063478011665,7
160.0,24,26.405573691321496,2.0416666666666665,7.954606793867384,6
161.0,22,22.230447115620596,2.5,6.841130626970092,7
162.0,21,15.857184584218263,2.9047619047619047,6.621210346961722,7
163.0,21,16.840574690511524,3.238095238095238,7.290832243951183,7
164.0,20,16.30300158021135,3.9,8.151774814985716,10
165.0,20,14.25404518534944,4.45,8.666466319678786,12
166.0,20,12.134772887047752,5.0,9.154255801214735,12
167.0,20,13.547079468449077,5.6,9.879039316817405,12
168.0,20,15.078969250799465,6.2,10.571146315360442,12
169.0,26,10.285552890006654,5.230769230769231,8.509302620691194,19
170.0,26,13.274981883380057,5.6923076923076925,9.238296634274677,12
171.0,27,15.17825335294608,5.925925925925926,9.550041321958906,13
172.0,26,13.398380360478004,6.615384615384615,10.299957708882392,13
173.0,26,11.266866691125507,7.076923076923077,11.066237039638649,12
174.0,26,11.364284528169533,7.576923076923077,11.8317773142419,13
175.0,27,11.424735296172726,7.851851851851852,12.122007941106908,16
176.0,27,10.01777953574716,8.518518518518519,12.723045892311157,19
177.0,27,11.568304313449621,9.185185185185185,13.482036261492285,18
178.0,28,11.917559477654668,9.5,13.717865301328052,19
179.0,27,12.294858340748533,10.518518518518519,14.855453890624778,18
180.0,27,13.209672278453791,11.185185185185185,15.59361448596927,18
181.0,34,9.884979405254551,9.411764705882353,12.807226651172277,26
182.0,34,12.499142273372625,9.941176470588236,13.562065239641015,18
183.0,33,10.514988890462813,10.787878787878787,14.494896246943604,19
184.0,33,10.200549711201639,11.333333333333334,15.29504233489858,18
185.0,32,5.892773117724224,12.28125,16.517748758545345,19
186.0,33,5.715085393768492,2.3333333333333335,16.87318266214302,13
187.0,33,7.966768351019977,0.2727272727272727,17.579852561342744,5
188.0,33,12.69969745719966,0.3939393939393939,18.329334308456627,4
189.0,34,17.266670869700288,0.5588235294117647,18.42050836113046,7
190.0,34,22.41103268312318,0.7647058823529411,18.978821043695618,7
191.0,34,27.217009262930876,0.9705882352941176,19.442256998031265,7
192.0,24,22.759099189520164,1.6666666666666667,11.490122829510929,8
193.0,29,17.280921526869058,1.6206896551724137,8.217734103066345,14
194.0,19,5.877818927769688,2.8947368421052633,6.957805569178383,8
195.0,18,6.2292211737999015,3.5555555555555554,7.087360227762061,9
196.0,18,8.698103753585924,4.111111111111111,7.911321605610955,10
197.0,20,8.559928591939995,4.2,7.8450983958824185,12
198.0,20,11.035610328832075,4.8,8.618336602524234,12
199.0,20,13.479969397507856,5.4,9.340677709401003,12
200.0,20,14.69961892948397,6.0,10.038663671897918,12
201.0,20,14.926489562373005,6.65,10.733219920328214,13
202.0,15,0.31361671076157976,9.733333333333333,13.963188295606011,14
203.0,15,0.5267599157816976,10.666666666666666,14.953530359742748,14
204.0,15,0.8849145736468662,11.6,15.937379069237341,14
205.0,21,0.7144357677761658,8.952380952380953,12.085088231185363,20
206.0,21,1.8670864747182083,9.619047619047619,13.044879759937823,14
207.0,22,3.584564949504562,9.863636363636363,13.329476570553725,16
208.0,22,5.736458730968796,10.545454545454545,14.206534929955785,15
209.0,22,7.87404990808204,11.227272727272727,15.0377855466866,15
210.0,22,9.918388352290469,11.909090909090908,15.825173892937558,15
211.0,22,11.349087568459327,12.590909090909092,16.581618541513,15
212.0,23,11.02771155826509,12.73913043478261,16.582023324126858,17
213.0,22,10.339347975821727,14.045454545454545,17.991485748565616,16
214.0,18,5.212407116127152,7.555555555555555,22.17012433343833,9
215.0,17,7.371559100569563,3.8823529411764706,24.138118669299633,5
216.0,17,12.683512681499538,1.0,24.888653438494735,2
217.0,23,13.845708168059815,0.0,18.863717624257077,6
218.0,24,19.49987450688515,0.0,18.65327376916611,1
219.0,25,25.000467158451734,0.04,18.3758612052419,2
220.0,24,30.1194403719761,0.0,18.02486985736802,0
221.0,24,33.98216945449846,0.0,18.35509812926886,0
222.0,25,32.160305731626075,0.0,17.94774973130002,1
223.0,25,30.106570368495852,0.04,16.81702938771828,2
224.0,24,30.92547950983231,0.16666666666666666,16.449983766668723,3
225.0,25,30.43387786637932,0.4,16.150532351074094,7
226.0,24,31.80474302767884,0.6666666666666666,15.694024533854,6
227.0,22,31.002275617455922,1.0,14.746083670595327,6
228.0,22,27.73483305457944,1.2727272727272727,12.07159162291925,8
229.0,27,21.725573233275398,1.2592592592592593,9.028380369837429,12
230.0,24,21.60070479686191,1.6666666666666667,7.61470824082581,6
231.0,24,22.68463588500769,1.9166666666666667,7.064915034024189,7
232.0,22,23.53283559991326,2.3636363636363638,6.887063111570089,6
233.0,22,22.583617232305492,2.6363636363636362,6.3344419216482155,7
234.0,22,18.055508684275576,2.909090909090909,6.51015626180056,7
235.0,22,17.94992878574517,3.1818181818181817,7.160561699870673,6
236.0,20,15.919167992196346,3.85,8.124746651168762,7
237.0,21,16.326941317648256,4.190476190476191,8.378155329082173,12
238.0,20,13.173438433766249,5.0,9.092236635568904,13
239.0,20,14.386734538795288,5.6,9.810252755517745,12
240.0,21,14.920185716524312,5.904761904761905,10.002211808678792,13
241.0,27,12.802968655524484,5.037037037037037,8.305943673787109,18
242.0,27,14.983069182199907,5.481481481481482,9.011867859209154,12
243.0,27,13.545254395950689,5.925925925925926,9.40510485146269,14
244.0,26,14.694693237548535,6.615384615384615,10.289615771355423,12
245.0,26,13.143884321942137,7.076923076923077,11.030934436667657,12
246.0,26,10.890390803858237,7.538461538461538,11.646558556451883,13
247.0,26,11.715169744089156,8.192307692307692,12.41338381703843,17
248.0,27,12.388733866580393,8.555555555555555,12.670039541710306,19
249.0,27,11.457605780574557,9.222222222222221,13.268619205142754,19
250.0,26,11.115612811335655,10.26923076923077,14.430384332833695,18
251.0,26,11.770409002564447,10.961538461538462,15.196701859244639,18
252.0,26,9.785015769623092,11.653846153846153,15.802864344623684,19
253.0,33,8.590842619932712,9.727272727272727,13.061733909063136,25
254.0,34,9.67476081065441,9.970588235294118,13.45045893784852,19
255.0,33,9.291757828492933,10.818181818181818,14.572745948220865,18
256.0,33,9.614998432645345,11.363636363636363,15.379919983614013,18
257.0,33,8.135545476419686,2.0,16.065985003704593,8
258.0,35,10.111456559614279,0.08571428571428572,15.891217132336191,4
259.0,34,13.490505517879702,0.17647058823529413,16.976021513141553,3
260.0,34,18.429530162801623,0.29411764705882354,17.61221071990419,4
261.0,35,22.816858426642252,0.4857142857142857,17.630334303436193,8
262.0,34,26.647712250681717,0.7058823529411765,17.7911355958715,7
263.0,24,22.48304306566848,1.3333333333333333,10.90550729367043,8
264.0,23,22.257851964802423,1.7391304347826086,10.44717505744978,9
265.0,19,0.6705604433268111,2.5789473684210527,5.616248157229519,16
266.0,19,3.4541121429022885,3.1578947368421053,6.541811385982089,11
267.0,19,5.825514284557306,3.736842105263158,7.414895651930423,11
268.0,19,7.589943712889717,4.315789473684211,8.247926752369796,11
269.0,20,8.540249044466957,4.7,8.593370985233387,13
270.0,20,10.405409409319976,5.35,9.360428174081251,13
271.0,20,12.291350385795262,6.0,10.087161939957301,13
272.0,20,13.428328613097909,6.65,10.790111640091009,13
273.0,19,11.58261935677028,7.684210526315789,11.954646267216367,13
274.0,16,2.3270363824836338,9.9375,14.269641445802751,14
275.0,15,0.5853439157410696,11.466666666666667,16.06288605414014,13
276.0,15,0.8836949897950723,12.333333333333334,17.039589175044714,13
277.0,21,0.6792222500198168,9.476190476190476,12.867428870773264,20
278.0,21,2.1468495281836244,10.142857142857142,13.8236706894103,14
279.0,22,3.838291560308095,10.318181818181818,14.072074718939653,15
280.0,22,5.913715816213409,11.0,14.952760527089778,15
281.0,22,8.000995757488559,11.681818181818182,15.791105593514926,15
282.0,22,7.063782543632775,12.363636363636363,16.649001733027045,15
283.0,22,5.997448994953009,13.090909090909092,17.528418495756206,16
284.0,23,6.174537408738528,13.26086956521739,17.598769179872832,18
285.0,22,6.673393028163235,6.5,19.122471377738687,11
286.0,20,5.831729549523749,4.0,21.625332202207296,8
287.0,20,9.736754088801407,1.55,22.43263244914714,5
288.0,20,15.147227547565072,0.7,23.13018545014445,3
289.0,26,15.932014974133955,0.6538461538461539,18.242531536147375,9
290.0,28,20.386805644082536,0.7142857142857143,17.458989079451253,5
291.0,28,25.93988561521391,0.8214285714285714,17.936124914444946,3
292.0,27,30.009965073809155,0.9629629629629629,17.70116734868247,3
293.0,28,31.227736892380243,1.0357142857142858,17.410993233824946,4
294.0,29,28.697300322402757,1.103448275862069,17.206345063599716,4
295.0,28,28.20494444779241,1.2857142857142858,16.97507282824147,4
296.0,27,27.893733605002588,1.5925925925925926,16.735316556698056,7
297.0,27,26.593101409870094,1.9259259259259258,15.941246028809488,10
298.0,24,24.247073211714593,2.5416666666666665,14.349559905789677,9
299.0,23,23.70610892544844,3.0434782608695654,14.449184963337183,9
300.0,23,20.881657944289678,3.4347826086956523,12.762021520704598,11
301.0,28,16.505870958316066,3.142857142857143,9.754548288734897,15
302.0,26,16.82881282909477,3.730769230769231,9.634712746283093,9
303.0,26,17.01186220741108,4.076923076923077,9.021865458059777,10
304.0,26,20.166330847515447,4.423076923076923,9.621618632995212,9
305.0,25,17.556320759403746,4.96,8.98989165722091,10
306.0,25,14.925370902656566,5.32,9.396891917706219,10
307.0,24,13.330978628351259,5.958333333333333,10.113758623863971,10
308.0,24,14.772035993314216,6.541666666666667,10.82550127738211,14
309.0,24,13.407584415761034,7.166666666666667,11.281230028642932,16
310.0,24,12.061202119403527,7.791666666666667,11.808039460205999,16
311.0,24,13.262814120777842,8.416666666666666,12.548491958538946,15
312.0,24,12.615461888596636,9.041666666666666,13.08191005297291,16
313.0,30,11.267384118092492,7.733333333333333,11.050711767605533,21
314.0,29,12.381579409088909,8.517241379310345,11.99430880977283,15
315.0,31,13.83158384486637,8.451612903225806,11.889750640748959,17
316.0,29,13.411993635586006,9.551724137931034,13.131872566793959,15
317.0,29,12.156103793152848,10.068965517241379,13.887486795389725,15
318.0,30,11.076097177021767,10.233333333333333,14.164850237459516,16
319.0,30,11.645770893677772,10.833333333333334,14.924650476614124,18
320.0,29,9.208801393829813,11.89655172413793,15.987475107502934,21
321.0,30,9.904727584024807,12.2,16.215847057572866,22
322.0,29,9.387905414522772,13.344827586206897,17.4489249151974,21
323.0,29,10.017840022690223,14.068965517241379,18.24004868405223,21
324.0,30,10.285320015226091,14.3,18.384796968553626,22
325.0,35,6.377099528055912,12.857142857142858,16.226134572074347,28
326.0,36,6.802643438474077,13.083333333333334,16.603837170968834,22
327.0,36,6.640456065434361,13.694444444444445,17.46361245340252,22
328.0,36,8.133521837609418,3.4166666666666665,18.295874537357395,11
329.0,36,9.417261487993821,0.2222222222222222,18.978157136453895,6
330.0,38,11.704555191416334,0.2631578947368421,18.69400319810986,6
331.0,38,16.043052116221695,0.3684210526315789,19.375976222941762,4
332.0,38,21.33483967690639,0.5526315789473685,19.953926605469814,7
333.0,39,25.303590219012207,0.7435897435897436,19.916690133178037,9
334.0,31,22.664250520928295,1.1935483870967742,14.465782274005738,9
335.0,27,23.178078699948944,1.7037037037037037,11.673832143500398,9
336.0,21,15.689665356591478,2.6666666666666665,10.345042544937614,11
337.0,23,6.775186951989005,2.9565217391304346,6.3961923453860114,18
338.0,20,2.6788262152801,4.05,7.178273855212945,13
339.0,20,5.220823979480242,4.7,8.069258456188614,13
340.0,20,6.928179834500214,5.35,8.924349825013618,13
341.0,21,7.8918117316929495,5.714285714285714,9.28507951145631,14
342.0,21,10.169260980287888,6.380952380952381,10.070926947003068,14
343.0,21,12.291857585522772,7.0476190476190474,10.811816476061532,14
344.0,21,13.383499700022092,7.714285714285714,11.532898985448249,14
345.0,20,10.90475094495637,8.8,12.70207195974458,14
346.0,17,2.1893657010865217,11.176470588235293,15.099168280726087,15
347.0,16,0.4154867539759816,12.8125,16.8495855867883,15
348.0,16,0.952486746449424,13.75,17.830611900850826,15
349.0,22,0.6172976896076189,10.681818181818182,13.682697490526607,21
350.0,22,2.0375201748110077,11.363636363636363,14.641416795430978,15
351.0,23,3.673889878326837,11.565217391304348,14.886711172530447,17
352.0,23,5.678692490582384,12.26086956521739,15.77253033359615,16
353.0,23,5.849888528673148,12.956521739130435,16.655327433593072,16
354.0,23,2.7270435689170287,13.652173913043478,17.602124222377924,16
355.0,23,0.3555115967852245,14.478260869565217,18.595238348745546,19
356.0,23,2.43084006632423,7.217391304347826,19.54441063527361,15
357.0,23,5.498850860762772,4.260869565217392,20.43082036804145,12
358.0,23,9.324014160099079,1.9130434782608696,21.23992983283265,8
359.0,23,14.474308519677223,1.0869565217391304,21.946064646704475,6
360.0,24,18.865198245976735,1.2916666666666667,21.60941141691974,7
361.0,31,17.97938926015518,1.1935483870967742,17.142899555658847,13
362.0,30,21.506100711315362,1.4333333333333333,17.137718466936462,6
363.0,29,25.094934247046528,1.6896551724137931,17.147772985644387,6
364.0,31,26.372878852102488,1.7741935483870968,16.461286126896645,8
365.0,30,27.828837915827204,2.033333333333333,16.320690634219922,6
366.0,30,27.08400476798766,2.2333333333333334,16.79687037855872,6
367.0,32,25.66869341524174,2.28125,16.19014866518657,8
368.0,32,26.11043475495621,2.53125,16.685865946183466,8
369.0,28,23.558442672387518,3.2857142857142856,14.742323601692783,11
370.0,29,24.116190165131698,3.586206896551724,14.732856253272697,13
371.0,25,21.323633393319245,4.64,13.12034600847326,12
372.0,26,21.56474578980779,4.923076923076923,13.156398103023426,13
373.0,29,13.516602531922096,4.827586206896552,9.057796970535325,19
374.0,29,16.507696609654417,5.241379310344827,9.72760921178122,12
375.0,27,16.162436900880877,6.074074074074074,9.538385609996684,12
376.0,27,15.546979599172646,6.518518518518518,9.998988065518539,13
377.0,27,12.033985748438557,6.962962962962963,10.5418730201965,13
378.0,27,12.007491969272419,7.407407407407407,11.284310705390826,12
379.0,28,12.032988274785405,7.678571428571429,11.590663926504575,16
380.0,27,11.539951279527955,8.592592592592593,12.660345639115745,17
381.0,26,11.436957774932184,9.615384615384615,13.796550967383082,18
382.0,28,10.988026691215536,9.571428571428571,13.516037189719308,20
383.0,28,12.478036242231015,10.214285714285714,14.265723771649508,18
384.0,26,11.546058857978622,11.692307692307692,15.882216478173085,18
385.0,33,9.931559859604663,9.757575757575758,13.110909585788502,25
386.0,33,11.85808170866074,10.303030303030303,13.885233728667716,18
387.0,33,12.522338712724807,10.848484848484848,14.525503147848623,19
388.0,34,13.752048820314862,11.058823529411764,14.813542648268905,19
389.0,33,11.876935016740713,11.93939393939394,15.935968882987577,18
390.0,33,11.394039210466893,12.515151515151516,16.725768150766957,19
391.0,32,9.443265828358072,13.5625,17.811935400379394,22
392.0,33,10.228352232752995,13.878787878787879,18.05614132995658,25
393.0,32,9.81332495754463,15.0625,19.284741227145247,24
394.0,32,9.008907727497968,15.8125,19.961011184950692,25
395.0,32,9.727355515109407,16.5625,20.777026799960097,24
396.0,32,7.198939526327387,17.3125,21.489837341431496,25
397.0,38,3.7113621789724927,15.210526315789474,18.734775984922784,31
398.0,38,3.903376986625903,15.842105263157896,19.6548245514787,24
399.0,39,6.026156830659194,4.461538461538462,19.99909438239636,13
400.0,40,7.314596315287135,0.05,20.323090894354248,3
401.0,40,11.472460828141429,0.15,21.088419962901217,4
402.0,41,15.671713265001943,0.2926829268292683,21.23117845880087,7
403.0,42,20.204125646831667,0.4523809523809524,21.29462912306313,8
404.0,43,23.823481702162162,0.627906976744186,21.29789117094008,9
405.0,33,22.943986901399608,1.0909090909090908,14.80644035308095,9
406.0,31,24.54920156998559,1.4838709677419355,13.395418646793907,10
407.0,21,15.952192667683784,2.6666666666666665,9.664901779417352,10
408.0,20,13.302593952139048,3.35,8.497062381281177,12
409.0,23,5.665397334407675,3.4347826086956523,7.147575884273045,18
410.0,20,2.8232371265304406,4.6,8.192378577413985,13
411.0,20,5.232179485663287,5.25,9.090981339443482,13
412.0,20,7.128155559561137,5.9,9.952632840956468,13
413.0,21,8.26977338660611,6.238095238095238,10.26988594026847,14
414.0,21,10.374248056603104,6.857142857142857,11.068497211151467,13
415.0,21,12.47455038943942,7.476190476190476,11.82630955153935,13
416.0,21,13.947118432979304,8.142857142857142,12.55641408882946,14
417.0,20,12.125679717933165,9.25,13.771094680950577,14
418.0,16,0.02345027977555496,12.4375,17.138054996258486,15
419.0,16,0.4010044103315873,13.375,18.129909915544268,15
420.0,16,0.7322732324355232,14.3125,19.115007807878683,15
421.0,22,0.6186987452572926,11.090909090909092,14.616504884789919,21
422.0,22,2.022215429739979,11.772727272727273,15.578062472846712,15
423.0,23,3.477771772482679,11.91304347826087,15.791720185884394,16
424.0,23,5.355976893484911,12.565217391304348,16.690862597226204,15
425.0,23,6.271226644626611,13.26086956521739,17.57318367174913,16
426.0,23,2.753732708323355,14.0,18.522072824307344,17
427.0,23,2.6737900371657926,6.782608695652174,19.46722052326574,12
428.0,23,5.232699259220705,3.6956521739130435,20.3585375418058,9
429.0,23,9.204749512903193,1.5217391304347827,21.167597215603976,6
430.0,23,13.682570024836902,0.6521739130434783,21.88454962309432,6
431.0,23,18.723561569946177,0.9130434782608695,22.498140096507083,6
432.0,25,21.624003056057578,1.08,21.172377499750816,8
433.0,30,19.788581099773992,1.1,16.83971368025404,12
434.0,29,22.552222913905865,1.3448275862068966,16.7307776713008,6
435.0,31,24.277834532156653,1.4516129032258065,16.08582687667193,8
436.0,31,27.178733252048875,1.6451612903225807,16.52720944416728,6
437.0,30,28.11491458033367,1.9,16.30578818180928,6
438.0,32,25.296573291528446,1.96875,15.705916490015234,8
439.0,32,24.87365013010621,2.1875,16.198212734008816,7
440.0,30,24.282841198998216,2.6333333333333333,15.49891310516426,9
441.0,29,22.708007343893357,3.103448275862069,14.320229370039064,12
442.0,27,22.56184408447121,3.7777777777777777,13.747112369007402,12
443.0,24,20.411697643811333,4.75,12.886044960281737,12
444.0,25,18.727817577640785,5.04,11.80293884451115,14
445.0,29,14.563693615193554,4.758620689655173,9.11444074259576,18
446.0,28,15.59543080899565,5.357142857142857,9.738840079299754,12
447.0,29,16.50960365156596,5.586206896551724,10.047394011856698,13
448.0,28,18.00811469440584,6.214285714285714,10.023388727864686,12
449.0,27,14.407354694825445,6.888888888888889,10.724526229193671,13
450.0,28,13.508212627235258,7.071428571428571,11.050497985577223,13
451.0,26,11.691523020270454,8.23076923076923,12.410503255685027,16
452.0,26,12.850566269311885,8.923076923076923,13.169108637372021,18
453.0,25,9.86373231477544,10.0,14.166241675023011,19
454.0,26,10.663603507228435,10.307692307692308,14.374012010768284,19
455.0,25,9.747153665176114,11.44,15.625967629937035,18
456.0,26,10.290774267031628,11.692307692307692,15.780232503666143,19
457.0,32,8.947461418930724,10.0625,13.45639251754982,24
458.0,32,11.173585271852202,10.625,14.235247633118277,18
459.0,33,11.050706858141226,10.848484848484848,14.401938502321556,20
460.0,32,11.314224868110491,11.75,15.51180197473901,18
461.0,32,10.06850733214488,12.3125,16.312929084293334,18
462.0,33,10.367932500698675,12.484848484848484,16.58635984731927,19
463.0,32,9.619931403086758,13.4375,17.816723071066978,18
464.0,33,10.199918495477222,13.727272727272727,18.05148225682265,24
465.0,33,9.33961246470587,14.424242424242424,18.7424023164075,24
466.0,33,10.142959742936478,15.151515151515152,19.549434194131948,24
467.0,33,9.767835572725263,15.878787878787879,20.363034331193308,24
468.0,32,5.753238966788683,17.125,21.607672041600036,25
469.0,38,2.925273414640493,15.052631578947368,18.848527169384212,31
470.0,38,6.1714024711047175,4.184210526315789,19.732161202342247,13
471.0,38,9.279045509714743,0.10526315789473684,20.419555051428283,4
472.0,39,12.483200120957424,0.20512820512820512,20.62564943834259,5
473.0,39,17.539140430110766,0.3333333333333333,21.27888746287559,5
474.0,41,21.412242537472125,0.4634146341463415,20.764501106207547,8
475.0,42,25.3804134710714,0.5952380952380952,20.737528087090496,7
476.0,32,23.620078666059456,1.0,13.697832211523318,7
477.0,30,25.436143221356474,1.3333333333333333,12.593556253666058,8
478.0,20,18.842390908286657,2.45,8.200210806663943,9
479.0,18,16.04982074185042,3.2222222222222223,8.065364498568256,9
480.0,13,0.2050754748879595,5.230769230769231,9.607766742134656,11
481.0,19,0.5081506031854338,4.157894736842105,7.247596411401804,17
482.0,19,2.9721089018676263,4.7894736842105265,8.185149121830927,12
483.0,19,5.502151328714862,5.421052631578948,9.068784892503801,12
484.0,19,7.6416945847210185,6.052631578947368,9.90591072789763,12
485.0,20,8.673752650285966,6.35,10.175281717981992,13
486.0,20,11.176433644348748,7.0,10.93635620416493,13
487.0,20,12.697475738707272,7.65,11.66996659306226,13
488.0,20,13.7314241094277,8.3,12.382623809780743,13
489.0,19,11.813181433043159,9.421052631578947,13.616697057349006,13
490.0,16,2.346303605602947,12.0,16.26947879581738,14
491.0,15,0.4610007639657414,13.733333333333333,18.182675134005464,14
492.0,15,0.9404758243949607,14.666666666666666,19.16713764742112,14
493.0,21,0.7164085688444177,11.142857142857142,14.39326324152988,20
494.0,21,2.1651114949605934,11.80952380952381,15.349367219660731,14
495.0,22,3.96887241008529,11.954545454545455,15.525229967073608,16
496.0,22,6.149316273044562,12.636363636363637,16.40006789413725,15
497.0,22,6.0303030544704,13.318181818181818,17.276858949710242,15
498.0,22,4.218653432185327,6.681818181818182,18.19232370585452,9
499.0,22,5.248201589483162,3.5454545454545454,19.08815956645374,7
500.0,22,9.20784691794215,1.2272727272727273,19.90408582906641,5
501.0,22,13.8114850455737,0.4090909090909091,20.629170158843657,5
502.0,22,18.94073782460789,0.6818181818181818,21.252623935529737,6
503.0,24,21.919615995934667,0.875,19.962254652236368,8
504.0,24,26.40231224646475,1.125,20.43913343883443,6
505.0,30,23.62264080730313,1.1,16.685993283140075,12
506.0,32,25.311492351697446,1.21875,16.08285011645916,8
507.0,31,26.545643014204295,1.4516129032258065,15.869394212297506,6
508.0,30,28.503078280810332,1.7,15.650743638525789,6
509.0,30,29.514503959543234,1.9,16.067802420265153,6
510.0,31,24.969010578105856,2.032258064516129,15.002486525484821,8
511.0,30,23.298181475608462,2.3666666666666667,14.916714945320647,8
512.0,28,22.662926956431217,2.892857142857143,14.02529608473353,10
513.0,27,20.72388364045927,3.4444444444444446,13.049688047389495,13
514.0,26,21.40372312407047,4.038461538461538,13.139455762131092,12
515.0,24,18.739289242860526,4.875,12.295125623909778,13
516.0,23,17.05801393407484,5.608695652173913,10.888846178721872,13
517.0,27,12.455584821241787,5.222222222222222,8.295211974485209,18
518.0,28,14.417118891711887,5.464285714285714,8.678789065472115,13
519.0,26,14.133879765627354,6.346153846153846,9.75562472642897,12
520.0,26,16.1180821029577,6.8076923076923075,10.43939488612807,12
521.0,28,13.5298147203541,6.75,10.355319432028708,14
522.0,27,11.841729002860975,7.481481481481482,11.38463129735879,13
523.0,26,11.343279321713915,8.423076923076923,12.433929333724572,17
524.0,26,12.04331006114616,9.115384615384615,13.199387470020017,18
525.0,26,10.228887031850338,9.807692307692308,13.82070785881904,19
526.0,27,10.835698283654144,10.11111111111111,14.059331910180228,19
527.0,27,11.994169175460335,10.777777777777779,14.823672571619394,18
528.0,27,12.088952407886936,11.444444444444445,15.41542308302896,19
529.0,33,10.890150922388115,9.909090909090908,13.22287606870009,24
530.0,31,10.239763777286582,11.129032258064516,14.65837844590421,18
531.0,33,11.767636661986984,11.0,14.484992945637078,20
532.0,32,12.079269281970532,11.90625,15.557380553429262,18
533.0,32,11.02270396415135,12.46875,16.345973828760883,18
534.0,32,9.311066395986359,13.03125,17.001458783590465,19
535.0,32,9.766525323816836,13.65625,17.814223459938766,20
536.0,32,8.822784733198668,14.375,18.497067990591905,24
537.0,33,9.412383751221771,14.666666666666666,18.724620307099404,25
538.0,32,9.11824134377555,15.875,19.991439909324164,24
539.0,33,8.230869344078581,16.12121212121212,20.197493918922966,25
540.0,32,5.359161799658732,17.375,21.607309068759758,24
541.0,38,4.477835686116186,3.973684210526316,18.842363567790112,19
542.0,39,8.329966441152129,0.05128205128205128,19.165380680673454,3
543.0,40,12.933383568257565,0.125,19.400977026575667,4
544.0,40,17.16820355075786,0.275,20.058108438442094,6
545.0,40,22.191130319225042,0.425,20.616656585539427,6
546.0,41,24.45783015060572,0.5609756097560976,19.40402499469396,8
547.0,34,22.678482626938347,0.8823529411764706,14.294466256677138,8
548.0,31,24.8172317489754,1.1935483870967742,11.84769863893845,7
549.0,21,17.806998442462376,2.238095238095238,8.309190460160806,10
550.0,18,13.610714963214864,3.1666666666666665,7.773289249646869,10
551.0,15,3.183037546036878,4.466666666666667,9.018855688677819,11
552.0,14,0.5963005778881484,5.642857142857143,10.318243868960282,12
553.0,20,0.7303386140401541,4.6,7.909598718106578,19
554.0,20,3.1854086560902974,5.25,8.847896530228962,13
555.0,20,5.267590713434862,5.9,9.744451001267842,13
556.0,20,6.357121882961389,6.55,10.617620731200688,13
557.0,21,8.016703690543988,6.904761904761905,10.903989331778712,15
558.0,21,10.385073377396553,7.571428571428571,11.697160510984945,14
559.0,21,12.579867858261807,8.238095238095237,12.447644746553925,14
560.0,21,14.085231586268272,8.904761904761905,13.16852852119119,14
561.0,19,9.977539314241636,10.578947368421053,15.068452256111168,14
562.0,16,0.0087451836113905,13.5,17.988843107279187,16
563.0,16,0.49081521069296696,14.4375,18.97870483816476,15
564.0,16,0.8444481459167982,15.375,19.961248167242555,15
565.0,22,0.68129026006466,11.863636363636363,15.230458090399535,21
566.0,22,1.7145936373208115,12.545454545454545,16.19431188450933,15
567.0,23,3.4738257494135536,12.695652173913043,16.37339909854442,17
568.0,23,5.78022015489247,13.391304347826088,17.25260054415919,16
569.0,23,8.358664369938113,6.173913043478261,18.079327597397672,9
570.0,23,7.949455175004395,3.130434782608696,18.920907233811448,5
571.0,23,9.34339915600322,0.9565217391304348,19.73896897690647,3
572.0,23,13.997038572307986,0.2608695652173913,20.46329836420836,5
573.0,23,19.066404755850588,0.5217391304347826,21.0872951916674,6
574.0,25,21.801780534836812,0.72,19.891461754692536,8
575.0,24,25.104860014027903,1.0,19.802937422695713,6
576.0,24,28.70264759753386,1.25,20.243846415009113,6
577.0,32,23.39114025499892,1.125,15.479773794443107,14
578.0,32,26.803517713540643,1.3125,15.959747777743013,6
579.0,30,27.895193271309108,1.6,15.146387883263062,6
580.0,31,29.411029114966627,1.7419354838709677,15.056116790148492,7
581.0,30,30.272720873880097,2.0,14.748123186453755,6
582.0,28,24.977452716674044,2.357142857142857,12.870914793063692,7
583.0,29,23.441620891239996,2.4827586206896552,12.932760145608306,7
584.0,27,21.74152491224991,3.074074074074074,12.712698275148265,11
585.0,24,19.414632118250026,3.9583333333333335,11.630555905619431,12
586.0,24,19.21243538858627,4.458333333333333,11.738185726748862,13
587.0,23,16.850062197021597,5.173913043478261,10.980913794870302,13
588.0,23,18.75110886896077,5.695652173913044,11.593047537876524,12
589.0,29,13.526035485289729,4.931034482758621,8.619857786608488,19
590.0,27,14.258153464413102,5.7407407407407405,8.84952399902865,12
591.0,26,15.169628504047601,6.423076923076923,9.72179962535834,12
592.0,27,16.528985374089086,6.62962962962963,9.989929041151543,13
593.0,26,11.471120260045039,7.346153846153846,10.83073601761207,13
594.0,26,11.358241593646907,7.8076923076923075,11.597249916920541,12
595.0,27,11.43147216953452,8.148148148148149,11.895240240966498,18
596.0,26,10.85965438228734,9.115384615384615,12.996327460191111,17
597.0,26,11.404583702687368,9.807692307692308,13.759916157702882,18
598.0,28,11.287509279199584,9.75,13.47137350234851,20
599.0,28,12.591022455596184,10.392857142857142,14.209038213532734,18
600.0,27,12.228754292238186,11.444444444444445,15.370447728913918,18
601.0,33,9.468223731235694,9.909090909090908,13.078082541112687,25
602.0,31,9.277417031333231,11.129032258064516,14.497691885642755,18
603.0,32,11.28050285990427,11.34375,14.781033827316595,19
604.0,33,12.620839176520533,11.545454545454545,15.043651060793318,19
605.0,32,9.952258529996083,12.46875,16.190803857663468,18
606.0,32,9.625423363725123,13.0625,16.990961399001826,19
607.0,33,9.7788677001747,13.272727272727273,17.241565068591218,21
608.0,33,8.995343884693492,14.0,17.910297036623408,25
609.0,34,8.63972600550179,14.294117647058824,18.17240013440938,25
610.0,33,6.207197576568423,15.454545454545455,19.4683776138579,24
611.0,32,3.683293819347858,16.6875,20.896847601233667,24
612.0,33,4.525247860133804,4.2727272727272725,21.139096534285304,15
613.0,40,6.579807505929842,0.125,18.129513497138888,10
614.0,41,10.872205927479003,0.24390243902439024,18.439468461775967,6
615.0,41,16.08090910964463,0.3902439024390244,19.109281225370538,6
616.0,41,20.892246554570015,0.5609756097560976,19.681220577353855,7
617.0,42,25.320794180195843,0.7380952380952381,19.670607126860823,9
618.0,35,23.211516621485995,1.1142857142857143,13.263125980945723,10
619.0,32,24.051308995478227,1.5,11.262545206511573,9
620.0,22,17.31500183020024,2.6363636363636362,7.548585897765463,10
621.0,20,15.728368046087603,3.45,7.663595160651829,11
622.0,14,1.2928493563038668,5.785714285714286,10.44730659842208,12
623.0,15,0.14882582638768635,6.266666666666667,10.68121622381642,14
624.0,15,0.3484053074927785,7.2,11.673741806431229,14
625.0,21,0.6257725342923847,5.809523809523809,9.039198592948042,20
626.0,21,2.854839070534253,6.476190476190476,9.98304606293461,14
627.0,21,4.741888921947832,7.142857142857143,10.89263103026527,14
628.0,21,6.382496828906722,7.809523809523809,11.773716548888544,14
629.0,22,7.707252926674141,8.090909090909092,12.050205498631884,15
630.0,22,9.789257286395525,8.772727272727273,12.869258755651634,15
631.0,22,12.164062643791725,9.454545454545455,13.644055420680298,15
632.0,22,13.809931489193394,10.136363636363637,14.388519264770595,15
633.0,19,8.12659519894263,12.526315789473685,16.985008590155246,15
634.0,17,0.0013333500161853424,14.941176470588236,19.303860857907686,17
635.0,17,0.44730002642248273,15.882352941176471,20.29490386799721,16
636.0,17,0.8569057023101299,16.823529411764707,21.27774178345628,16
637.0,23,0.4511487219772037,13.130434782608695,16.457121293039933,22
638.0,23,1.9073560926610087,13.826086956521738,17.417219817635424,16
639.0,24,3.578117612074654,13.916666666666666,17.574708767175924,17
640.0,24,8.1894176847895,5.791666666666667,18.402579312164015,8
641.0,24,11.249643137021547,2.875,19.167420646239233,5
642.0,24,12.293605811095278,0.9166666666666666,19.911903399413028,2
643.0,24,14.529266108810278,0.041666666666666664,20.610281502851425,1
644.0,25,19.218724855158754,0.16,20.347975149394166,4
645.0,26,23.01489020773574,0.38461538461538464,20.052332470311228,7
646.0,25,25.804657220370142,0.68,19.945295114137213,7
647.0,24,27.888879276057718,0.9166666666666666,19.732491698886648,6
648.0,25,28.78164629854624,1.12,19.31891685583527,7
649.0,31,23.42476879503975,1.096774193548387,14.734016630070377,13
650.0,30,25.727097382722242,1.3333333333333333,14.592332086849526,6
651.0,31,27.617147707116796,1.4838709677419355,14.53313953551104,7
652.0,31,29.899514580950008,1.6774193548387097,14.932305731289492,6
653.0,28,29.44300960258603,2.0714285714285716,13.29568855999445,6
654.0,29,24.699334891728547,2.206896551724138,12.32733706570969,8
655.0,26,21.615506820704628,2.769230769230769,10.915558029258701,8
656.0,25,21.601781242799323,3.36,11.152611035722757,12
657.0,22,16.25312688825219,4.363636363636363,9.41131986475345,13
658.0,22,17.66212520404353,4.909090909090909,10.055060897388516,12
659.0,22,16.902802527294764,5.454545454545454,9.401508526436713,13
660.0,22,15.975544451550318,6.0,9.691546750273362,13
661.0,27,12.203085093739203,5.333333333333333,8.286563946264268,18
662.0,26,13.642266097966042,6.0,9.145930433363649,12
663.0,27,15.516691720518764,6.222222222222222,9.460840294952662,13
664.0,26,16.167063961057114,6.923076923076923,10.368221773303368,12
665.0,26,12.294675869959317,7.384615384615385,10.958692545960933,13
666.0,26,10.289122376741954,7.961538461538462,11.575091881517226,16
667.0,26,11.441874491980055,8.653846153846153,12.34836214286906,18
668.0,26,12.29112131745858,9.346153846153847,13.104621948943391,18
669.0,27,12.4226249163662,9.666666666666666,13.335984545091712,19
670.0,27,11.048265300161235,10.333333333333334,13.962580429653531,19
671.0,26,10.801720603896227,11.423076923076923,15.155619836343838,18
672.0,27,11.400853220761245,11.666666666666666,15.335939502519775,19
673.0,32,9.217947945164775,10.40625,13.459236475064017,24
674.0,31,9.565773957406908,11.32258064516129,14.574956202880152,18
675.0,33,10.685574150246076,11.181818181818182,14.420911780400743,20
676.0,33,13.073932031859599,11.727272727272727,15.164764791062547,18
677.0,32,10.969439090463906,12.65625,16.310165268549195,18
678.0,33,10.289822144427594,12.848484848484848,16.588965010881616,20
679.0,32,9.237174443307026,13.90625,17.800945008695304,21
680.0,32,7.096088496232819,14.65625,18.54407810754248,25
681.0,33,5.202043450552,14.93939393939394,18.85209016536852,25
682.0,32,2.879326201873905,16.1875,20.27578321737109,25
683.0,32,5.043285081674798,4.25,21.176471033873632,14
684.0,33,8.74767055939411,0.18181818181818182,21.32786823586903,4
685.0,41,10.660890171272964,0.2682926829268293,17.756076502333055,13
686.0,41,15.607882917815429,0.4146341463414634,18.440053559376345,6
687.0,41,20.892381991336915,0.5609756097560976,19.016097799587783,6
688.0,42,25.50392669819414,0.7142857142857143,19.020499645407398,8
689.0,32,22.164359065065906,1.1875,11.386494710858505,9
690.0,32,24.150279217271073,1.5,10.780472477974113,11
691.0,22,16.868859879634797,2.6363636363636362,7.962573483310904,10
692.0,20,14.221698656504334,3.45,7.562734373594203,11
693.0,20,14.443293518195535,4.05,8.258059407602337,12
694.0,14,1.0958345082868093,6.714285714285714,11.4966768735775,13
695.0,15,0.3231143457283027,7.133333333333334,11.657086073554126,14
696.0,15,0.6110784564196896,8.0,12.645181913351548,13
697.0,21,0.6973883986057463,6.380952380952381,9.733019706022825,20
698.0,21,2.388143743505305,7.0476190476190474,10.684704887915435,14
699.0,21,4.09924527154938,7.714285714285714,11.601046661688569,14
700.0,21,5.843067522797183,8.380952380952381,12.481815690333795,14
701.0,22,7.454745852517817,8.681818181818182,12.717478353719573,16
702.0,22,9.809206460967305,9.363636363636363,13.519238688879199,15
703.0,22,12.23209103019978,10.045454545454545,14.273504156390267,15
704.0,22,12.760591143688004,10.727272727272727,15.017799122591542,15
705.0,21,11.057189682561193,11.952380952380953,16.377157592787594,15
706.0,17,0.006086479224024135,15.705882352941176,20.20074446421019,17
707.0,17,0.3292855777536039,16.647058823529413,21.1937440003257,16
708.0,17,0.22288424042696153,17.58823529411765,22.189005253439927,16
709.0,23,0.02002840057974101,13.695652173913043,17.139273704863434,22
710.0,23,1.6846609260232719,14.434782608695652,18.10674388972708,17
711.0,23,5.834089724991924,6.913043478260869,18.99341520521858,10
712.0,23,10.72224317981852,3.652173913043478,19.785010975884127,6
713.0,23,16.35138869814752,1.0434782608695652,20.466534792006204,2
714.0,23,17.63291098453955,0.0,21.12536394167798,0
715.0,23,20.295746645139516,0.043478260869565216,21.73521833284725,1
716.0,25,22.932845844242642,0.24,20.476141228729446,7
717.0,23,25.210038164285073,0.5217391304347826,19.68982269329773,6
718.0,23,28.923304339059623,0.782608695652174,20.135509856965836,6
719.0,25,29.262864963948967,0.96,18.882745692213643,8
720.0,25,31.558124614538556,1.2,19.27600242071233,6
721.0,30,25.89875080700551,1.2,15.115586216276506,12
722.0,32,26.322316031814797,1.3125,14.596374270815796,8
723.0,30,26.69791104619618,1.6,13.676957745465101,6
724.0,28,28.17336057726332,1.9285714285714286,12.69408039314819,6
725.0,28,27.733560360147493,2.142857142857143,12.054318462541389,7
726.0,26,22.215082468738302,2.5384615384615383,10.274538035823554,7
727.0,25,20.94653140918786,2.88,10.205604135085604,6
728.0,23,16.9240839382959,3.5652173913043477,8.838620039408209,11
729.0,22,17.002000388427458,4.2727272727272725,8.583480644070749,12
730.0,21,17.037837992933113,5.0476190476190474,9.131200725395823,12
731.0,23,16.553614168305483,5.130434782608695,8.929614736992404,14
732.0,22,16.594792955458608,5.909090909090909,9.79159187191103,12
733.0,27,12.427188342391768,5.2592592592592595,8.368084132237657,18
734.0,28,14.33722038576882,5.5,8.75598479961857,13
735.0,28,16.9012333652379,5.928571428571429,9.42829884297113,12
736.0,27,17.937643876862474,6.592592592592593,10.280258131139739,12
737.0,27,12.888007239226129,7.037037037037037,10.674399175137486,14
738.0,27,13.02629602574749,7.481481481481482,11.426249916327107,12
739.0,26,12.580434272515676,8.307692307692308,12.437366590037406,14
740.0,26,10.967831923789007,9.0,13.037963832933816,19
741.0,25,10.204486020207849,10.08,14.223072159682328,18
742.0,26,10.674308238635628,10.384615384615385,14.42909964980771,19
743.0,26,9.503144696347968,11.076923076923077,15.047618779590977,19
744.0,26,10.840728883436753,11.76923076923077,15.832030187810917,18
745.0,32,9.686831796241561,10.125,13.483214428789429,24
746.0,33,11.328109118342224,10.363636363636363,13.817719262970193,19
747.0,33,11.78811327097439,10.909090909090908,14.424412837277693,19
748.0,32,12.312623307783099,11.8125,15.532150471988512,18
749.0,33,10.682992633865764,12.0,15.818098939618123,19
750.0,32,9.40852325613228,13.0,17.01970120240339,20
751.0,33,8.767426425790458,13.303030303030303,17.29991868220841,24
752.0,33,5.807282109665932,14.030303030303031,18.043728524400688,25
753.0,32,3.4959687495317286,15.21875,19.413983861195252,24
754.0,33,4.953419715599275,3.6363636363636362,19.69222508493972,16
755.0,34,8.600767673659417,0.20588235294117646,19.908536401218452,5
756.0,34,13.358612170432881,0.35294117647058826,20.64129402810592,5
757.0,41,15.304653432645695,0.43902439024390244,17.640517766225614,13
758.0,42,19.702319984940644,0.5952380952380952,17.804055826325193,8
759.0,43,24.03680332937458,0.7441860465116279,17.888000234010825,8
760.0,33,22.441908597746508,1.2121212121212122,11.89139259637552,8
761.0,30,23.470366845602836,1.6666666666666667,10.608971376513965,10
762.0,21,12.543470159826727,2.857142857142857,6.949260782319728,11
763.0,20,12.912744634789547,3.55,7.5051544002865755,11
764.0,20,14.939436648072789,4.2,8.2135472289287,13
765.0,19,13.588784996317864,5.105263157894737,9.207126702626102,13
766.0,14,1.3831630584250727,7.857142857142857,12.330182117567235,13
767.0,15,0.2105861456328818,8.2,12.437551431843831,14
768.0,15,0.5662294739345416,9.133333333333333,13.42441311909946,14
769.0,21,0.7689396739173807,7.190476190476191,10.285281242318245,20
770.0,21,2.4550508008388787,7.857142857142857,11.234749684040022,14
771.0,21,3.850511734257911,8.523809523809524,12.158660618273993,14
772.0,22,5.71447156809379,8.818181818181818,12.448225604866069,16
773.0,22,7.992450075103341,9.5,13.291473272058168,15
774.0,22,10.281530190759579,10.181818181818182,14.089175611421693,15
775.0,22,11.880163830070211,10.863636363636363,14.856428066941465,15
776.0,22,12.613059231107867,11.545454545454545,15.612132603132949,15
777.0,21,11.586600954267233,12.857142857142858,17.005512721354947,16
778.0,17,0.0005638315933488689,16.823529411764707,20.936462666194046,17
779.0,17,0.5383992620362701,17.764705882352942,21.9249875581622,16
780.0,17,0.04108737054244309,18.705882352941178,22.924111859556938,16
781.0,23,0.0048409763949419865,14.565217391304348,17.682936025971674,23
782.0,23,4.050479531835841,7.0,18.60249705039149,10
783.0,23,9.23444173656906,3.6956521739130435,19.417505017866944,6
784.0,23,14.679985193403244,1.0869565217391304,20.123942606352042,2
785.0,23,19.420127768094698,0.0,20.733155447621158,0
786.0,23,20.891598461505776,0.0,21.310455139998727,0
787.0,25,22.182085285552738,0.08,20.07559400095002,4
788.0,24,25.33864968083633,0.20833333333333334,19.916702859220585,3
789.0,23,27.311869068468628,0.43478260869565216,19.783132187717285,5
790.0,25,27.32977570833875,0.64,18.56506678732609,8
791.0,25,29.534174159775013,0.88,18.965466244704782,6
792.0,24,29.746329325018465,1.1666666666666667,18.63607157855913,6
793.0,32,23.244504853327996,1.0625,14.25350470698333,14
794.0,32,25.620336353346378,1.25,14.733167589876713,6
795.0,28,24.670279785067788,1.6428571428571428,12.478446156269188,6
796.0,28,25.523210871745555,1.8571428571428572,11.905207825668947,7
797.0,27,26.174160401922503,2.1481481481481484,11.953370437565566,6
798.0,27,22.63555318437001,2.3703703703703702,11.330970198523154,7
799.0,28,20.969950660805043,2.5,11.459922822694278,7
800.0,24,18.09330292875654,3.3333333333333335,9.990472271373237,10
801.0,24,19.583656572322607,3.8333333333333335,10.59486250523925,12
802.0,23,17.381176753695122,4.521739130434782,9.674813064014968,13
803.0,23,16.948738749439457,5.043478260869565,8.946998459546496,13
804.0,22,17.470264667088134,5.818181818181818,9.853065142637217,12
805.0,28,13.090292882065782,5.0,8.040365918481271,19
806.0,28,15.246856838411082,5.428571428571429,8.738599795101742,12
807.0,26,15.333136005623064,6.3076923076923075,9.75358176071431,12
808.0,28,15.903367744230753,6.285714285714286,9.669534354634612,14
809.0,27,13.70158748176223,6.962962962962963,10.605265831741,12
810.0,26,11.425220602648182,7.730769230769231,11.653473476141174,13
811.0,27,11.541458491187923,8.037037037037036,11.954196751001483,17
812.0,26,10.934926283565042,9.038461538461538,13.073776800564092,18
813.0,25,10.239149469705426,10.12,14.264124109304444,18
814.0,27,10.403534905351787,10.037037037037036,13.926412795605845,20
815.0,27,11.634624015762949,10.703703703703704,14.695290928337274,18
816.0,26,11.596174790764982,11.807692307692308,15.924145772763982,18
817.0,33,9.904604017906765,9.848484848484848,13.142338360889857,25
818.0,32,10.698462905924622,10.71875,14.203826061120958,18
819.0,32,11.307721954093749,11.28125,14.855794609187429,19
820.0,33,12.99441153333217,11.484848484848484,15.119422239942624,19
821.0,32,10.731117249851108,12.40625,16.276968878119813,18
822.0,33,8.391494798979936,12.636363636363637,16.586220527243402,21
823.0,32,5.423217736536778,13.78125,17.869301901413422,24
824.0,32,2.6114346396556507,14.5625,18.661175175057032,26
825.0,33,3.9418199696616085,3.3636363636363638,18.98806858679837,14
826.0,34,7.940713331886202,0.17647058823529413,19.243828829126528,4
827.0,34,13.079931570989778,0.3235294117647059,19.984944082603732,5
828.0,34,18.26850817368434,0.5,20.622978045315588,6
829.0,42,18.57963899591671,0.5476190476190477,17.135490502140282,14
830.0,43,22.367066486025376,0.6976744186046512,17.268102570795083,8
831.0,33,20.139755954441664,1.121212121212121,11.425828200566185,7
832.0,30,21.99777453877446,1.5333333333333334,9.783362818021157,9
833.0,22,14.738102053343376,2.5,8.592127219393412,9
834.0,20,10.894957331747685,3.25,7.334016978502118,11
835.0,20,12.836787431968721,3.75,8.065218368651795,10
836.0,20,13.845248723017392,4.35,8.777481132404159,12
837.0,19,12.943366452545696,5.2631578947368425,9.813322228768266,13
838.0,15,3.2228955297206068,7.533333333333333,12.496636475829844,13
839.0,15,0.18772795681420607,8.4,13.26805971168793,14
840.0,15,0.5756167726816351,9.266666666666667,14.256364205975045,13
841.0,21,0.8301065237417845,7.238095238095238,10.880425390175013,19
842.0,21,2.426137772374376,7.904761904761905,11.830022954081002,14
843.0,21,4.025866092037183,8.571428571428571,12.746211220423996,14
844.0,22,5.46560488975005,8.818181818181818,13.007685670658999,15
845.0,22,7.532953882429617,9.454545454545455,13.851580534195916,14
846.0,22,9.786714570037175,10.136363636363637,14.648949531879298,15
847.0,22,11.655592758391476,10.818181818181818,15.406866796677189,15
848.0,22,12.087214396346232,11.5,16.155999802963304,15
849.0,22,12.737887784020446,12.181818181818182,16.891831171451425,15
850.0,18,2.4980865029109953,15.777777777777779,20.678097834301216,17
851.0,17,0.3484641481099086,17.647058823529413,22.669403903628652,16
852.0,17,0.17583327307527732,18.58823529411765,23.66589990502231,16
853.0,23,2.221008139233958,6.217391304347826,18.18618076380246,15
854.0,23,6.997880344762376,3.3043478260869565,19.04339613514697,6
855.0,23,12.949326351388097,0.9565217391304348,19.77987448551975,2
856.0,23,19.19555897625343,0.0,20.390520557473135,0
857.0,23,24.80148628206948,0.0,20.889589597946873,0
858.0,25,23.967812054909263,0.0,19.653498327570524,2
859.0,25,25.776268862157607,0.0,20.13461871201568,0
860.0,24,28.048089683285465,0.125,19.9047613994847,3
861.0,26,28.174703509488992,0.3076923076923077,18.73312148472702,7
862.0,25,29.150191044170157,0.56,18.416167620626812,6
863.0,24,30.197879378487805,0.8333333333333334,18.080978659113047,6
864.0,25,30.339033380499398,1.04,17.711426287927274,7
865.0,30,22.218539508957313,1.0666666666666667,12.888033558489695,13
866.0,29,23.684316231867776,1.3103448275862069,12.722298490563631,6
867.0,29,24.51156886560276,1.5172413793103448,12.018650946912132,7
868.0,28,26.192443465047777,1.7857142857142858,12.141528006491868,6
869.0,26,26.505444649319536,2.1538461538461537,11.087006021070836,6
870.0,26,20.75110481600375,2.3846153846153846,9.856860140009967,8
871.0,24,17.936327766358527,2.875,8.935298299379333,7
872.0,23,17.94093490205212,3.4782608695652173,8.669523973785934,11
873.0,23,17.244826687321044,4.0,8.383824474563987,13
874.0,21,15.754849501269286,4.9523809523809526,9.150275256173861,12
875.0,22,16.220292989030572,5.2727272727272725,9.367089106272186,13
876.0,22,15.625432916543215,5.818181818181818,9.69171418477008,13
877.0,27,12.142840990185249,5.185185185185185,8.302680888274104,18
878.0,26,13.377589858011218,5.846153846153846,9.105629403681682,12
879.0,27,14.894162623582496,6.074074074074074,9.427062768712839,13
880.0,27,15.56141234636423,6.518518518518518,9.945087043814965,13
881.0,26,12.339227935939906,7.230769230769231,10.929467140265322,12
882.0,27,11.510619524774444,7.481481481481482,11.244702018329313,15
883.0,26,10.530096723572631,8.461538461538462,12.331983975848228,18
884.0,26,11.16377170538261,9.153846153846153,13.092196534816802,18
885.0,27,11.464628824318726,9.481481481481481,13.323550837348398,19
886.0,27,10.280892256931034,10.148148148148149,13.899973520881709,19
887.0,27,11.031866421475298,10.814814814814815,14.654322847756513,18
888.0,28,11.518774810603558,11.071428571428571,14.839748130953435,19
889.0,33,9.441379712549987,9.93939393939394,13.12652235156976,24
890.0,32,10.481366821416783,10.8125,14.170437759691803,18
891.0,34,11.781683965314304,10.705882352941176,14.02701634595486,20
892.0,32,11.696809666701185,11.9375,15.444208251086769,18
893.0,33,8.689217475818877,12.121212121212121,15.757149333720731,19
894.0,33,6.462654746845491,12.696969696969697,16.615107844280885,19
895.0,32,3.707439350259949,13.84375,17.93988641854168,24
896.0,34,4.382379707141383,2.9411764705882355,17.73559844338743,15
897.0,35,8.239335375908793,0.17142857142857143,18.03533157051451,5
898.0,35,12.887801956662468,0.3142857142857143,18.77601210584691,5
899.0,35,17.85910603425744,0.5142857142857142,19.4165960289626,7
900.0,36,21.55365992872,0.7222222222222222,19.415591364584007,9
901.0,43,19.968641501255,0.7906976744186046,15.6723183169786,16
902.0,34,17.717038691556077,1.2352941176470589,11.063553863707877,8
903.0,32,19.480861404270314,1.65625,9.623053096337324,11
904.0,21,8.819355497471667,3.0476190476190474,7.664710349190229,11
905.0,20,8.84740558169694,3.85,7.775984480488449,13
906.0,21,9.946653851431266,4.285714285714286,8.162246884385475,14
907.0,21,11.789992530632752,4.904761904761905,8.928758126928084,13
908.0,21,13.842425410820875,5.571428571428571,9.653505854259517,14
909.0,20,12.591116965572263,6.55,10.738179330270771,14
910.0,15,1.4560435130602674,9.666666666666666,14.111752250562999,14
911.0,16,0.3524996353954816,9.9375,14.158288862121285,15
912.0,16,0.39350348673190727,10.8125,15.149765258400771,14
913.0,22,0.5861517357139936,8.545454545454545,11.733069135332169,21
914.0,22,2.5369202779385134,9.227272727272727,12.680114322319087,15
915.0,22,3.9979171387096972,9.909090909090908,13.597528770769827,15
916.0,23,5.530771866480579,10.130434782608695,13.849380872185893,16
917.0,23,7.595727281624829,10.826086956521738,14.692447613538947,16
918.0,23,9.761757219845803,11.521739130434783,15.492013141399795,16
919.0,23,11.217430622914518,12.217391304347826,16.26322958193613,16
920.0,23,11.958753246834446,12.956521739130435,17.02064098828846,17
921.0,21,8.194787994666566,15.0,19.1327804696585,17
922.0,19,1.7391214886123239,17.473684210526315,21.54158234462339,18
923.0,18,0.3357058252356071,19.38888888888889,23.602987125038144,17
924.0,18,3.413906028167287,8.444444444444445,24.526451897581737,9
925.0,24,5.699102431987281,3.3333333333333335,19.018259842888497,11
926.0,24,11.494272557105505,0.9583333333333334,19.770922009423668,2
927.0,25,16.999023636652893,0.0,19.577455165112966,1
928.0,25,23.388554304294804,0.0,20.08286385809554,0
929.0,26,27.322938417469096,0.0,19.696829976922075,1
930.0,26,25.75456870246411,0.0,18.759950484538347,1
931.0,25,26.57705118191294,0.04,18.582181281579537,1
932.0,25,28.874763099021816,0.2,18.981298746084388,4
933.0,26,26.81851406760795,0.4230769230769231,17.27532427127405,8
934.0,26,28.655981223807704,0.6538461538461539,17.680918365563798,6
935.0,25,29.258201527387932,0.92,17.370278681193803,6
936.0,26,28.874666365706076,1.1153846153846154,17.074841365699246,7
937.0,31,22.03888647762178,1.1290322580645162,12.52900939896178,13
938.0,30,23.673494823025273,1.3666666666666667,12.37731555368706,6
939.0,30,24.79149891734918,1.5666666666666667,11.687291538142395,7
940.0,28,26.149159636024038,1.8928571428571428,10.699187239328294,6
941.0,25,25.74488850374627,2.36,9.220686991522177,6
942.0,26,22.023564568283618,2.5,8.27835243596985,8
943.0,24,19.051332980496767,2.9583333333333335,8.825286389071977,6
944.0,23,18.789684028938556,3.4347826086956523,8.980352142375674,8
945.0,23,17.837503733722382,3.9565217391304346,9.402605060508147,13
946.0,21,16.451030574687223,4.904761904761905,9.152807404910956,12
947.0,21,15.207763942383245,5.476190476190476,9.543040288100482,13
948.0,21,14.30273148991444,6.0476190476190474,10.011692747109107,13
949.0,26,10.529327794518549,5.346153846153846,8.406957803084543,18
950.0,26,13.439735113194487,5.8076923076923075,9.130053222918654,12
951.0,27,15.289969798853743,6.037037037037037,9.43797084446458,13
952.0,27,15.058587677731616,6.481481481481482,9.938949056477467,13
953.0,26,12.14779935433154,7.1923076923076925,10.962185055831641,12
954.0,27,11.3007231276247,7.407407407407407,11.28402045819663,14
955.0,27,12.023387926180277,8.0,12.034187229276567,16
956.0,27,12.882063720704808,8.666666666666666,12.767111985455676,18
957.0,27,12.265112096498331,9.333333333333334,13.36325931356646,19
958.0,26,10.388811385487132,10.384615384615385,14.320860274171416,19
959.0,26,11.099942635224778,11.076923076923077,15.092855671458544,18
960.0,27,11.435795970359141,11.333333333333334,15.262589769360265,19
961.0,33,10.159917197634146,9.818181818181818,13.098334826579947,24
962.0,33,12.14635909014647,10.363636363636363,13.850778074178542,18
963.0,33,11.132051189654797,10.909090909090908,14.359977515602377,20
964.0,33,13.062429771370251,11.454545454545455,15.097095673398197,18
965.0,33,9.305658648578364,12.0,15.773850386615594,19
966.0,33,7.242528472074573,12.545454545454545,16.63024437366656,18
967.0,31,6.296581613574495,2.6451612903225805,18.35492642394087,11
968.0,33,8.677879706204154,0.06060606060606061,18.00525558478329,4
969.0,34,13.10283628421137,0.14705882352941177,18.180118444312097,4
970.0,34,17.752762065498395,0.3235294117647059,18.819315358828877,6
971.0,34,22.85227171940349,0.5,19.354466691142644,6
972.0,35,27.137564088695253,0.6857142857142857,19.219558707595287,8
973.0,32,16.358503918198416,0.96875,8.65715390841233,15
974.0,30,17.64518399029061,1.3333333333333333,8.614293742761676,9
975.0,22,11.744722999307276,2.272727272727273,7.308409024162699,10
976.0,19,7.98898779704595,3.1578947368421053,6.639663659188401,10
977.0,19,10.563064497277507,3.736842105263158,7.421277752700617,11
978.0,20,11.485219260009806,4.1,7.762637326717234,12
979.0,20,13.473456237913389,4.7,8.483543153675715,12
980.0,20,14.315924583425758,5.35,9.187179250303576,13
981.0,19,13.308354546627548,6.315789473684211,10.251564449918689,13
982.0,14,1.1919130637224977,9.5,13.827651904792651,13
983.0,15,0.04822824580944181,9.733333333333333,13.838065340577492,14
984.0,15,0.34863036933437064,10.666666666666666,14.830807344144434,14
985.0,21,0.6548237196602558,8.285714285714286,11.29410794949305,20
986.0,21,2.841288425930035,8.952380952380953,12.235039010935045,14
987.0,21,4.085379275418388,9.619047619047619,13.150247104016579,14
988.0,22,5.727624230267744,9.818181818181818,13.388567761189456,15
989.0,22,7.895188200590552,10.5,14.225720632060199,15
990.0,22,10.078520010435222,11.181818181818182,15.017671799640976,15
991.0,22,11.75491749390132,11.863636363636363,15.774741276753787,15
992.0,22,12.312402730078464,12.545454545454545,16.52161343344993,15
993.0,21,10.989450395797094,13.904761904761905,17.975571362878345,16
994.0,18,2.6838221620345877,17.11111111111111,21.170387086105432,17
995.0,17,3.104790816792957,8.352941176470589,23.11600921743356,9
996.0,17,6.969222873016519,4.294117647058823,23.973191516752255,5
997.0,23,8.572223406785211,0.9130434782608695,18.283384668125922,7
998.0,23,14.972306573057715,0.0,18.97715031052857,0
999.0,24,21.1762741770716,0.0,18.711737492536813,1
1000.0,25,26.224598937438774,0.0,18.387240193511595,1
1001.0,25,31.182197187468564,0.0,18.747507487500435,0
1002.0,25,29.150903001490867,0.0,17.73876179946256,1
1003.0,25,30.042540786112337,0.04,18.116017140882228,1
1004.0,26,30.0144042623718,0.07692307692307693,17.756343259687725,2
1005.0,25,28.279436887672617,0.28,16.03594226138458,6
1006.0,25,29.576449093630707,0.52,16.409821076654026,6
1007.0,25,30.24105300315015,0.76,16.771360319453006,6
1008.0,25,29.166683442808612,1.0,15.689291660203839,7
1009.0,29,21.089135790150333,1.0689655172413792,10.629989212384444,13
1010.0,27,22.17144487919682,1.3703703703703705,9.651872457715035,6
1011.0,27,23.41057067705627,1.5925925925925926,9.195286042208117,7
1012.0,24,22.88386456220682,2.0416666666666665,7.583141623311383,6
1013.0,22,22.93968892780545,2.5,7.444756153329064,6
1014.0,23,17.513660331506724,2.652173913043478,6.4526838507131705,8
1015.0,22,14.677666831145126,3.090909090909091,7.110500616642725,7
1016.0,22,15.63741860387858,3.590909090909091,7.7743760952272645,11
1017.0,23,15.785902399596884,3.9565217391304346,8.055954155991405,13
1018.0,23,17.015493180173653,4.478260869565218,8.693685639927475,12
1019.0,22,14.992439886525675,5.2272727272727275,9.414138180798565,13
1020.0,22,14.746722343993309,5.7727272727272725,9.841529261010821,13
1021.0,28,12.823596498978198,4.964285714285714,8.265879936544044,18
1022.0,26,12.781772574890415,5.8076923076923075,9.25136625062431,12
1023.0,27,14.654441481404003,6.037037037037037,9.584426479024437,13
1024.0,28,15.744000894531322,6.25,9.898934626202532,13
1025.0,27,14.534180060923614,6.925925925925926,10.836863629528533,12
1026.0,28,12.759933540110321,7.142857142857143,11.159014688138404,14
1027.0,27,12.72008113414788,7.962962962962963,12.185841299370711,15
1028.0,27,13.709543823654728,8.592592592592593,12.915831845509413,17
1029.0,28,12.303262090132394,8.928571428571429,12.983054334433444,20
1030.0,26,10.756242054506808,10.307692307692308,14.410640688711934,18
1031.0,26,11.650524238343216,11.0,15.178277667735134,18
1032.0,27,12.029054431692488,11.25925925925926,15.340865481523629,19
1033.0,32,9.498861548916365,10.0625,13.449783590657578,24
1034.0,31,9.721457537932334,10.96774193548387,14.547394907462982,18
1035.0,33,10.702665669387121,10.848484848484848,14.3857343313443,20
1036.0,33,10.101365516577104,11.393939393939394,15.05838271428495,19
1037.0,33,6.344629340523254,11.93939393939394,15.934321200397369,18
1038.0,33,6.212248333297226,2.121212121212121,16.815949004907395,7
1039.0,34,9.542480401183747,0.029411764705882353,17.107407563655062,2
1040.0,36,13.11670762609613,0.1111111111111111,16.844378355281712,5
1041.0,36,17.302828662120184,0.2222222222222222,17.503941329790976,4
1042.0,36,21.924203992373158,0.3611111111111111,18.07332522559759,5
1043.0,37,25.94580204712139,0.5675675675675675,18.048642659383855,9
1044.0,27,20.4399618288497,1.1111111111111112,11.017149268741925,10
1045.0,32,16.381175192901587,1.25,8.24179331391766,17
1046.0,21,3.693731423504899,2.4285714285714284,6.0994509825912075,11
1047.0,21,5.568597379308042,2.9523809523809526,6.989774784184277,11
1048.0,21,7.573551835912144,3.5714285714285716,7.839824946638747,13
1049.0,21,9.29742171565725,4.190476190476191,8.65451242654156,13
1050.0,22,10.285236977051019,4.636363636363637,9.00963360538111,15
1051.0,22,12.41300080348578,5.2727272727272725,9.758811220067715,14
1052.0,22,13.621997836375245,5.909090909090909,10.483789520784047,14
1053.0,19,8.057477079464178,7.631578947368421,12.475435196579234,15
1054.0,16,1.0287907369908322,10.0,15.270606864190182,15
1055.0,17,0.13344904037130148,10.294117647058824,15.31004044186152,16
1056.0,17,0.5400322893813372,11.176470588235293,16.29998943042397,15
1057.0,23,0.7024365490472885,8.956521739130435,12.7748538085249,22
1058.0,23,2.409073921878957,9.652173913043478,13.727482723306714,16
1059.0,23,3.486507381779652,10.347826086956522,14.656434508081054,16
1060.0,24,5.137383442970103,10.625,14.899188337780734,18
1061.0,24,7.390443092413115,11.333333333333334,15.747605646568578,17
1062.0,24,9.323608436131055,12.041666666666666,16.55631416239746,17
1063.0,24,11.186549842535845,12.75,17.32726599087631,17
1064.0,24,11.411364953804625,13.458333333333334,18.094765902692107,17
1065.0,25,11.115112309988245,13.64,18.104743623233603,19
1066.0,20,5.991308794019599,6.75,22.747858104974107,9
1067.0,19,8.124313116146936,3.736842105263158,24.594931911192827,5
1068.0,19,13.640164367112497,1.105263157894737,25.328695228755898,1
1069.0,25,15.029134104733718,0.0,19.71674195425803,6
1070.0,25,21.683879058302026,0.0,20.29507816582021,0
1071.0,27,26.743050852349995,0.0,19.198628567851635,2
1072.0,27,32.89916315092706,0.0,19.56266756194336,0
1073.0,24,35.54526398742979,0.0,18.024124336319446,0
1074.0,25,33.62493010561265,0.0,17.62898907303474,1
1075.0,23,31.61230115540283,0.08695652173913043,16.519796562507384,2
1076.0,24,31.37656644975924,0.20833333333333334,16.19445711545494,4
1077.0,25,31.14419796994766,0.4,15.916193399987817,6
1078.0,22,29.36354745937849,0.7272727272727273,14.377847627910693,6
1079.0,21,29.982069889192807,1.0476190476190477,13.84459938692039,6
1080.0,21,28.02943137635147,1.3333333333333333,12.822380180978287,7
1081.0,26,19.762566821344134,1.3076923076923077,8.47878738489281,13
1082.0,24,20.170782898626175,1.6666666666666667,7.8056041721298906,6
1083.0,25,22.36694271225791,1.84,8.001411673722915,7
1084.0,23,22.857580239612947,2.260869565217391,7.2125902792687535,6
1085.0,22,24.158865935428533,2.6363636363636362,6.835319897867021,6
1086.0,23,18.635917078582864,2.782608695652174,6.5735841662743315,8
1087.0,21,15.332744690081931,3.380952380952381,7.216828306634939,7
1088.0,20,14.952501738783951,4.1,8.098514555571196,11
1089.0,20,13.824343817689583,4.7,8.565794160933352,13
1090.0,20,15.503259404055337,5.3,9.262411057446883,12
1091.0,20,13.752642136194078,5.9,9.743928761645979,13
1092.0,21,14.564328349876696,6.190476190476191,9.943049385173145,13
1093.0,26,11.348903037554072,5.461538461538462,8.461295669648015,18
1094.0,26,13.615535155145341,5.923076923076923,9.191727058110164,12
1095.0,27,15.567883354857598,6.148148148148148,9.502738639277439,13
1096.0,28,16.673312555837132,6.357142857142857,9.79157339320887,13
1097.0,26,12.793210414814922,7.3076923076923075,10.995385501828562,12
1098.0,27,12.463589809466276,7.481481481481482,11.298529799235903,13
1099.0,26,11.883015483765575,8.307692307692308,12.34509003141352,14
1100.0,26,12.374977205614751,9.0,13.090053688968911,18
1101.0,28,12.045388108081893,9.0,12.83464149354245,20
1102.0,26,10.581368568440574,10.384615384615385,14.330919656451893,18
1103.0,26,11.254688002147226,11.076923076923077,15.093935988252024,18
1104.0,26,9.997517392478253,11.76923076923077,15.708247411140412,19
1105.0,32,8.768114555741777,10.125,13.387157316800435,24
1106.0,33,8.899771978984829,10.363636363636363,13.7605310039956,19
1107.0,33,7.747241832562006,10.909090909090908,14.456869839684304,19
1108.0,32,6.856006254554942,11.8125,15.640446330313052,18
1109.0,33,6.465876937903446,1.9393939393939394,16.003008657399103,9
1110.0,33,9.15056408107468,0.15151515151515152,16.81995436653795,3
1111.0,34,13.231665861181101,0.2647058823529412,17.027805978784095,5
1112.0,35,17.1425807554732,0.37142857142857144,17.164549605526222,5
1113.0,35,21.31603848095217,0.5714285714285714,17.731724073539134,7
1114.0,36,25.28457661371959,0.7777777777777778,17.69750529430022,9
1115.0,26,20.323824732011808,1.3846153846153846,10.155453001242382,9
1116.0,25,22.487090786234557,1.8,9.922221895403963,9
1117.0,23,6.06270958979057,2.391304347826087,6.212877889881435,17
1118.0,20,3.3033316499183445,3.25,6.606480296197366,10
1119.0,20,5.226046797665808,3.85,7.5023070551794175,12
1120.0,20,7.5459497058196385,4.45,8.351952940615247,12
1121.0,20,9.423185565719466,5.1,9.165030359580914,13
1122.0,21,10.298068321381677,5.476190476190476,9.477594138317542,14
1123.0,21,12.303135984389778,6.095238095238095,10.23509406114272,13
1124.0,21,14.240797126397043,6.714285714285714,10.955950731474442,13
1125.0,20,12.90986047606863,7.75,12.125381987906987,14
1126.0,15,0.1272724004317559,11.266666666666667,16.075576352229287,14
1127.0,16,0.053157200226140844,11.4375,16.007349216518147,15
1128.0,16,0.5643790806789192,12.375,16.995152869553213,15
1129.0,22,0.7814232224504795,9.681818181818182,13.070472072714155,21
1130.0,22,1.9746998781380798,10.363636363636363,14.029869759322896,15
1131.0,22,3.802066168922156,11.045454545454545,14.95273915492511,15
1132.0,23,5.269671567094804,11.217391304347826,15.152976776531885,16
1133.0,23,7.19935957830196,11.869565217391305,16.008411071378788,15
1134.0,23,6.435122784735031,12.565217391304348,16.877265812617726,16
1135.0,23,5.681597587524345,13.26086956521739,17.758180140559524,16
1136.0,23,6.052803255660856,14.043478260869565,18.63219574050581,18
1137.0,23,8.217410534413396,6.739130434782608,19.459289770865535,12
1138.0,20,5.949669493746487,4.25,22.80200977123898,9
1139.0,20,10.08302379717498,1.6,23.58705592158983,5
1140.0,20,15.425232870425283,0.6,24.263107571138228,3
1141.0,26,16.09086649943845,0.5769230769230769,19.095864586283554,9
1142.0,27,20.48253746578543,0.6666666666666666,18.92945808518332,4
1143.0,28,24.5782557612283,0.75,18.71521707806386,4
1144.0,26,28.23465249156802,0.9230769230769231,18.045072499005585,3
1145.0,27,29.48971493576521,1.0,17.756375427249402,4
1146.0,28,27.751968883781206,1.0714285714285714,17.53877755066896,4
1147.0,27,27.583955631664153,1.2592592592592593,17.34874941577988,4
1148.0,27,26.066360468146545,1.5925925925925926,16.42371452931708,10
1149.0,28,26.195793856944768,1.8571428571428572,16.281498719360588,10
1150.0,27,27.183696242416346,2.259259259259259,16.058147555546697,9
1151.0,27,26.087169168942314,2.5925925925925926,15.392472184605602,10
1152.0,25,25.051295251423145,3.16,14.739108321670322,9
1153.0,30,18.784319354403042,2.933333333333333,10.744524428579952,16
1154.0,29,18.56047739426798,3.3448275862068964,9.739597588761585,10
1155.0,27,18.810123040449767,3.925925925925926,9.51819485734656,9
1156.0,25,18.657322597524324,4.6,9.161065589798367,9
1157.0,26,19.152529450914443,4.769230769230769,9.386082506761785,10
1158.0,25,14.771147477883401,5.36,8.974489267349297,11
1159.0,25,12.736968103355363,5.84,9.453238019910453,13
1160.0,25,14.08652304149625,6.4,10.158699372215471,14
1161.0,23,12.256692104952988,7.565217391304348,11.511676444297139,14
1162.0,24,12.194350071545552,7.875,11.733552273702221,16
1163.0,25,12.404388332483675,8.16,11.962151761547528,16
1164.0,24,11.811531177534796,9.125,13.08681959406095,15
1165.0,31,10.19766478728457,7.548387096774194,10.694696082109594,22
1166.0,31,11.942735544766009,8.03225806451613,11.447238043734592,15
1167.0,31,14.340531828121971,8.516129032258064,12.151132683161862,15
1168.0,31,14.91581086712125,9.0,12.683558302383574,16
1169.0,32,13.03490289925518,9.1875,12.989703215385422,16
1170.0,30,11.169583366752644,10.366666666666667,14.382549646405613,17
1171.0,30,11.815309847351706,10.966666666666667,15.150665446047583,18
1172.0,29,10.029129467352728,12.068965517241379,16.086612277603464,22
1173.0,30,10.24224874385537,12.366666666666667,16.314792017699016,22
1174.0,30,11.193107118438892,13.066666666666666,17.094766598671015,21
1175.0,30,10.399571514538737,13.766666666666667,17.70165120689485,22
1176.0,30,11.111861957898872,14.466666666666667,18.47825620785935,21
1177.0,36,7.558009728722177,12.63888888888889,15.918019153125746,28
1178.0,35,7.022828397257439,13.6,17.140663106841455,21
1179.0,36,7.138893421105852,13.805555555555555,17.490175710313856,22
1180.0,36,7.981755490225346,3.4722222222222223,18.209527266182093,10
1181.0,36,8.839937597607225,0.027777777777777776,18.88961949439354,2
1182.0,36,13.308124971666382,0.1111111111111111,19.61979316722168,3
1183.0,36,18.666492840415284,0.2222222222222222,20.23971676772341,4
1184.0,38,22.11282683881777,0.3684210526315789,19.67216029386643,8
1185.0,39,25.760839782714182,0.5128205128205128,19.619008071948695,7
1186.0,27,22.25153294071146,1.0,11.279727205513165,7
1187.0,27,25.291882265884915,1.2962962962962963,11.747168775790586,8
1188.0,16,11.779203407410424,2.75,8.744462913521243,9
1189.0,22,6.516776803633126,2.4545454545454546,6.147121553743272,17
1190.0,19,2.6880654037246945,3.3684210526315788,6.960975524600704,10
1191.0,19,5.265999834244764,4.0,7.851383808568701,12
1192.0,19,7.640595489229994,4.631578947368421,8.691583121897159,12
1193.0,19,9.363902077285198,5.2631578947368425,9.494351709399197,12
1194.0,20,10.219727061713941,5.6,9.75346718279856,13
1195.0,20,12.166855865053702,6.25,10.49616995026867,13
1196.0,20,13.687232405289539,6.9,11.208041497641862,13
1197.0,19,12.17929176480686,7.947368421052632,12.367262695893606,13
1198.0,15,2.850125540865546,10.933333333333334,15.770374152551149,13
1199.0,15,0.09855776997815523,11.8,16.482908469086667,14
1200.0,15,0.32938753440863605,12.733333333333333,17.476615614460368,14
1201.0,21,0.6450814463471715,9.761904761904763,13.185283198941452,20
1202.0,21,2.9993951968279102,10.428571428571429,14.12455255662601,14
1203.0,21,4.4575594959479865,11.095238095238095,15.032994357168699,14
1204.0,22,6.055710389635546,11.227272727272727,15.180068536313884,15
1205.0,22,6.298277957607992,11.909090909090908,16.05165592642298,15
1206.0,22,1.9423608549204519,12.590909090909092,17.0117281679688,15
1207.0,22,0.48822209384474646,13.318181818181818,18.001590613029716,16
1208.0,22,1.9353023753813643,7.2727272727272725,18.962265642880354,14
1209.0,22,4.815367365147398,4.181818181818182,19.864268070005636,12
1210.0,22,8.484110393896128,1.9090909090909092,20.691338196843663,8
1211.0,22,12.978537472464188,1.0,21.426278105298646,6
1212.0,23,17.307694054962504,1.2173913043478262,21.098337884500523,7
1213.0,30,16.50589250394415,1.1666666666666667,16.60688605838677,14
1214.0,29,20.77382410398648,1.3793103448275863,16.575023807788142,6
1215.0,30,24.162194592122596,1.5333333333333334,16.497761115189086,7
1216.0,31,26.3224858492926,1.6774193548387097,16.3987351180028,7
1217.0,31,28.512554835907665,1.8709677419354838,16.819124377266995,6
1218.0,30,26.871428917091777,2.1333333333333333,16.6253110634435,6
1219.0,31,24.71146965064156,2.2903225806451615,16.550890173925445,8
1220.0,31,23.37433655993214,2.5806451612903225,15.87504773750576,10
1221.0,30,23.513861132929403,3.066666666666667,15.6906874503386,12
1222.0,29,22.46838005381026,3.586206896551724,14.59614091582612,13
1223.0,27,21.67844455638512,4.296296296296297,14.01745081503718,12
1224.0,25,20.44735869605451,5.12,13.558854647627072,12
1225.0,31,14.080924922144328,4.516129032258065,9.849205674157236,20
1226.0,30,15.588099514127471,5.066666666666666,10.370102365817141,12
1227.0,28,15.494601720749955,5.857142857142857,10.276166110037662,12
1228.0,28,16.59124191661148,6.285714285714286,9.853143984377038,13
1229.0,28,15.53354350853105,6.714285714285714,10.537096921352681,12
1230.0,27,11.937939929967344,7.407407407407407,11.341546847798202,13
1231.0,28,12.23685471526593,7.678571428571429,11.653914396729173,16
1232.0,27,11.967818535753665,8.555555555555555,12.736696598325684,16
1233.0,26,11.523341466509988,9.576923076923077,13.853866957665588,18
1234.0,27,11.752948334820395,9.88888888888889,14.070776838061855,19
1235.0,28,12.279347629260869,10.178571428571429,14.289513779468225,19
1236.0,26,10.370992194813953,11.653846153846153,15.90264534065469,18
1237.0,32,8.193582870869458,10.03125,13.41568978772077,25
1238.0,32,10.47612044688854,10.59375,14.208524842256356,18
1239.0,33,12.169589417756239,10.818181818181818,14.507194360692505,19
1240.0,34,13.317288035809185,11.029411764705882,14.788674529673267,19
1241.0,33,10.80461747697387,11.909090909090908,15.90014551955531,18
1242.0,33,9.546411319785578,12.454545454545455,16.571986815465635,19
1243.0,33,10.224115795654225,13.090909090909092,17.372923987002512,21
1244.0,33,10.766811790521995,13.818181818181818,18.1632591741842,24
1245.0,34,9.77933426847843,14.117647058823529,18.27476894213218,26
1246.0,33,9.46514886773416,15.272727272727273,19.501909786529108,24
1247.0,33,10.389477275706398,16.0,20.299285092988505,24
1248.0,33,8.962961526725167,16.727272727272727,21.004489636343248,25
1249.0,39,7.1952449755841865,14.76923076923077,18.480918118508587,30
1250.0,39,5.281841380636886,15.384615384615385,19.204878668013595,25
1251.0,40,6.784805494457817,4.325,19.561324014530094,14
1252.0,39,8.113146078414973,0.10256410256410256,20.810086610204415,3
1253.0,40,12.341624661052213,0.175,21.01671488065751,5
1254.0,41,16.97634044842551,0.2926829268292683,21.140283440993006,6
1255.0,41,22.06244783124293,0.4146341463414634,21.699488081608504,5
1256.0,42,26.398780784347906,0.5714285714285714,21.63367799227533,8
1257.0,32,23.379843418679492,1.0,13.83516877166708,9
1258.0,31,24.07289431242067,1.2903225806451613,12.616487231644156,9
1259.0,21,17.190456999762564,2.3333333333333335,8.57344044632832,9
1260.0,20,15.74907586949424,3.0,8.203779279444802,11
1261.0,21,0.3769018776589894,3.380952380952381,6.6964687117562285,18
1262.0,21,2.2270481984786117,4.0,7.6512559630118675,13
1263.0,21,4.5339160586617275,4.619047619047619,8.55905533881327,13
1264.0,21,6.886951341653863,5.285714285714286,9.419344164320004,14
1265.0,21,8.9045932416309,5.9523809523809526,10.237752742461668,14
1266.0,22,9.888140334256754,6.318181818181818,10.523239928777302,15
1267.0,22,11.886662881923472,7.0,11.277413425593071,15
1268.0,22,13.002856486745067,7.681818181818182,12.009724985509587,15
1269.0,21,11.638579362038646,8.761904761904763,13.199360708345326,15
1270.0,16,0.11890065375294874,12.4375,17.36658669994602,15
1271.0,17,0.05585216859347023,12.588235294117647,17.285275228133482,16
1272.0,17,0.3840910955510345,13.529411764705882,18.277594573782242,16
1273.0,23,0.6648700194172263,10.695652173913043,14.235333968313386,22
1274.0,23,2.3564126184816696,11.391304347826088,15.187839520095173,16
1275.0,23,3.6293151556563163,12.08695652173913,16.113994173500142,16
1276.0,24,5.1301532371430305,12.25,16.29640538122222,17
1277.0,24,5.820817224386999,12.958333333333334,17.179332873627043,17
1278.0,24,2.4701819925613053,13.666666666666666,18.12941606588303,17
1279.0,24,3.1063057918231056,5.833333333333333,19.066639762648066,9
1280.0,24,5.759316507637307,3.1666666666666665,19.952596046146528,9
1281.0,24,10.037379604350244,1.25,20.755680288949844,7
1282.0,24,14.559861041595163,0.5833333333333334,21.470408842379342,6
1283.0,24,19.107534981887557,0.8333333333333334,22.09623302468221,6
1284.0,26,22.288216219567566,1.0,20.884524374456653,8
1285.0,32,21.77590007277896,1.0,17.357230103406646,12
1286.0,30,24.006412876183358,1.2666666666666666,16.659404582051394,6
1287.0,32,25.704711455863162,1.375,16.050009658250097,8
1288.0,30,26.516276384651153,1.6666666666666667,15.224349573596628,6
1289.0,30,27.087247103592187,1.8666666666666667,15.687856131149042,6
1290.0,31,25.536182982337785,2.0,15.645577500115552,7
1291.0,30,25.055011713691638,2.2666666666666666,15.537939990633076,6
1292.0,31,24.630989360155084,2.4516129032258065,15.519582505455192,9
1293.0,29,22.625338308906763,3.0344827586206895,13.891818535529984,13
1294.0,28,22.69996089068142,3.5714285714285716,14.027145708484648,12
1295.0,25,21.669654482553295,4.48,12.840051455455022,12
1296.0,23,18.026204635950066,5.391304347826087,11.831173718558533,13
1297.0,29,13.609357969977314,4.689655172413793,8.944946277414605,19
1298.0,28,14.19556873431724,5.285714285714286,9.604360337352745,12
1299.0,28,15.393740073496408,5.714285714285714,9.272895775115671,13
1300.0,27,15.869568850029129,6.37037037037037,10.134782069833888,12
1301.0,26,13.033154303908855,7.076923076923077,11.104275325959769,12
1302.0,28,11.676478022556271,7.035714285714286,10.997542243518572,15
1303.0,27,11.406498433701223,7.851851851851852,11.942750849012791,15
1304.0,27,12.281051192270231,8.481481481481481,12.678528377591851,17
1305.0,27,11.202224304754074,9.148148148148149,13.270331054223805,19
1306.0,27,11.97308518714281,9.814814814814815,14.015303841102162,18
1307.0,27,11.207544633510132,10.481481481481481,14.610376979114074,19
1308.0,27,10.302251352157691,11.148148148148149,15.227066547682876,19
1309.0,33,9.514874133776239,9.666666666666666,13.074921541095746,24
1310.0,32,10.675169008083053,10.53125,14.149828179077756,18
1311.0,33,11.862919943131343,10.757575757575758,14.439400841519817,19
1312.0,34,12.558040253122439,10.970588235294118,14.718739769659752,19
1313.0,34,12.100529157628634,11.5,15.46509388327393,18
1314.0,33,10.241681355521774,12.393939393939394,16.476925099234368,19
1315.0,33,10.157951920395963,13.0,17.26989432485408,20
1316.0,32,9.722750254308323,14.0625,18.503798736713538,21
1317.0,34,9.703307721203267,13.941176470588236,18.160422575146466,26
1318.0,32,8.513829396973358,15.5625,19.89463053018457,24
1319.0,33,7.959489001984933,15.818181818181818,20.09781383044661,25
1320.0,33,6.70197231108619,16.545454545454547,20.95990715526426,24
1321.0,39,4.953742892915418,14.615384615384615,18.47946777896171,30
1322.0,40,5.5557820391500385,3.95,18.766733137390617,14
1323.0,39,8.807516133746546,0.07692307692307693,19.975838538996186,3
1324.0,40,11.465145423210702,0.175,20.213099086846142,5
1325.0,40,16.491949324390863,0.325,20.869731355673842,6
1326.0,40,22.03176279872582,0.475,21.410316741020218,6
1327.0,41,25.757490813255952,0.6341463414634146,21.324217677475833,8
1328.0,32,21.304481107768925,1.03125,12.672891137376872,9
1329.0,31,24.571805933050168,1.3225806451612903,12.330493449142503,8
1330.0,21,17.459668491594023,2.4285714285714284,8.7493482684574,10
1331.0,19,14.658958646290701,3.210526315789474,8.047063803844415,10
1332.0,13,1.6036965044305802,5.538461538461538,10.398984733015688,11
1333.0,20,0.19199139192162662,4.2,7.405338894789129,19
1334.0,20,2.6550376378219895,4.8,8.351603488226363,12
1335.0,20,5.12922845529072,5.45,9.247954090084757,13
1336.0,20,7.825160787230252,6.1,10.090115260126682,13
1337.0,20,9.511961286764793,6.75,10.897532816286041,13
1338.0,21,10.700012986945033,7.0476190476190474,11.113298751343011,14
1339.0,21,12.92203274770768,7.666666666666667,11.848586014849273,13
1340.0,21,13.90265042407292,8.285714285714286,12.563318345549709,13
1341.0,19,10.34142118581825,9.894736842105264,14.350174602685893,14
1342.0,15,0.09018756057821527,13.466666666666667,18.400142707923187,14
1343.0,16,0.04622873202116841,13.5,18.18650359224722,15
1344.0,16,0.5093066515538566,14.4375,19.174908070454276,15
1345.0,22,0.7198173270268571,11.181818181818182,14.656299854351458,21
1346.0,22,2.489780751172309,11.863636363636363,15.60218008934462,15
1347.0,22,3.8661645152880824,12.590909090909092,16.520553084532473,16
1348.0,23,5.623971356507638,12.73913043478261,16.639960860783567,17
1349.0,23,6.357554712974567,13.434782608695652,17.506235435958946,16
1350.0,23,4.386699903747278,6.130434782608695,18.416709286376637,9
1351.0,23,5.156212341256762,3.347826086956522,19.313775133619764,8
1352.0,23,8.583234143654675,1.3043478260869565,20.141379367168327,7
1353.0,23,13.036864766553295,0.5652173913043478,20.878152004791,6
1354.0,23,18.125649677646127,0.8260869565217391,21.510608172947315,6
1355.0,25,21.151883104158337,1.0,20.279656184253103,8
1356.0,25,25.22827063878689,1.24,20.767909467234936,6
1357.0,30,23.00869112361872,1.2333333333333334,16.461530248567723,12
1358.0,32,24.72164071868913,1.34375,15.870764015432345,8
1359.0,31,26.972521810375227,1.5806451612903225,15.645741536346248,6
1360.0,30,29.086068922673732,1.8333333333333333,15.419763047535064,6
1361.0,31,29.38355768005356,1.967741935483871,15.293638553292233,7
1362.0,31,27.898412286551192,2.161290322580645,15.727256153479868,6
1363.0,28,24.10749413852719,2.607142857142857,14.335416194618844,6
1364.0,29,22.560809999576577,2.8275862068965516,13.16326629798501,11
1365.0,26,20.402113525455732,3.6153846153846154,12.013845119122664,12
1366.0,25,20.06096097294779,4.24,12.093451866749568,12
1367.0,26,20.29587425375511,4.538461538461538,12.16623912944155,13
1368.0,24,18.876861664521847,5.416666666666667,11.373074929698724,12
1369.0,28,12.09161362004738,5.071428571428571,8.231280304037176,19
1370.0,28,13.042510088644574,5.5,8.598718280969381,13
1371.0,27,14.505115804675526,6.148148148148148,9.495986469467278,12
1372.0,26,15.951382332993102,6.846153846153846,10.400484447444768,12
1373.0,27,13.203193301538573,7.037037037037037,10.713372057830567,13
1374.0,26,10.120749556390876,7.8076923076923075,11.609328019650537,14
1375.0,26,11.090754540872803,8.423076923076923,12.385395341281411,16
1376.0,27,11.062249285464455,8.777777777777779,12.665382137540032,19
1377.0,26,10.553706951085744,9.807692307692308,13.799432002909434,18
1378.0,26,11.479976443461148,10.5,14.56366344951341,18
1379.0,28,11.467795816570884,10.392857142857142,14.215161997062623,20
1380.0,28,12.407448715944097,11.035714285714286,14.958107661528919,18
1381.0,33,10.169885222195113,9.909090909090908,13.172679777937995,24
1382.0,33,10.519154616287455,10.454545454545455,13.823442021725599,19
1383.0,33,12.472139533143125,11.0,14.570436129975667,18
1384.0,33,12.735597560429852,11.545454545454545,15.11908225686916,19
1385.0,33,10.320987150198874,12.090909090909092,15.789496996966195,19
1386.0,32,8.613926796412008,13.03125,16.980737244630554,18
1387.0,32,8.986481403470048,13.71875,17.79744882557442,22
1388.0,32,7.856162905602976,14.4375,18.468943694789804,24
1389.0,33,8.022806493623197,14.727272727272727,18.713954477416763,25
1390.0,33,8.337218994772293,15.454545454545455,19.54090260834195,24
1391.0,34,7.387939501559855,15.705882352941176,19.78158693891814,25
1392.0,34,5.858586485993559,16.41176470588235,20.656433221240814,24
1393.0,38,4.549255721681854,4.026315789473684,19.062505913652085,19
1394.0,40,8.40382657887601,0.1,18.891133559876643,5
1395.0,41,12.59546707214936,0.1951219512195122,19.15264092934081,5
1396.0,41,16.190353286753368,0.3170731707317073,19.826002327145556,5
1397.0,41,21.07771249601882,0.4634146341463415,20.399803292402513,6
1398.0,42,25.4580573358647,0.6190476190476191,20.375999473793417,8
1399.0,33,22.530734641418775,1.0303030303030303,13.207095019449895,9
1400.0,32,23.90461855557266,1.375,11.832307487295823,11
1401.0,22,17.094529397428254,2.4545454545454546,8.496038216080834,10
1402.0,20,15.08296193013062,3.25,7.92199365529049,11
1403.0,15,4.332568594491263,5.2,10.054592935102592,13
1404.0,14,1.0364671761489868,6.5,11.413927793732368,13
1405.0,21,0.30093996260979755,4.9523809523809526,8.270561443046228,20
1406.0,21,2.343748080629563,5.571428571428571,9.224096700424477,13
1407.0,21,4.739984021520704,6.238095238095238,10.129923603566398,14
1408.0,21,6.944097685895298,6.904761904761905,10.992330071195076,14
1409.0,21,8.615640239011999,7.571428571428571,11.823047974384279,14
1410.0,22,9.376918796316318,7.863636363636363,12.0589922670446,15
1411.0,22,11.624307165768617,8.545454545454545,12.834835747656234,15
1412.0,22,13.533090539549756,9.227272727272727,13.573940669468033,15
1413.0,21,12.416869927686095,10.380952380952381,14.854429655598997,15
1414.0,16,0.24678810211762273,14.5625,19.407978770430184,15
1415.0,17,0.002717288820218304,14.647058823529411,19.20745727490415,17
1416.0,17,0.517086571512934,15.588235294117647,20.195973397855855,16
1417.0,23,0.6050857462137247,12.217391304347826,15.65314548384761,22
1418.0,23,2.3949465479911196,12.91304347826087,16.605482914390976,16
1419.0,23,3.5685090957579395,13.608695652173912,17.536307018721622,16
1420.0,24,5.4296610099766065,13.708333333333334,17.65906894490731,17
1421.0,24,8.126224171679569,5.833333333333333,18.50191743444043,9
1422.0,24,8.648741740019604,3.0416666666666665,19.332968810626383,5
1423.0,24,10.45454185817948,0.9583333333333334,20.12585390044698,3
1424.0,24,14.944725591751698,0.25,20.828582314902466,4
1425.0,24,19.65552676166937,0.5,21.436563656675386,6
1426.0,26,22.25077367729212,0.6923076923076923,20.266808561080946,8
1427.0,25,25.903788229107818,0.96,20.135987149112417,6
1428.0,24,28.920432806947286,1.25,19.967066753996516,6
1429.0,31,24.78897095119534,1.1612903225806452,15.74456484351083,13
1430.0,31,25.933497244186505,1.3548387096774193,14.951164107423635,7
1431.0,30,27.715441371189463,1.6,14.71703838275757,6
1432.0,31,28.85957915882458,1.7419354838709677,14.621081797648023,7
1433.0,30,29.241125686631,2.0,14.288988949305573,6
1434.0,28,25.305633332709004,2.392857142857143,13.427358773762819,7
1435.0,27,22.328676240460723,2.6666666666666665,12.227749167017798,7
1436.0,25,18.89272817347458,3.28,10.894204021975456,11
1437.0,25,19.512966906988225,3.72,11.48166845391819,11
1438.0,25,17.862632467658713,4.16,11.419480459259557,12
1439.0,24,16.985514496669563,4.833333333333333,12.127569173370652,12
1440.0,22,15.68303559945542,5.818181818181818,12.235320579766965,12
1441.0,28,10.07690780502238,5.0,8.919406744892804,20
1442.0,27,11.89322140099319,5.62962962962963,8.831796924686854,12
1443.0,27,15.001030513488,6.074074074074074,9.507690657165572,12
1444.0,27,15.02887989903952,6.518518518518518,9.981784851809799,13
1445.0,27,12.951629823577207,6.962962962962963,10.701914610467426,12
1446.0,28,11.950654161801857,7.214285714285714,11.025711841471232,15
1447.0,28,11.193240034308268,7.821428571428571,11.653751904202625,18
1448.0,27,11.088343808406213,8.777777777777779,12.728559835700242,18
1449.0,27,11.969265680500532,9.444444444444445,13.482463919573185,18
1450.0,27,11.341036387040216,10.11111111111111,14.013177263912045,19
1451.0,28,11.751261321273219,10.392857142857142,14.236975098472254,19
1452.0,27,12.02633407357242,11.444444444444445,15.40481986393894,18
1453.0,33,9.414970367673192,9.909090909090908,13.092325380942095,25
1454.0,33,11.114147175718728,10.454545454545455,13.870421626831776,18
1455.0,33,12.87571813110716,11.0,14.612874898527716,18
1456.0,34,13.052477587438016,11.205882352941176,14.76375148615868,20
1457.0,34,12.26396199841142,11.735294117647058,15.519366140156917,18
1458.0,32,9.844335708030663,13.09375,17.056587013316694,20
1459.0,33,9.962181782926553,13.363636363636363,17.309824205194474,23
1460.0,31,8.020044248742902,14.96774193548387,19.00477478973513,23
1461.0,33,6.776752758621523,14.787878787878787,18.649691174039766,26
1462.0,33,5.78766280750374,15.515151515151516,19.529335943845034,24
1463.0,33,4.865990665962849,16.242424242424242,20.428644861598396,24
1464.0,33,5.001549147373204,4.424242424242424,21.190994201216046,15
1465.0,40,7.57230514941444,0.1,18.154487882933847,9
1466.0,41,12.497298801538003,0.21951219512195122,18.43749199256804,6
1467.0,41,17.256395401143216,0.36585365853658536,19.094380093311585,6
1468.0,42,21.196259516520676,0.5,19.194502327773016,7
1469.0,43,24.759474654727764,0.6511627906976745,19.2331238144578,8
1470.0,32,23.44367310646369,1.125,11.9440350453957,8
1471.0,30,25.041466348021675,1.5,11.240912697346722,9
1472.0,22,16.650511972634284,2.5454545454545454,7.781513408451404,12
1473.0,20,14.868055752150113,3.4,7.857155071855395,12
1474.0,14,0.9320973767424678,5.714285714285714,10.607582484114259,12
1475.0,14,1.406457675981957,6.642857142857143,11.577735021995277,13
1476.0,14,1.3515715834470776,7.571428571428571,12.54904381044719,13
1477.0,21,0.35245881522638073,5.666666666666667,9.025213974199161,20
1478.0,21,2.110489886253919,6.333333333333333,9.980040446582963,14
1479.0,21,4.511075227787985,7.0,10.88439806119369,14
1480.0,21,6.537378464225324,7.666666666666667,11.74629519028286,14
1481.0,21,8.128867339285302,8.333333333333334,12.576321539658332,14
1482.0,22,9.591896199995201,8.590909090909092,12.761440125664784,15
1483.0,22,11.48251844209803,9.272727272727273,13.527267346116798,15
1484.0,22,13.078280839150569,9.954545454545455,14.26449646954021,15
1485.0,20,9.87791978286191,11.7,16.17818060208553,15
1486.0,17,2.0660768586816203,14.647058823529411,19.364433643838304,15
1487.0,17,0.006789141874570278,15.588235294117647,20.176661896834933,17
1488.0,17,0.3349751831005803,16.529411764705884,21.168926058866422,16
1489.0,23,0.11696084870707527,12.91304347826087,16.383024456836175,22
1490.0,23,2.0643319586620303,13.608695652173912,17.343119319576523,16
1491.0,23,3.878673532958485,14.304347826086957,18.26797859005329,16
1492.0,23,7.395019804995782,6.869565217391305,19.121081774424262,10
1493.0,23,10.526426708150176,3.608695652173913,19.909601214479352,6
1494.0,23,10.96213203698032,1.1304347826086956,20.68484244137262,2
1495.0,23,13.790189300147903,0.043478260869565216,21.399068334838972,1
1496.0,24,17.400594202220535,0.20833333333333334,21.105692717832643,5
1497.0,25,21.31213985453202,0.4,20.78076052264323,6
1498.0,24,24.393483841918307,0.6666666666666666,20.693714260087052,6
1499.0,24,26.395057989477213,0.9166666666666666,19.65329176897192,7
1500.0,25,27.734584247055633,1.12,19.254836034349957,7
1501.0,31,23.69519307582097,1.096774193548387,15.845290284055103,12
1502.0,31,24.78322830883896,1.2903225806451613,15.136577732537912,7
1503.0,32,25.94453043467208,1.4375,15.099696285347669,7
1504.0,32,27.915451404773084,1.625,15.530118589255004,6
1505.0,31,27.808469204823,1.8709677419354838,15.372188135202961,6
1506.0,30,23.609046938541198,2.1333333333333333,14.08312848451697,7
1507.0,27,21.590946224777777,2.5925925925925926,12.65884406751622,6
1508.0,27,20.089457276956786,2.925925925925926,12.388041811133064,10
1509.0,25,17.253767670683924,3.6,10.780339082672025,12
1510.0,25,19.203739485386354,4.08,11.39345101142315,12
1511.0,23,17.96373559925124,4.956521739130435,10.65244521766429,12
1512.0,23,17.60399789463081,5.478260869565218,10.798431151769726,13
1513.0,28,11.930060520412606,4.928571428571429,8.136562897429743,19
1514.0,28,14.672273593942933,5.357142857142857,8.850139073317846,12
1515.0,28,15.343576090771199,5.785714285714286,9.403301041276652,13
1516.0,27,16.30599685499649,6.444444444444445,10.334323016133242,12
1517.0,26,14.327609933288956,7.153846153846154,11.30232417013738,12
1518.0,27,11.19138520665231,7.37037037037037,11.3449321409192,15
1519.0,27,12.279705035302955,7.925925925925926,12.106288068333106,15
1520.0,26,11.645256330461809,8.884615384615385,13.167361159805413,17
1521.0,26,10.39249945368463,9.576923076923077,13.75204969215791,19
1522.0,26,11.658167140848544,10.26923076923077,14.520984875389134,18
1523.0,26,10.127783992833137,10.961538461538462,15.143504232228407,19
1524.0,26,9.105622141527439,11.653846153846153,15.763125302139047,19
1525.0,32,8.617732736986113,10.03125,13.443036678946472,24
1526.0,32,10.69207192657111,10.59375,14.224733286806005,18
1527.0,33,12.43873277959097,10.818181818181818,14.510143155950862,19
1528.0,34,13.400657651965005,11.029411764705882,14.779929860809652,19
1529.0,34,12.169188839969678,11.558823529411764,15.530424076054896,18
1530.0,33,9.350554781013944,12.484848484848484,16.574898512939555,20
1531.0,33,10.388401982333153,13.121212121212121,17.365772190744217,21
1532.0,33,8.55643566478208,13.818181818181818,18.026759476322407,24
1533.0,34,7.662713638410806,14.147058823529411,18.31236167097104,26
1534.0,32,4.795619832665377,15.8125,20.126523008517253,25
1535.0,33,6.607545339642994,3.9393939393939394,20.352650292677634,15
1536.0,32,9.328226745272094,0.1875,21.699026010054123,2
1537.0,39,11.092873298992437,0.23076923076923078,18.40758189629872,10
1538.0,40,16.102695642265193,0.325,18.606742196103333,5
1539.0,40,21.52515124080232,0.475,19.184105148501583,6
1540.0,41,25.772841310474,0.6341463414634146,19.185679627170018,8
1541.0,32,23.44789873820017,1.0625,12.378009343186422,9
1542.0,30,25.844513538995642,1.4333333333333333,10.949001296300262,9
1543.0,20,16.0087800531298,2.6,7.185079214089976,10
1544.0,19,16.121211148569998,3.210526315789474,6.9462298473356086,9
1545.0,18,14.32072504050183,3.9444444444444446,7.864101576474598,10
1546.0,13,1.9395630119322878,6.230769230769231,10.590737459221621,10
1547.0,13,0.9176769583234691,7.153846153846154,11.569182573990192,12
1548.0,13,0.2714096082018951,8.076923076923077,12.562805325435626,12
1549.0,20,0.004329626559419361,5.9,8.815720693944554,20
1550.0,20,2.4234012606372346,6.55,9.76838359179502,13
1551.0,20,4.930823436427762,7.2,10.672121934028757,13
1552.0,20,7.375109682911149,7.85,11.527547402464872,13
1553.0,20,9.053581374140922,8.5,12.349376091812205,13
1554.0,21,10.230528915394613,8.714285714285714,12.512168814289751,14
1555.0,21,12.604097908808672,9.380952380952381,13.26407564268925,14
1556.0,21,14.02709514806103,10.047619047619047,13.989877399560958,14
1557.0,18,7.941512228507956,12.5,16.676855882462018,14
1558.0,15,0.2510066946092809,15.933333333333334,20.329033194250954,14
1559.0,16,0.03880556711469752,15.8125,19.995214881014356,15
1560.0,16,0.4603352668263568,16.75,20.987190572529993,15
1561.0,22,0.08321008263262022,12.863636363636363,15.98923329852703,21
1562.0,22,1.8663325526358088,13.545454545454545,16.952739150826286,15
1563.0,22,5.563585044341803,6.909090909090909,17.840823512136065,10
1564.0,22,10.398819604515598,3.4545454545454546,18.629479808100335,6
1565.0,22,14.98888823471715,1.0,19.321635172984774,2
1566.0,22,15.870737794945628,0.0,19.988423838324742,0
1567.0,22,17.99153850306268,0.045454545454545456,20.609383170732237,1
1568.0,24,20.664920838900485,0.20833333333333334,19.37303889623244,6
1569.0,24,24.199943071501128,0.4583333333333333,19.866173142239987,6
1570.0,23,27.00074336493909,0.7391304347826086,19.75151742883445,6
1571.0,24,28.097220895034,0.9583333333333334,19.306573505221046,7
1572.0,24,27.688851153003295,1.2083333333333333,18.14959525862839,7
1573.0,30,23.68267756814264,1.1666666666666667,14.82597646774753,12
1574.0,31,24.73552335653675,1.3225806451612903,14.80099461674622,7
1575.0,32,25.873923841866667,1.46875,14.771242863616651,7
1576.0,30,26.78016317636777,1.7666666666666666,13.980343679178556,6
1577.0,30,26.494246949923994,1.9666666666666666,13.309114063406282,7
1578.0,28,24.180730656774443,2.3214285714285716,12.492074210821857,6
1579.0,26,20.545699938966266,2.730769230769231,10.62574433633338,7
1580.0,26,19.641804579501706,3.0384615384615383,10.439502971755392,9
1581.0,23,17.109195778298734,3.9130434782608696,9.998540131304473,11
1582.0,23,18.193259744235466,4.391304347826087,10.605343838087567,11
1583.0,23,16.98130682829048,4.913043478260869,9.885562007283527,13
1584.0,22,17.149318501321897,5.681818181818182,9.757667711662437,12
1585.0,28,12.603698658798415,4.892857142857143,8.017438975081246,19
1586.0,28,12.832144986505048,5.321428571428571,8.557667328598333,13
1587.0,28,15.516858523614934,5.75,9.234334359266681,12
1588.0,27,16.476299370672685,6.407407407407407,10.116712064277616,12
1589.0,27,13.45983830536416,6.851851851851852,10.686846166095867,13
1590.0,27,11.143062871311468,7.296296296296297,11.278452183261656,13
1591.0,26,10.358238956304412,8.115384615384615,12.409409643646368,14
1592.0,27,10.91036208433855,8.444444444444445,12.695506875554273,18
1593.0,26,10.439247958425842,9.461538461538462,13.84083171818976,18
1594.0,26,11.774702537212221,10.153846153846153,14.608436817686147,18
1595.0,28,11.304301890576998,10.071428571428571,14.27084044312723,20
1596.0,27,11.443326799033112,11.11111111111111,15.466158632906831,18
1597.0,33,10.045384110723994,9.636363636363637,13.276883411471859,24
1598.0,34,11.335382513678537,9.882352941176471,13.633841158590108,19
1599.0,32,11.341823674905408,11.0625,15.020369675995601,18
1600.0,33,12.893615525287668,11.272727272727273,15.278896068653333,19
1601.0,33,10.444066244403947,11.818181818181818,15.826601911156448,19
1602.0,33,10.575682481284895,12.454545454545455,16.61777192139302,21
1603.0,33,8.2611909173995,13.090909090909092,17.297573821416474,22
1604.0,32,5.439214368938041,14.25,18.615508052023092,24
1605.0,33,3.829101202690599,14.575757575757576,18.945043753115485,26
1606.0,33,4.641301480664579,3.606060606060606,19.718828441811958,16
1607.0,34,8.998617793385858,0.20588235294117646,19.93046463615887,4
1608.0,34,13.316098306964784,0.35294117647058826,20.665793675857977,5
1609.0,40,15.839183023101437,0.425,18.10109901677273,11
1610.0,42,19.74586896769687,0.5714285714285714,17.79994277150849,9
1611.0,43,23.456158453083855,0.7209302325581395,17.896688102180203,8
1612.0,32,20.71119856396487,1.1875,11.232583429203096,7
1613.0,31,23.539503403907354,1.5161290322580645,10.6273616259873,9
1614.0,19,11.55465786870802,2.9473684210526314,7.178723089952893,9
1615.0,20,12.23042016682596,3.3,7.530970293897613,11
1616.0,20,13.886070273785728,3.9,8.260180957772661,12
1617.0,20,15.286204310165788,4.5,8.961494380104252,12
1618.0,15,4.0263276462998725,6.866666666666666,11.654037049726055,13
1619.0,14,1.4445771500119247,8.285714285714286,13.21649642270863,13
1620.0,14,0.3642795096495186,9.214285714285714,14.207918894972236,13
1621.0,21,0.1035000896773238,6.761904761904762,10.136175050294911,20
1622.0,21,2.18079771902005,7.428571428571429,11.092712359920684,14
1623.0,21,4.479430777419926,8.095238095238095,12.003275390890103,14
1624.0,21,5.999265288365135,8.761904761904763,12.884178983616598,14
1625.0,21,7.814867254339436,9.428571428571429,13.72977704055926,14
1626.0,22,9.15599896531807,9.636363636363637,13.878799210058606,15
1627.0,22,11.128834032883852,10.272727272727273,14.658639980517599,14
1628.0,22,12.89787261076525,10.954545454545455,15.404241732846588,15
1629.0,21,11.666970610833094,12.19047619047619,16.76088566407518,15
1630.0,16,0.25735817120864923,16.9375,21.897149553270335,15
1631.0,17,0.05008827185854566,16.823529411764707,21.549269630313884,16
1632.0,17,0.3910072446817184,17.764705882352942,22.542393389730066,16
1633.0,23,0.16126563089285295,13.826086956521738,17.398071570093737,22
1634.0,23,3.840967770091384,6.3478260869565215,18.32409063847383,10
1635.0,23,8.75420818305568,3.260869565217391,19.153122407866114,6
1636.0,23,14.442748364597227,1.0434782608695652,19.86822713054378,2
1637.0,23,18.684036683896707,0.0,20.497227974478403,0
1638.0,23,20.433436650702845,0.0,21.086933775234176,0
1639.0,25,20.98366548698745,0.0,19.897485220983384,2
1640.0,25,25.31130899789275,0.12,20.387079354710476,3
1641.0,24,28.10493503420465,0.375,20.170551333868808,6
1642.0,26,28.428707677179002,0.5769230769230769,18.973723868101754,8
1643.0,26,30.143379489119383,0.8076923076923077,19.37459555252541,6
1644.0,24,30.341786715863766,1.125,18.357502085754863,6
1645.0,31,24.936578591907065,1.064516129032258,14.495559311931743,13
1646.0,30,24.38117373944442,1.3,13.128037317649959,7
1647.0,28,25.813847049255127,1.6071428571428572,12.22605629584665,6
1648.0,29,27.192769908203637,1.7586206896551724,12.228227473051843,7
1649.0,26,26.877043714621458,2.1923076923076925,10.633978739168906,6
1650.0,26,24.62079330335043,2.423076923076923,11.143631690767968,6
1651.0,26,19.920225574302837,2.730769230769231,9.645802999321786,10
1652.0,25,20.417874957449904,3.28,9.926015465382555,11
1653.0,22,18.28387715485402,4.2272727272727275,8.64804596164972,11
1654.0,22,17.223269871771354,4.7727272727272725,8.738736558727934,13
1655.0,20,15.04062628005933,5.85,9.830977149509241,12
1656.0,20,16.810751177053923,6.45,10.499651157403562,12
1657.0,27,11.222943600229028,5.222222222222222,8.121515507854742,20
1658.0,26,12.838116710113221,5.884615384615385,9.030754086726828,12
1659.0,26,15.010742430331401,6.346153846153846,9.733418525819244,12
1660.0,27,16.101529338042937,6.555555555555555,10.017525800706748,13
1661.0,27,14.654580144449334,7.0,10.72744865810026,12
1662.0,27,12.630391934941969,7.518518518518518,11.333491119242161,15
1663.0,27,11.498028040665533,8.037037037037036,11.929088011579667,15
1664.0,26,11.2643883409813,9.038461538461538,13.021875647656897,18
1665.0,26,12.090424509642041,9.73076923076923,13.781928250559268,18
1666.0,25,9.722001454960784,10.84,14.843287721009776,19
1667.0,26,10.11237719302471,11.115384615384615,15.030393405280547,19
1668.0,26,10.84099895088191,11.807692307692308,15.811936567297515,18
1669.0,32,8.134088406528157,10.15625,13.367273843529302,25
1670.0,32,10.22881970758869,10.71875,14.159465408032606,18
1671.0,32,12.314260266283224,11.28125,14.910091008388964,18
1672.0,33,11.770235608887178,11.484848484848484,15.062861503395423,20
1673.0,33,10.800932605560819,12.030303030303031,15.842334673024455,18
1674.0,34,9.2124605146508,12.235294117647058,16.15720103893228,20
1675.0,33,6.772229045709374,13.272727272727273,17.383976359844237,22
1676.0,32,4.855037363262892,14.4375,18.73595691635476,24
1677.0,34,5.842221744952613,3.088235294117647,18.45761001021795,14
1678.0,33,8.805835221328191,0.09090909090909091,19.737205080385586,3
1679.0,34,13.38715069853245,0.20588235294117646,19.863515050902468,5
1680.0,34,18.35151615886154,0.35294117647058826,20.501863221211245,5
1681.0,40,19.750907110262645,0.475,17.887785197874326,13
1682.0,42,23.162338861388875,0.6190476190476191,17.53278698245221,9
1683.0,33,19.66978261808245,1.0,11.217323550149949,8
1684.0,31,22.696812181516783,1.3548387096774193,9.993749933866512,9
1685.0,19,10.88813396849918,2.6842105263157894,6.6390199935985414,9
1686.0,19,11.743723593568149,3.210526315789474,7.40383314930806,10
1687.0,20,11.879373889600718,3.6,7.746716569421807,12
1688.0,20,13.927140824811199,4.2,8.471369033891623,12
1689.0,20,14.970831820577676,4.85,9.177102957324696,13
1690.0,14,1.3304295433537294,7.857142857142857,12.645912715300256,13
1691.0,14,1.3056351206685832,8.785714285714286,13.622627943684979,13
1692.0,14,0.34342782958080365,9.714285714285714,14.616503450060007,13
1693.0,21,0.07776203087680708,7.095238095238095,10.409615483352011,20
1694.0,21,2.4464272694935096,7.714285714285714,11.360476446852058,13
1695.0,21,4.784660337951982,8.380952380952381,12.264542917845151,14
1696.0,21,6.647032455606484,9.047619047619047,13.128751839978165,14
1697.0,21,8.402798500552906,9.714285714285714,13.955734774494314,14
1698.0,22,9.595879483847293,9.954545454545455,14.077820343985826,16
1699.0,22,11.786258469030573,10.636363636363637,14.835215804216274,15
1700.0,22,13.061460195832337,11.318181818181818,15.568561190747367,15
1701.0,20,9.41616439046705,13.2,17.61398394988156,15
1702.0,17,2.455629748262721,16.41176470588235,21.112741223088165,15
1703.0,17,0.004845894999162561,17.352941176470587,21.89208084895315,17
1704.0,17,0.32800811259675183,18.294117647058822,22.885449672719528,16
1705.0,23,2.15643399154229,6.3478260869565215,17.609350487925614,15
1706.0,23,7.205161213407381,3.3043478260869565,18.45967540707798,5
1707.0,23,12.416997490723041,1.0,19.20317471623539,2
1708.0,23,18.946431821276477,0.0,19.813541724037094,0
1709.0,24,23.359375132213465,0.0,19.469145405414903,1
1710.0,25,23.43644309768011,0.04,19.17681000139399,2
1711.0,25,25.51971586551086,0.04,19.66524640468264,1
1712.0,24,28.099495243367596,0.16666666666666666,19.446487611897258,3
1713.0,26,28.476539207447658,0.34615384615384615,18.311398413851528,7
1714.0,25,29.323428396820272,0.6,17.992399179383543,6
1715.0,25,31.126971241803002,0.84,18.37530063169275,6
1716.0,25,30.5096412320741,1.08,17.319965460377293,7
1717.0,31,25.76330399449094,1.064516129032258,14.26514883196227,12
1718.0,30,25.77995273571054,1.3,12.873765194414108,7
1719.0,29,26.055286485142823,1.5517241379310345,11.672644038620213,7
1720.0,26,26.63122690008835,1.9615384615384615,10.163243845834332,6
1721.0,25,27.959860004817344,2.28,9.982069324606526,6
1722.0,22,19.63216781559153,2.8636363636363638,7.87501999919973,7
1723.0,22,16.578093227299025,3.1818181818181817,7.203080669676184,8
1724.0,21,16.28691297206577,3.761904761904762,7.8071069148135575,9
1725.0,22,16.50852992965477,4.136363636363637,8.073353501856134,13
1726.0,20,14.02454461088885,5.15,9.138261505770497,12
1727.0,20,14.772143804207852,5.75,9.834165081837103,12
1728.0,21,15.116372950706756,6.0476190476190474,10.008584478813866,13
1729.0,26,9.444793551504329,5.346153846153846,8.33319873663771,19
1730.0,26,12.201366253708247,5.8076923076923075,9.086953741959967,12
1731.0,27,14.354800647370032,6.037037037037037,9.427172357400163,13
1732.0,27,16.161352819133924,6.481481481481482,10.10723415995224,12
1733.0,26,13.080720701924605,7.1923076923076925,11.116475574783133,12
1734.0,28,12.059776813221024,7.214285714285714,11.01304117716853,17
1735.0,27,12.020548295255118,8.074074074074074,12.073013121888941,16
1736.0,27,12.938400930100194,8.74074074074074,12.823249623136144,18
1737.0,27,12.596971390295797,9.407407407407407,13.40996039020815,19
1738.0,26,12.076633197698794,10.461538461538462,14.56480186449568,18
1739.0,26,10.782716134306058,11.153846153846153,15.175062826283616,19
1740.0,26,10.008549471449752,11.846153846153847,15.79683220836999,19
1741.0,32,8.918003632465455,10.1875,13.4788637427525,24
1742.0,32,11.346675078141217,10.75,14.263238233680424,18
1743.0,32,11.596337133921237,11.3125,14.873403659110469,19
1744.0,33,12.91087697545336,11.515151515151516,15.142572533089378,19
1745.0,33,9.35990888407099,12.06060606060606,15.81084796075171,19
1746.0,33,7.588951455520866,12.636363636363637,16.66455793546669,19
1747.0,33,5.257792813582355,13.333333333333334,17.429870805920775,24
1748.0,33,7.097423134246468,2.9696969696969697,18.289053851114037,13
1749.0,34,8.263506087774475,0.11764705882352941,18.411897113463038,4
1750.0,34,12.16887653135361,0.2647058823529412,19.16850144643893,5
1751.0,34,17.439176303869633,0.4117647058823529,19.821019933777357,5
1752.0,35,21.638878357629764,0.5714285714285714,19.7944762321303,7
1753.0,42,21.14137100632031,0.6428571428571429,16.90849289285108,14
1754.0,35,19.70972627403841,0.9714285714285714,12.29053548453632,8
1755.0,31,20.32887930717612,1.3548387096774193,9.631588564807378,8
1756.0,23,14.122777381014759,2.260869565217391,8.263791051824533,10
1757.0,19,9.52258828735649,3.3157894736842106,7.363846925855846,11
1758.0,19,11.887407762742988,3.9473684210526314,8.099931889009929,12
1759.0,20,12.656066925077278,4.35,8.368591215493032,13
1760.0,20,13.598437949291986,5.0,9.074395405291398,13
1761.0,20,13.784733465483582,5.65,9.776732338956831,13
1762.0,15,4.062819141483276,8.4,12.932561022615005,13
1763.0,14,1.4227575378553277,9.928571428571429,14.622911717330338,13
1764.0,14,0.2654797150189022,10.857142857142858,15.617828695070296,13
1765.0,21,0.05395698811075509,7.857142857142857,11.077519382060963,20
1766.0,21,2.461638361363577,8.523809523809524,12.024745206941539,14
1767.0,21,4.841432386376044,9.19047619047619,12.920942784907357,14
1768.0,21,6.348808702977049,9.857142857142858,13.784591267552495,14
1769.0,21,8.217616270994217,10.523809523809524,14.607804044974133,14
1770.0,22,9.801400410302898,10.727272727272727,14.687696926063422,16
1771.0,22,11.803784292469786,11.409090909090908,15.434512699331316,15
1772.0,22,12.64428204302951,12.090909090909092,16.16397682136179,15
1773.0,22,12.715882614259368,12.772727272727273,16.8923599618304,15
1774.0,16,0.009446088182696261,18.5625,23.129037189948995,16
1775.0,17,0.0035270479079175443,18.41176470588235,22.709606077809134,17
1776.0,17,3.145011706264853,8.647058823529411,23.64903106333063,9
1777.0,23,5.318637747245796,3.3043478260869565,18.11459171391349,11
1778.0,23,10.689438612972411,0.9130434782608695,18.902758866932277,1
1779.0,23,16.856507141938774,0.0,19.565449204987768,0
1780.0,23,23.074284041416448,0.0,20.10099361518744,0
1781.0,25,26.56024475085884,0.0,18.8770548297994,2
1782.0,25,28.316905099214882,0.0,19.305039699903038,0
1783.0,24,28.802149396919425,0.041666666666666664,19.00378844128505,1
1784.0,25,29.9158236910802,0.16,18.59543091877769,4
1785.0,26,29.73498075655096,0.38461538461538464,18.237589267400026,7
1786.0,24,29.521267895469975,0.6666666666666666,17.191503668384,6
1787.0,25,28.697740910876064,0.88,16.88172927571229,7
1788.0,23,27.507317832616526,1.2173913043478262,15.97221305064745,6
1789.0,27,21.588393223243706,1.2592592592592593,11.494207778293584,12
1790.0,27,21.952798618321086,1.4814814814814814,11.288963330060964,7
1791.0,27,22.76129904144552,1.7037037037037037,10.58085250120217,7
1792.0,26,24.47940306064855,2.0,10.208685546354133,6
1793.0,25,24.823245770874305,2.32,9.98644552617855,6
1794.0,24,19.250764644584393,2.6666666666666665,9.253548729892234,7
1795.0,24,16.71296484526307,2.9583333333333335,8.898341605730643,8
1796.0,22,15.358165898804982,3.6818181818181817,8.271911554078114,10
1797.0,23,16.521120801588193,4.043478260869565,8.549321454087192,13
1798.0,21,15.637540477508255,5.0,9.322662029072882,12
1799.0,21,17.069978062073172,5.571428571428571,9.993525901304814,12
1800.0,21,13.614173889437836,6.142857142857143,10.05339026598322,14
1801.0,26,10.341726219181687,5.423076923076923,8.480388070236852,18
1802.0,26,13.619788873579266,5.884615384615385,9.205413106790454,12
1803.0,26,13.5478859213922,6.346153846153846,9.713155528533035,13
1804.0,26,15.525096232194821,6.8076923076923075,10.395183602025428,12
1805.0,26,14.023755423278939,7.269230769230769,11.107169532813865,12
1806.0,28,12.004234074634084,7.25,10.996923922019132,16
1807.0,28,12.929655135450044,7.857142857142857,11.731384015657735,17
1808.0,26,11.388927222361152,9.153846153846153,13.108934244687704,18
1809.0,27,11.924211448066798,9.481481481481481,13.344614492264766,19
1810.0,26,11.43518244655323,10.538461538461538,14.476364117001632,18
1811.0,26,10.206545046630389,11.23076923076923,15.086267075229499,19
1812.0,27,10.571189671229071,11.481481481481481,15.266754167148635,19
1813.0,33,9.40761895799776,9.93939393939394,13.109944805321435,24
1814.0,32,10.166720339742925,10.8125,14.209347507788765,18
1815.0,33,11.920981831158084,11.030303030303031,14.501124344483324,19
1816.0,33,11.468990999685513,11.575757575757576,15.085567055415357,19
1817.0,32,8.189267171153174,12.5,16.290579250971888,18
1818.0,33,5.3954440001603325,12.727272727272727,16.648157493712176,21
1819.0,33,6.79858713575815,2.6363636363636362,17.507339706534815,12
1820.0,33,10.566544871871479,0.12121212121212122,18.295055189931997,2
1821.0,34,12.855144665360442,0.23529411764705882,18.328632440632813,6
1822.0,35,16.7083392053911,0.37142857142857144,18.448636686806793,6
1823.0,35,21.659051385669315,0.5142857142857142,19.02298356381054,5
1824.0,35,26.91533679911345,0.7142857142857143,19.49406180584711,7
1825.0,32,18.841695629846072,1.03125,9.908437308136026,15
1826.0,32,18.472889433903998,1.28125,8.522009111705366,10
1827.0,20,5.438541785772401,2.5,5.8491750900976545,9
1828.0,20,7.305943694651268,3.05,6.702870973537758,11
1829.0,20,8.9674287079196,3.6,7.523873625797954,11
1830.0,20,11.18288906228083,4.2,8.301842165072525,12
1831.0,21,11.992613683357085,4.619047619047619,8.623803036870198,14
1832.0,21,13.914267519012709,5.238095238095238,9.352223668350055,13
1833.0,20,12.854547590945037,6.15,10.404000595048185,13
1834.0,15,0.5786614719496694,9.133333333333333,13.715402926352677,14
1835.0,15,0.17192737292119947,10.066666666666666,14.712038756235703,14
1836.0,16,0.07778710597013073,10.3125,14.7285150160902,15
1837.0,22,0.37686133848044906,8.181818181818182,11.430732787431667,21
1838.0,22,2.6305101471836987,8.863636363636363,12.377349884860616,15
1839.0,22,4.536907722445298,9.545454545454545,13.286106042029916,15
1840.0,22,5.879726384066747,10.272727272727273,14.169558661100835,16
1841.0,22,7.900747024644384,11.0,15.013289989571218,16
1842.0,23,9.420063012471765,11.217391304347826,15.130623537644869,17
1843.0,23,11.583119310774887,11.91304347826087,15.900513421999182,16
1844.0,23,12.295461103678655,12.608695652173912,16.657418922233884,16
1845.0,20,7.244694191508116,15.35,19.590168750269818,17
1846.0,17,0.003826668351627819,19.058823529411764,23.449297966193548,17
1847.0,17,2.884758975724855,9.176470588235293,24.38713889666271,10
1848.0,17,6.39849261045322,4.882352941176471,25.251803663446186,6
1849.0,23,8.585713859431136,1.0869565217391304,19.224089499970827,8
1850.0,23,15.009288408533797,0.0,19.913555935558456,0
1851.0,23,21.766197735541336,0.0,20.462474894094328,0
1852.0,25,26.104118439618837,0.0,19.206426853869967,2
1853.0,25,30.124723773718937,0.0,19.586113096968788,0
1854.0,23,28.472944895273045,0.0,18.770887028289067,0
1855.0,25,26.92277342767981,0.0,17.6400664827083,2
1856.0,25,28.98729204908147,0.12,18.048655143665766,3
1857.0,24,30.253400716372905,0.375,17.778409708807732,6
1858.0,26,28.787527925961825,0.5769230769230769,16.751717490153627,8
1859.0,26,30.06340791264327,0.8076923076923077,17.144292612589247,6
1860.0,23,28.738675793082958,1.173913043478261,15.435565553751935,6
1861.0,29,22.77066371570147,1.1379310344827587,11.321165764532047,13
1862.0,27,21.522577378170645,1.4444444444444444,9.276417359616717,7
1863.0,27,24.224409077740937,1.6666666666666667,9.778585982791789,6
1864.0,24,21.962401169147146,2.125,7.299082904762749,7
1865.0,24,23.822640301409994,2.375,7.805606635652701,6
1866.0,23,19.932814952068323,2.739130434782609,8.014288456981733,6
1867.0,24,16.62319911446533,2.875,7.770052226137711,8
1868.0,24,17.62636250452326,3.2916666666666665,8.399991497783253,10
1869.0,22,16.31877960180784,4.136363636363637,8.409067609610656,12
1870.0,23,17.185874275879367,4.478260869565218,8.649158395204237,13
1871.0,22,17.391207374621604,5.2272727272727275,9.393856868505006,12
1872.0,21,14.978888778170747,6.0476190476190474,9.975028330162413,13
1873.0,28,12.396551350429032,4.964285714285714,7.971233869341972,19
1874.0,27,13.577836968631425,5.592592592592593,8.833073253162205,12
1875.0,27,16.03589421922506,6.037037037037037,9.49909635514407,12
1876.0,27,16.075073819235964,6.481481481481482,9.993154365302518,13
1877.0,27,14.072452967280215,6.925925925925926,10.703280715985603,12
1878.0,28,13.325141102457424,7.107142857142857,11.011883971298335,13
1879.0,27,11.379603796485815,7.962962962962963,11.909971186456167,17
1880.0,27,12.381300173262147,8.592592592592593,12.664395777660195,17
1881.0,26,11.827202365279357,9.615384615384615,13.78416711685265,18
1882.0,25,8.94557875540069,10.72,14.836209417549016,19
1883.0,26,9.747868374439408,11.0,15.03163722829623,19
1884.0,26,10.972965027786877,11.692307692307692,15.809688704382893,18
1885.0,33,9.27462017937676,9.757575757575758,13.056155379183268,25
1886.0,33,11.2891715653716,10.303030303030303,13.826500515173366,18
1887.0,33,10.978405959029052,10.848484848484848,14.492552659022149,19
1888.0,33,9.896089842273847,11.424242424242424,15.172127343146574,20
1889.0,32,6.480759472410446,12.375,16.374002275969993,19
1890.0,33,6.6736729600717215,2.242424242424242,16.71880629296631,10
1891.0,33,8.309198114225268,0.21212121212121213,17.403874977106522,4
1892.0,33,13.188233012423309,0.30303030303030304,18.138540304122575,3
1893.0,34,17.557650156915734,0.4411764705882353,18.220774720730585,6
1894.0,35,20.953427621580733,0.6,18.24995292720511,7
1895.0,36,24.545516632118083,0.7777777777777778,18.223675722262143,8
1896.0,26,21.76635527966892,1.3461538461538463,12.106440594473545,7
1897.0,30,18.180242420444902,1.4666666666666666,8.5251620789554,15
1898.0,23,9.797229789847922,2.3043478260869565,7.213755332094358,10
1899.0,19,4.601266761727445,3.3157894736842106,6.648904236246657,10
1900.0,19,7.307299893459965,3.9473684210526314,7.502406287438215,12
1901.0,19,10.050483103452198,4.578947368421052,8.301380385256218,12
1902.0,19,11.815534418100798,5.2105263157894735,9.064518191621207,12
1903.0,20,12.739474376364868,5.55,9.30487027157688,13
1904.0,20,14.207707418693472,6.15,10.016880218293775,12
1905.0,20,14.891399809995542,6.8,10.7142298876979,13
1906.0,14,0.7610969645964663,10.642857142857142,14.909520478198447,13
1907.0,14,0.14454253082952145,11.571428571428571,15.905900754586474,13
1908.0,15,0.004557515164869371,11.733333333333333,15.778726857297881,15
1909.0,21,0.392879451463513,9.047619047619047,11.977562503632324,20
1910.0,21,2.8580812968038476,9.714285714285714,12.918985341152915,14
1911.0,21,4.886366622117732,10.380952380952381,13.817739825908964,14
1912.0,21,6.161809563206925,11.047619047619047,14.687967947783424,14
1913.0,21,7.947403057855014,11.761904761904763,15.520195725027637,15
1914.0,22,9.402064596933531,11.909090909090908,15.570897044258745,16
1915.0,22,11.453628587080457,12.590909090909092,16.329102720805125,15
1916.0,22,12.409388130912076,13.272727272727273,17.067750641054587,15
1917.0,21,10.49222338235004,14.619047619047619,18.518888135296443,15
1918.0,16,2.5845486674949947,9.9375,24.308131788908177,10
1919.0,16,6.814064790654325,5.3125,25.170327437847433,6
1920.0,16,11.80615556447288,1.5,25.932700118269796,2
1921.0,22,13.07931979192946,0.0,19.32352234990701,6
1922.0,22,19.783447388774107,0.0,19.925165591004156,0
1923.0,24,25.076783994410828,0.0,18.6775819949825,2
1924.0,24,30.86834895150479,0.0,19.05931345605186,0
1925.0,23,34.00685142440027,0.0,18.77666154588017,0
1926.0,25,30.350808474129103,0.0,17.585032034905655,2
1927.0,25,29.231848130872518,0.04,17.996105358739477,1
1928.0,24,29.230953902513065,0.25,17.64745600293934,5
1929.0,26,27.93056987643634,0.46153846153846156,16.648812407196537,8
1930.0,26,29.198626589351893,0.6923076923076923,17.05900801806829,6
1931.0,23,28.174750748339594,1.0434782608695652,15.366545613967205,6
1932.0,23,28.201515784227002,1.3043478260869565,14.49611201334602,7
1933.0,26,20.866984644049626,1.3846153846153846,9.746480678818633,12
1934.0,26,21.52927420873598,1.6153846153846154,9.699560771779232,7
1935.0,25,21.294725546419706,1.92,7.998139601926948,7
1936.0,24,23.58323258396727,2.25,7.499504908268815,6
1937.0,23,24.908187075620756,2.608695652173913,7.502417396554288,6
1938.0,23,21.100587120848555,2.869565217391304,6.738751994594493,7
1939.0,23,17.845371135933632,3.1739130434782608,6.8329538516668915,8
1940.0,22,17.484476051925814,3.772727272727273,7.593077004372838,10
1941.0,22,16.679578913060737,4.318181818181818,8.031035250062878,13
1942.0,21,16.088792822987337,5.095238095238095,8.890560171331675,12
1943.0,20,15.621094549287905,5.95,9.83599923933494,12
1944.0,22,14.82346030688354,5.954545454545454,9.548431173106207,14
1945.0,27,11.512777639071144,5.296296296296297,8.185161596414066,18
1946.0,26,12.89075872226059,5.961538461538462,9.10171749129906,12
1947.0,27,14.842977363110961,6.185185185185185,9.422472946450418,13
1948.0,26,15.667064957895777,6.884615384615385,10.35251321483158,12
1949.0,26,13.548152272298934,7.346153846153846,11.070678267113017,12
1950.0,27,10.888166388361142,7.518518518518518,11.227868919559265,14
1951.0,26,10.194596565030267,8.384615384615385,12.318150996943983,15
1952.0,26,10.860187287665735,9.076923076923077,13.084679745990918,18
1953.0,27,11.328662581091281,9.407407407407407,13.319163207418312,19
1954.0,26,10.464461374214968,10.461538461538462,14.471078881095405,18
1955.0,26,9.75022786068503,11.153846153846153,15.094970040871601,19
1956.0,26,10.725769739611408,11.846153846153847,15.861083575441542,18
1957.0,32,7.904347510858328,10.1875,13.386978996616659,25
1958.0,32,10.050744149512218,10.75,14.163613494217952,18
1959.0,33,10.550734688153277,10.969696969696969,14.470352951084221,19
1960.0,34,9.816923746518505,11.205882352941176,14.798554419096128,20
1961.0,33,8.257084278062957,1.9696969696969697,15.972152986980841,7
1962.0,33,9.475844977168412,0.09090909090909091,16.660083005717137,2
1963.0,34,13.313283771855364,0.14705882352941177,16.876597038614243,3
1964.0,34,18.161813823927123,0.2647058823529412,17.516879086493827,4
1965.0,35,22.698627513015843,0.42857142857142855,17.538098672057753,7
1966.0,35,25.300023607287244,0.6,16.873056696796596,7
1967.0,25,19.91873269665168,1.12,9.150737918871535,8
1968.0,24,21.685001449533463,1.5,9.3375452017633,8
1969.0,21,5.856681431559387,2.1904761904761907,6.218781078386224,16
1970.0,20,2.3627265267433906,2.85,6.195509811718877,12
1971.0,20,4.4101371877181945,3.45,7.111067011261613,12
1972.0,20,6.837704905489131,4.05,7.9811244195834545,12
1973.0,20,9.757468026730269,4.7,8.795491114020042,13
1974.0,20,11.568555227455684,5.35,9.57613974259893,13
1975.0,21,12.343796874017725,5.714285714285714,9.83986267674625,14
1976.0,21,13.877684374401712,6.333333333333333,10.578469987875962,13
1977.0,19,10.609467541366927,7.7368421052631575,12.125613971512005,14
1978.0,15,0.9590370689378801,10.733333333333333,15.442899524263106,14
1979.0,15,0.10371065734975196,11.666666666666666,16.440817988138196,14
1980.0,16,0.0321152544267278,11.8125,16.350122279444363,15
1981.0,22,0.38408020290140504,9.272727272727273,12.608742509722829,21
1982.0,22,2.580068607169669,9.954545454545455,13.554429764215246,15
1983.0,22,4.051209856487872,10.636363636363637,14.472284890474361,15
1984.0,22,5.551652452773458,11.318181818181818,15.362631449077327,15
1985.0,22,7.581654153897131,12.045454545454545,16.21255231557781,16
1986.0,23,6.097039601362557,12.217391304347826,16.34924652222077,17
1987.0,23,6.126873912098706,12.956521739130435,17.23664784941404,17
1988.0,23,6.616771272877181,13.73913043478261,18.11765189326609,18
1989.0,22,6.455207395045254,7.045454545454546,19.641898740853936,12
1990.0,20,5.173465308512535,4.4,22.158146473639672,9
1991.0,20,9.553999784587537,1.8,22.9553310323635,5
1992.0,20,14.711669421346132,0.7,23.64407012587479,3
1993.0,26,15.628813201789223,0.6538461538461539,18.627867284996086,9
1994.0,28,20.117230939844497,0.7142857142857143,17.803845082297077,5
1995.0,28,25.225567284286477,0.8214285714285714,18.278030391837014,3
1996.0,26,28.190549189791547,1.0,17.52978371422909,3
1997.0,27,28.826033397514806,1.0740740740740742,17.247588146789102,4
1998.0,28,26.223354332437694,1.1428571428571428,17.053497816710024,4
1999.0,27,25.527872979569718,1.3703703703703705,16.84180988234876,5
2000.0,28,25.6087932162767,1.5714285714285714,16.6778726429193,8
2001.0,29,26.214990499929392,1.8275862068965518,16.53104358174805,10
2002.0,28,26.133593115147757,2.2142857142857144,16.503333705893024,9
2003.0,28,25.79463225277283,2.5357142857142856,15.669652580227288,10
2004.0,24,23.054909913935628,3.3333333333333335,13.769703562216861,9
2005.0,30,20.25789155060405,2.966666666666667,11.41122225357188,15
2006.0,29,18.76323673515962,3.3793103448275863,9.166699123892467,11
2007.0,28,20.62263808230165,3.8214285714285716,9.3716261653539,9
2008.0,25,20.3980930141344,4.64,8.255969741661433,9
2009.0,26,19.935902260271984,4.8076923076923075,8.499585026260473,10
2010.0,24,15.756875762702093,5.583333333333333,9.354759200541972,9
2011.0,25,14.833728834419528,5.8,9.651601834881587,12
2012.0,25,14.553004857489245,6.4,10.140134507423598,16
2013.0,24,14.659994376973852,7.291666666666667,11.155942541010331,15
2014.0,23,13.726100033023073,8.26086956521739,12.20756567295197,15
2015.0,24,13.887612974844496,8.541666666666666,12.386598215989748,16
2016.0,23,11.259678967569378,9.565217391304348,13.337269517252878,16
2017.0,29,9.728984601324338,8.10344827586207,11.177521594002487,21
2018.0,29,10.454094167275612,8.620689655172415,11.811761443810315,16
2019.0,29,12.75958999941891,9.137931034482758,12.552744332101533,15
2020.0,29,14.41756289267824,9.655172413793103,13.259621303675782,15
2021.0,29,10.841127714429513,10.172413793103448,13.883557283258556,16
2022.0,29,8.811685916490637,10.724137931034482,14.543815883396498,17
2023.0,29,9.717821953957529,11.379310344827585,15.344318934482601,19
2024.0,30,10.364435837721665,11.7,15.587929019548278,22
2025.0,29,9.853073133314865,12.827586206896552,16.79454517307608,21
2026.0,29,10.75144286022512,13.551724137931034,17.57422078718043,21
2027.0,31,10.535586651122202,13.35483870967742,17.16059731796675,23
2028.0,30,10.685245997712958,14.5,18.391355725019775,21
2029.0,36,6.552276841302166,12.666666666666666,15.901420992074106,28
2030.0,36,6.178911198176991,13.25,16.776797270066304,21
2031.0,35,4.951094364824525,14.228571428571428,18.02374470929853,21
2032.0,37,5.962814872289307,3.3513513513513513,17.86981892662792,12
2033.0,38,7.937080481803847,0.13157894736842105,18.209015268936728,5
2034.0,38,12.151048077231039,0.2631578947368421,18.95840236441967,5
2035.0,38,17.055073898008338,0.4473684210526316,19.606605966154607,7
2036.0,39,20.849786749871303,0.6410256410256411,19.64757283995276,9
2037.0,41,23.447294928946842,0.8048780487804879,19.15348626323679,10
2038.0,31,21.236986755910355,1.3225806451612903,13.173626689552052,8
2039.0,28,21.77018950308831,1.7857142857142858,11.678095566219275,9
2040.0,20,12.955791001902371,3.0,10.709262312961517,10
2041.0,23,6.175564384696728,3.130434782608696,7.150575093195764,18
2042.0,22,4.125761420474629,3.8636363636363638,7.683002417193217,14
2043.0,21,4.153431932616988,4.666666666666667,8.605507258342467,13
2044.0,21,6.3349164929112005,5.285714285714286,9.47866884818719,13
2045.0,21,8.673938950693554,5.9523809523809526,10.30529719898957,14
2046.0,21,10.475875636389238,6.619047619047619,11.095861254975617,14
2047.0,22,11.314786794390987,6.954545454545454,11.319670321341745,15
2048.0,22,12.839861727143658,7.590909090909091,12.063373464830617,14
2049.0,21,12.159471350448666,8.619047619047619,13.272350727655759,14
2050.0,16,0.9313099093775488,12.1875,17.329712752636947,14
2051.0,16,0.023161500495140673,13.1875,18.32924473581247,16
2052.0,17,0.0037471681528477795,13.352941176470589,18.19215452361283,17
2053.0,23,0.2851916386989197,10.565217391304348,14.180069309506116,22
2054.0,23,2.3574714660077896,11.26086956521739,15.133625753960493,16
2055.0,23,4.221693431266151,11.956521739130435,16.04937578277237,16
2056.0,23,5.6983433922419815,12.652173913043478,16.935036758953007,16
2057.0,24,5.422192835235566,12.833333333333334,17.07947847739965,18
2058.0,24,2.688057587115711,13.541666666666666,18.027698253801727,17
2059.0,24,0.6282210867066448,14.291666666666666,19.015740581819326,18
2060.0,24,2.5615408251895166,6.333333333333333,19.96286591763243,13
2061.0,24,5.877507629264314,3.7916666666666665,20.84134291787297,12
2062.0,24,10.418599687607351,1.7083333333333333,21.62771003344871,8
2063.0,24,14.760138149032866,0.9166666666666666,22.326522905944618,6
2064.0,24,19.711211419196026,1.1666666666666667,22.926102559918103,6
2065.0,32,18.377636627843437,1.0625,17.572888511613208,14
2066.0,32,22.995225660500964,1.25,18.107991240163596,6
2067.0,30,25.515543507785303,1.5333333333333334,17.393493708158303,6
2068.0,32,26.767042425308688,1.625,16.70729843542768,8
2069.0,31,28.347023006277958,1.8709677419354838,16.51247165137942,6
2070.0,30,26.626815463155943,2.1333333333333333,16.304788450440714,6
2071.0,31,25.085753521390707,2.2580645161290325,16.24980507262882,7
2072.0,30,24.61381206099927,2.6333333333333333,16.335127479734123,9
2073.0,30,23.68661752123969,3.033333333333333,15.712679695371667,13
2074.0,29,22.169513347611055,3.5517241379310347,14.435144492805474,13
2075.0,28,22.73972577600688,4.107142857142857,14.787077318726565,12
2076.0,25,21.301372249093152,5.08,13.545165126446204,12
2077.0,29,14.144507828267319,4.793103448275862,10.136192758880599,19
2078.0,29,15.505323445791124,5.206896551724138,9.673727130907064,13
2079.0,27,15.805888124885863,6.037037037037037,9.532351790242705,12
2080.0,28,17.09502620929495,6.25,9.815237635892554,13
2081.0,26,13.035198187664234,7.1923076923076925,11.009498779145444,12
2082.0,26,12.581531607893883,7.653846153846154,11.759485496715165,12
2083.0,28,12.242418668786978,7.607142857142857,11.60416480655253,16
2084.0,26,10.394587756920215,8.884615384615385,13.005805333241883,18
2085.0,26,11.114939610278919,9.576923076923077,13.783242384366135,18
2086.0,27,11.484327614963666,9.88888888888889,14.005703683732701,19
2087.0,26,11.366088239844068,10.961538461538462,15.157205819138717,18
2088.0,26,10.425311990237397,11.653846153846153,15.73637022573417,19
2089.0,33,9.163206652716434,9.727272727272727,12.995869613299368,25
2090.0,33,11.342928681100648,10.272727272727273,13.761157300778555,18
2091.0,32,12.678041657317568,11.15625,14.831555720020445,18
2092.0,33,13.342033151959335,11.363636363636363,15.077575421570225,19
2093.0,34,11.811197708501043,11.558823529411764,15.363525583789858,19
2094.0,33,10.29007199615024,12.454545454545455,16.514479107134914,18
2095.0,34,10.757525742839926,12.735294117647058,16.782436235886877,23
2096.0,32,9.347124153823152,14.25,18.406818230592524,23
2097.0,32,10.166376169693898,15.0,19.20388739725534,24
2098.0,33,10.423757345337552,15.272727272727273,19.383952862527536,25
2099.0,33,9.42287116419679,16.0,20.051414325097376,25
2100.0,33,7.76389949165676,16.727272727272727,20.77584669973435,25
2101.0,39,6.104794155927386,14.76923076923077,18.303626892752405,30
2102.0,38,5.910886053293673,15.81578947368421,19.587759091267674,25
2103.0,38,6.984478183223534,4.605263157894737,20.332542083545476,14
2104.0,39,7.45862829857476,0.10256410256410256,20.51350999379376,4
2105.0,39,11.617428437423204,0.1794871794871795,21.26747393333162,3
2106.0,39,16.86916150295734,0.2564102564102564,21.911101182526252,3
2107.0,40,21.292098825934485,0.375,21.888817705555493,6
2108.0,41,25.227638549249892,0.5121951219512195,21.799019421289188,7
2109.0,34,24.06386301527113,0.7941176470588235,15.906412229651005,7
2110.0,30,24.773595720140285,1.1333333333333333,13.004178979708986,7
2111.0,21,18.16943821986423,2.0,10.49334126185483,8
2112.0,18,15.12836254822238,2.9444444444444446,8.108809168740727,11
2113.0,19,3.3683405485290514,3.3684210526315788,6.6832163144143895,17
2114.0,19,2.300724806958346,3.9473684210526314,7.211056013217422,12
2115.0,19,4.801811987227061,4.526315789473684,8.112860571908099,11
2116.0,19,7.007462384974839,5.157894736842105,8.968611568087193,12
2117.0,19,9.739040761840544,5.7894736842105265,9.767892288654588,12
2118.0,19,11.299429289079429,6.421052631578948,10.536595225420575,12
2119.0,20,12.154997379115319,6.7,10.712907594290378,13
2120.0,20,13.99427396249099,7.35,11.430253856108619,13
2121.0,20,14.773926577411027,8.0,12.133944313702155,13
2122.0,15,3.788846667630301,11.533333333333333,15.992924428331646,13
2123.0,14,0.0014317363436004696,13.357142857142858,17.897682079271494,14
2124.0,15,0.0008667003475045233,13.4,17.63782014240096,15
2125.0,21,0.3260868119889713,10.238095238095237,13.306954492533645,20
2126.0,21,2.48153594069449,10.904761904761905,14.255934815901867,14
2127.0,21,4.355008439145133,11.571428571428571,15.164807055715917,14
2128.0,21,5.957820967392873,12.238095238095237,16.037203897492947,14
2129.0,22,6.513220128051846,12.318181818181818,16.123416839641017,15
2130.0,22,3.1959619370738976,12.954545454545455,17.055538381023393,14
2131.0,22,2.7124826925359082,6.681818181818182,17.997611052504237,11
2132.0,22,5.611252217633348,3.8181818181818183,18.877654655284203,10
2133.0,22,9.586619916853266,1.6363636363636365,19.674237166223296,8
2134.0,22,14.25846056415353,0.8636363636363636,20.37520772543501,6
2135.0,22,18.87003403945249,1.1363636363636365,20.980328444023367,6
2136.0,24,21.651725769789266,1.2916666666666667,19.699604978284984,8
2137.0,30,20.43041461892641,1.2333333333333334,16.137760127020776,12
2138.0,30,24.0284263394037,1.4333333333333333,16.642709020771196,6
2139.0,31,26.4392255979742,1.5806451612903225,16.527278040333602,7
2140.0,32,26.77140034830031,1.71875,16.425658441753537,7
2141.0,30,27.194990133801536,2.033333333333333,15.595215822795465,6
2142.0,31,24.981335150842902,2.161290322580645,15.546987023274465,7
2143.0,29,22.783292368819808,2.5517241379310347,14.72208514717068,7
2144.0,29,22.374394583102546,2.8275862068965516,15.253942251426169,8
2145.0,30,20.846269602012153,3.066666666666667,14.132482995226134,12
2146.0,28,20.595114668645646,3.7142857142857144,13.67483130225754,12
2147.0,26,19.941819357580087,4.461538461538462,13.399898337471633,12
2148.0,24,16.636965793021165,5.333333333333333,11.560206774050847,13
2149.0,29,13.158554313649134,4.827586206896552,9.619032284900667,18
2150.0,29,14.113757250549488,5.241379310344827,9.637918734661707,13
2151.0,30,16.22347589899735,5.466666666666667,9.95517688158653,13
2152.0,28,16.52165021048696,6.285714285714286,9.931805813214899,12
2153.0,28,15.620945924060864,6.714285714285714,10.62282130621738,12
2154.0,27,11.43946500117868,7.444444444444445,11.367031264197848,14
2155.0,27,10.741722941382625,8.11111111111111,11.940823486432585,19
2156.0,26,10.210109016176572,9.115384615384615,13.036998733468465,18
2157.0,27,11.329621040837248,9.444444444444445,13.287400937479047,19
2158.0,27,11.835729875345827,10.11111111111111,14.047910359357388,18
2159.0,27,12.56633445994939,10.777777777777779,14.792912754483243,18
2160.0,29,12.186402284302615,10.655172413793103,14.455996230414666,20
2161.0,33,8.98814583100825,9.909090909090908,13.155893645105918,24
2162.0,33,11.223061039759306,10.454545454545455,13.933795823178885,18
2163.0,33,11.945276581173578,11.0,14.467396499529864,19
2164.0,33,13.786335622951933,11.545454545454545,15.191410719051632,18
2165.0,32,10.019539499024324,12.46875,16.138052121818763,19
2166.0,33,9.355873609648818,12.666666666666666,16.423668627830462,20
2167.0,33,9.945795721574886,13.333333333333334,17.215300041681875,22
2168.0,33,10.53338101424694,14.030303030303031,17.993461010833922,23
2169.0,33,9.74439903557627,14.757575757575758,18.659116266158758,25
2170.0,32,9.173441104422293,15.96875,19.94252173688083,24
2171.0,33,6.613014067972875,16.21212121212121,20.033297908608564,26
2172.0,33,5.810855326536129,16.939393939393938,20.91435495819483,24
2173.0,38,2.8077282516712816,15.368421052631579,18.856247280354058,31
2174.0,39,5.5313344272779,4.333333333333333,19.234907898882014,14
2175.0,39,9.16532487495837,0.1282051282051282,20.046095225355888,3
2176.0,41,11.38901744282603,0.21951219512195122,19.781704259645583,6
2177.0,41,16.533852969948228,0.36585365853658536,20.43767810174296,6
2178.0,41,21.597180046606077,0.5365853658536586,20.989065965424153,7
2179.0,42,25.426167379331037,0.6904761904761905,20.93956473034488,8
2180.0,32,22.57905491520818,1.1875,13.372864874671086,10
2181.0,32,24.581892229650958,1.46875,12.308817608639446,10
2182.0,21,16.12194727838163,2.6666666666666665,7.882355454249969,9
2183.0,20,15.441467495481795,3.3,8.18083348874612,10
2184.0,14,1.8397052417025332,5.428571428571429,10.3133869685446,10
2185.0,20,0.7305695951109739,4.4,7.902131898175634,18
2186.0,21,2.089241582599038,4.809523809523809,8.434651185092136,14
2187.0,21,4.230986889445419,5.476190476190476,9.346889313585883,14
2188.0,21,6.893111333054889,6.142857142857143,10.203295974068546,14
2189.0,21,9.154950654465736,6.809523809523809,11.012519263269779,14
2190.0,21,10.938520782438278,7.476190476190476,11.785143774218668,14
2191.0,22,11.769828195530058,7.7727272727272725,11.96050700695214,15
2192.0,22,12.73816732978477,8.409090909090908,12.697062019758603,14
2193.0,21,11.18335831676639,9.476190476190476,13.93727305224925,14
2194.0,16,1.1199532466905415,13.375,18.302778096517816,15
2195.0,16,0.10290693508175845,14.3125,19.300712494952467,15
2196.0,17,0.012578126558277114,14.411764705882353,19.10630044768814,17
2197.0,23,0.3345480822277551,11.347826086956522,14.854716481731487,22
2198.0,23,2.368882690242352,12.043478260869565,15.808451299139676,16
2199.0,23,4.11954190530382,12.73913043478261,16.72803022052623,16
2200.0,23,5.446771582372699,13.434782608695652,17.621484392068755,16
2201.0,24,5.678142751388232,13.541666666666666,17.734805386325565,17
2202.0,24,4.868070310768536,5.666666666666667,18.637223437947352,9
2203.0,24,5.942984731193194,2.875,19.514999376241356,6
2204.0,24,9.498088686479083,0.9583333333333334,20.318323603213805,3
2205.0,24,14.13158716111333,0.375,21.02592342297411,6
2206.0,24,19.09112188079352,0.625,21.632851523127666,6
2207.0,26,22.345357732603432,0.8076923076923077,20.433131608975103,8
2208.0,25,26.120254206298508,1.08,20.31723853525368,6
2209.0,30,22.74750577422978,1.1,16.0523283286952,12
2210.0,31,24.74559208057063,1.2580645161290323,16.000151919699512,7
2211.0,31,27.3561187796089,1.4516129032258065,16.44558763724316,6
2212.0,30,27.46018405395346,1.7,15.106902571528762,7
2213.0,31,27.650890414865046,1.8387096774193548,15.031049602501568,7
2214.0,30,25.182261959193447,2.1,14.88953906630986,6
2215.0,28,21.81231528216658,2.5357142857142856,14.403890669015658,8
2216.0,29,21.47185868053413,2.7586206896551726,14.431128810765644,10
2217.0,28,20.173274663139637,3.2857142857142856,13.132670934434204,13
2218.0,27,20.83760666857152,3.8518518518518516,13.523439602443633,12
2219.0,25,17.941308482800686,4.64,11.71216856490142,13
2220.0,24,18.346044731162173,5.333333333333333,12.345429299765534,12
2221.0,28,13.439172365198097,5.0,9.412913732848384,18
2222.0,29,13.874673746054755,5.241379310344827,8.68015178117414,14
2223.0,28,15.614730364283144,5.857142857142857,9.383490044914202,12
2224.0,26,15.623857896773105,6.769230769230769,10.328420465386504,12
2225.0,27,13.519471362039496,6.962962962962963,10.632626876178561,13
2226.0,26,11.872774979142982,7.6923076923076925,11.659981936561675,12
2227.0,27,12.171968956134092,8.074074074074074,11.940328429628156,19
2228.0,28,12.730127706479047,8.428571428571429,12.215491451443663,19
2229.0,27,11.920401698520616,9.407407407407407,13.309977531936354,18
2230.0,26,11.7069822628207,10.461538461538462,14.472529863037828,18
2231.0,26,10.95160956163565,11.153846153846153,15.094657554039047,19
2232.0,26,9.306850183627027,11.846153846153847,15.681542835016934,19
2233.0,32,8.478125577396254,10.1875,13.382070972476535,24
2234.0,33,9.901727108841653,10.424242424242424,13.749060264717114,19
2235.0,32,10.924473313890456,11.3125,14.870666343372546,18
2236.0,32,12.91970678596869,11.875,15.61866719501339,18
2237.0,34,11.384186288640723,11.705882352941176,15.41898907833311,20
2238.0,33,9.950479994113003,12.636363636363637,16.604776160668948,19
2239.0,33,10.50573940984417,13.303030303030303,17.402325816738987,22
2240.0,34,10.805839800264797,13.617647058823529,17.651681885063155,25
2241.0,33,10.588003266976372,14.757575757575758,18.892260087824457,24
2242.0,32,7.354132139480299,15.96875,20.098162109977483,25
2243.0,32,4.140894920902119,16.71875,20.80577201788599,25
2244.0,32,3.0234467546099655,17.46875,21.745945138288125,24
2245.0,39,3.644973170690614,4.051282051282051,18.588453822826818,22
2246.0,40,8.152983250399972,0.175,18.932669015034612,5
2247.0,40,13.219904478408765,0.3,19.665004277449714,5
2248.0,41,17.19707553178152,0.43902439024390244,19.8129705706462,7
2249.0,42,20.88793483598295,0.5952380952380952,19.8963540706512,8
2250.0,43,24.841936236620956,0.7674418604651163,19.91124436286698,9
2251.0,32,22.924493270796706,1.34375,12.499421672981795,10
2252.0,31,25.75389980430113,1.7096774193548387,12.214794649903219,10
2253.0,21,14.529933907719169,3.0,8.22178488885435,11
2254.0,18,10.48686989846992,4.166666666666667,8.450978492326195,12
2255.0,14,1.0396869424834752,6.214285714285714,10.61456048913548,12
2256.0,14,1.3753156409567115,7.142857142857143,11.589960706499188,13
2257.0,20,0.8788900019872674,5.65,8.79727480071456,19
2258.0,21,1.960130108576391,6.0,9.291969870165225,14
2259.0,21,4.257599210297276,6.619047619047619,10.205914979704684,13
2260.0,21,6.383254723025234,7.238095238095238,11.076224996385516,13
2261.0,21,8.194128917361521,7.904761904761905,11.909032046052964,14
2262.0,21,9.691599202463678,8.571428571428571,12.71159673895372,14
2263.0,22,10.879329917201389,8.818181818181818,12.866630333691699,15
2264.0,22,12.524081182602272,9.5,13.613359639711666,15
2265.0,21,11.497435273092224,10.666666666666666,14.848798561362297,15
2266.0,18,5.2404995150800815,13.277777777777779,17.63459253619734,15
2267.0,16,0.1679140811516499,15.875,20.452073664278352,15
2268.0,17,0.031789534241467625,15.823529411764707,20.18950021156159,16
2269.0,23,0.24712511081311314,12.391304347826088,15.657228381291704,22
2270.0,23,2.0255636571996756,13.08695652173913,16.61857344935872,16
2271.0,23,3.5357837653205024,13.782608695652174,17.551320718185725,16
2272.0,23,5.513031170652718,14.521739130434783,18.446411380473425,17
2273.0,23,8.460776926074777,6.869565217391305,19.28254510074177,10
2274.0,23,7.763210894548224,3.739130434782609,20.129497263490954,6
2275.0,23,9.312082531215214,1.173913043478261,20.944401205591834,3
2276.0,23,12.967206183396733,0.21739130434782608,21.68563460908393,4
2277.0,23,17.91010282274354,0.4782608695652174,22.326989420590536,6
2278.0,25,20.857592709743475,0.68,21.041614002478706,8
2279.0,24,24.630605409122133,0.9583333333333334,20.910858253065175,6
2280.0,23,27.09945635951783,1.2608695652173914,20.689316322560117,6
2281.0,31,22.085734371732165,1.1290322580645162,15.645040264501976,14
2282.0,31,24.9433895553796,1.3225806451612903,16.143628020665236,6
2283.0,30,26.774768049299706,1.5666666666666667,15.948345842878338,6
2284.0,32,27.45743041563075,1.65625,15.342285206100492,8
2285.0,30,27.375961066467692,1.9666666666666666,14.484493296508626,6
2286.0,29,25.30199889386032,2.2413793103448274,14.227513444500818,6
2287.0,29,23.354882985874646,2.4827586206896552,13.668021590000407,8
2288.0,28,23.460772598441103,2.892857142857143,13.717410913041537,9
2289.0,26,21.20473873063208,3.576923076923077,11.95426773428153,13
2290.0,27,21.784668561450527,3.888888888888889,12.047073719865686,13
2291.0,23,18.684017374064773,5.086956521739131,10.624478723608556,12
2292.0,23,19.8899610364,5.608695652173913,11.239784734770947,12
2293.0,28,13.641362913169038,5.035714285714286,8.199119336406358,19
2294.0,27,12.869856601706848,5.666666666666667,8.814482633924696,13
2295.0,27,15.673891473759326,6.111111111111111,9.500158558080729,12
2296.0,27,15.469382553702797,6.555555555555555,9.985578398818008,13
2297.0,26,12.583684795808345,7.269230769230769,10.963405340832795,12
2298.0,26,11.509147137488398,7.8076923076923075,11.725139154471723,14
2299.0,28,11.360408263462949,7.857142857142857,11.581358746874548,19
2300.0,27,11.347073481917178,8.777777777777779,12.64257167164645,17
2301.0,26,11.160590317557256,9.807692307692308,13.773632778883915,18
2302.0,27,11.354613564929156,10.11111111111111,13.99518499417192,19
2303.0,27,12.460278638507768,10.777777777777779,14.742766507249977,18
2304.0,27,11.904374687008247,11.444444444444445,15.348807524932939,19
2305.0,34,10.25874339715832,9.617647058823529,12.778056173107275,25
2306.0,32,10.575206241994039,10.78125,14.176258137837346,18
2307.0,32,12.849787871490099,11.34375,14.9243783504475,18
2308.0,33,13.597253982560796,11.545454545454545,15.174589365260314,19
2309.0,33,10.63041362837078,12.090909090909092,15.826943738991138,19
2310.0,33,10.687254086951018,12.696969696969697,16.62054308535618,20
2311.0,33,9.935268219812325,13.363636363636363,17.28742216219811,23
2312.0,32,9.609939479442389,14.53125,18.52364024219111,24
2313.0,33,8.559410320212253,14.818181818181818,18.768324671602947,25
2314.0,33,5.699513408720036,15.545454545454545,19.51157236347786,25
2315.0,32,3.104678538774722,16.78125,20.956762860127895,24
2316.0,33,4.747863942451954,4.393939393939394,21.198231658414798,14
2317.0,40,7.354691837702401,0.1,18.168562660668357,10
2318.0,40,12.47358344033181,0.2,18.92186027429745,4
2319.0,40,17.081696306093356,0.325,19.583454136551985,5
2320.0,42,20.475001148180993,0.47619047619047616,19.19721146833656,9
2321.0,43,24.521013485488012,0.627906976744186,19.241693894538052,8
2322.0,32,22.224828700291976,1.125,12.299323459834342,9
2323.0,30,24.53757289834403,1.5333333333333334,11.569887147533963,10
2324.0,22,18.138947519179684,2.5454545454545454,9.274286068765134,10
2325.0,20,14.057002746278103,3.35,7.652659334627023,12
2326.0,15,4.0122171448481305,5.2,9.974350087965865,11
2327.0,14,1.2258494669159161,6.5,11.350743161249289,13
2328.0,14,1.7759967403545642,7.428571428571429,12.31228197417485,13
2329.0,20,0.6831188538199058,5.85,9.303787654381836,19
2330.0,21,1.8767668934700177,6.190476190476191,9.777795651117952,14
2331.0,21,4.11692871586041,6.857142857142857,10.70067284500636,14
2332.0,21,6.446170016026018,7.523809523809524,11.580031409719949,14
2333.0,21,8.608005250938229,8.19047619047619,12.419291197423913,14
2334.0,21,10.119003238547087,8.857142857142858,13.230017046796771,14
2335.0,22,11.41744796186237,9.090909090909092,13.369851067930396,15
2336.0,22,13.182964741917921,9.772727272727273,14.123759733137934,15
2337.0,21,12.45727006549381,10.952380952380953,15.436486225571963,15
2338.0,16,1.0467427350319018,15.3125,20.110647508344016,15
2339.0,16,0.28579767787231614,16.25,21.10537150325056,15
2340.0,17,0.006494473599000693,16.235294117647058,20.804935640399066,17
2341.0,23,0.30173491179533957,12.695652173913043,16.110827467123713,22
2342.0,23,1.870934356530061,13.391304347826088,17.07072680686026,16
2343.0,23,3.3922218829781476,14.08695652173913,17.997594757763206,16
2344.0,23,7.108830989116059,6.739130434782608,18.848652990735992,10
2345.0,23,11.260586053827122,3.5217391304347827,19.61534877557009,6
2346.0,23,11.790556751370525,1.0869565217391304,20.37828668615684,2
2347.0,23,14.276554168930812,0.043478260869565216,21.099293886628942,1
2348.0,24,18.34851582537374,0.16666666666666666,20.821391236283954,4
2349.0,25,22.280989687237973,0.4,20.51527471855518,7
2350.0,24,26.400031132189138,0.6666666666666666,20.36457176086205,6
2351.0,24,28.35800680916979,0.9166666666666666,19.338887921593027,7
2352.0,25,30.077519149746276,1.12,18.941526601814168,7
2353.0,30,24.604567506829394,1.1333333333333333,14.846465134246206,12
2354.0,31,26.4319319149713,1.2903225806451613,14.812754169448182,7
2355.0,31,28.930415835494724,1.4838709677419355,15.23711511094069,6
2356.0,31,29.309362511665192,1.6774193548387097,14.4664018653599,7
2357.0,29,27.39088480604462,2.0,12.397165774352633,7
2358.0,28,24.336093615132913,2.2857142857142856,12.377515457596784,6
2359.0,27,22.894001732239104,2.6296296296296298,12.116201250449492,7
2360.0,25,20.284693658267845,3.24,10.85238666055938,11
2361.0,23,16.633501071537893,4.043478260869565,9.14416108145418,13
2362.0,22,16.569396347774347,4.7727272727272725,9.760377297368022,12
2363.0,22,15.697477247328266,5.318181818181818,9.021571274636,13
2364.0,21,15.508388659959724,6.142857142857143,9.982160909354292,12
2365.0,27,12.763826460014899,5.222222222222222,8.275726151057953,18
2366.0,28,12.543495503139447,5.464285714285714,8.524499006874972,14
2367.0,27,14.274867466972712,6.111111111111111,9.434837455299292,12
2368.0,26,14.942407733271708,6.8076923076923075,10.360916084076106,12
2369.0,27,12.650455504847383,7.0,10.68377039158984,13
2370.0,27,11.993171588037285,7.555555555555555,11.438513250648967,15
2371.0,27,10.84542249833313,8.185185185185185,12.034098713895697,18
2372.0,28,11.631566338104617,8.535714285714286,12.326885656497993,19
2373.0,27,11.276527557935013,9.518518518518519,13.431643551297846,18
2374.0,27,12.197972447699033,10.185185185185185,14.187234982910187,18
2375.0,26,11.89072292954242,11.26923076923077,15.30724445948236,18
2376.0,28,11.823195718784014,11.107142857142858,14.907305590075824,20
2377.0,32,8.347967449066354,10.28125,13.472195671465743,24
2378.0,32,10.689423375888019,10.84375,14.260691044284805,18
2379.0,32,10.986408231086143,11.40625,14.867052785723288,19
2380.0,32,12.907600096897246,11.96875,15.606288371637117,18
2381.0,32,9.52688943499176,12.53125,16.277958414297178,19
2382.0,33,9.04877794624777,12.696969696969697,16.56954814574438,19
2383.0,33,9.485892884535557,13.393939393939394,17.37660476535196,23
2384.0,34,8.450930728817758,13.705882352941176,17.663356442789276,25
2385.0,33,6.5077879625788295,14.848484848484848,18.953096836310497,24
2386.0,34,5.01381782940873,15.147058823529411,19.26984936059998,26
2387.0,33,4.2912135044666275,4.151515151515151,20.417704960387685,16
2388.0,33,8.834695273094601,0.24242424242424243,21.23447855156595,4
2389.0,40,10.9281178627497,0.3,18.117770768968786,11
2390.0,40,16.340194953359322,0.425,18.780465867142958,5
2391.0,40,21.243771781065348,0.6,19.342614658241608,7
2392.0,42,24.354904268381187,0.7380952380952381,18.874124034597664,9
2393.0,34,22.127436672609655,1.1176470588235294,13.360395009010766,8
2394.0,31,24.298610224933157,1.4838709677419355,11.071601682405584,8
2395.0,22,18.093953363417672,2.5454545454545454,8.863134375017474,10
2396.0,19,15.33619360004773,3.526315789473684,7.636018532752581,11
2397.0,20,14.348149013326793,3.9,7.908537158047918,12
2398.0,14,0.5976998330298828,6.428571428571429,10.934209816055631,12
2399.0,14,1.162420781034406,7.357142857142857,11.911261478282194,13
2400.0,14,1.7208132082220775,8.285714285714286,12.877339462303667,13
2401.0,20,0.6221928315849865,6.45,9.701872352955776,19
2402.0,21,2.1928685865863797,6.761904761904762,10.147232408722491,14
2403.0,21,4.465349865130982,7.380952380952381,11.053802305015049,13
2404.0,21,6.684762350571894,8.0,11.91379486676592,13
2405.0,21,8.197259561784625,8.666666666666666,12.74270262945116,14
2406.0,21,9.822444893131822,9.333333333333334,13.537763805205124,14
2407.0,22,11.11595955141902,9.545454545454545,13.646300616061461,15
2408.0,22,12.160808657443603,10.227272727272727,14.395630564452107,15
2409.0,21,11.574443918041164,11.428571428571429,15.70115225507944,15
2410.0,17,2.6886928928863414,15.0,19.545598035458333,15
2411.0,16,0.0582011232192508,16.875,21.584459062459757,15
2412.0,17,0.003353179885270146,16.823529411764707,21.255892579823993,17
2413.0,23,0.3354178217622996,13.130434782608695,16.44268076316078,22
2414.0,23,1.7048314978457264,13.826086956521738,17.409925340461204,16
2415.0,23,5.723687980140276,6.304347826086956,18.296510757091202,9
2416.0,23,10.803584924108787,3.347826086956522,19.082523780615585,6
2417.0,23,15.293243055746984,1.0434782608695652,19.77642059914216,2
2418.0,23,16.644962558090892,0.0,20.436970479204735,0
2419.0,23,19.99906472764104,0.0,21.024833280178303,0
2420.0,25,22.530182298142257,0.08,19.798317964073025,4
2421.0,25,26.650054666701468,0.32,20.249936190048754,6
2422.0,24,28.824149921430717,0.5833333333333334,20.02087397907616,6
2423.0,26,28.664720153421637,0.7692307692307693,18.818497531715778,8
2424.0,25,29.50309183007771,1.04,18.509428351575565,6
2425.0,30,24.162972856330434,1.0666666666666667,14.554856743991701,12
2426.0,31,25.37215090989813,1.2258064516129032,14.53732323876096,7
2427.0,30,26.564985128868404,1.4666666666666666,14.357490157472453,6
2428.0,30,26.812238833353607,1.6666666666666667,13.545297469905757,7
2429.0,28,24.674696469596476,2.0,11.625395702186093,7
2430.0,27,22.502501200989684,2.2962962962962963,11.371750107391952,6
2431.0,25,20.676864159433414,2.72,10.939245347300147,6
2432.0,26,21.380764145475514,2.8846153846153846,11.04356609254334,8
2433.0,24,17.953302296292286,3.5833333333333335,10.081486408397751,12
2434.0,23,18.530159318704154,4.217391304347826,9.998823048951857,11
2435.0,22,16.830319709678392,4.954545454545454,9.281283858399101,13
2436.0,21,17.08862289627642,5.761904761904762,10.224444150324038,12
2437.0,26,12.624339043780198,5.115384615384615,8.5614068573736,18
2438.0,28,14.018637898889654,5.178571428571429,8.604756813596948,14
2439.0,27,15.366659766893871,5.814814814814815,9.451313892796069,12
2440.0,26,16.42824624842847,6.5,10.358164172144532,12
2441.0,26,12.11225185729242,6.961538461538462,10.928793882589485,13
2442.0,26,11.95564662230628,7.5,11.683824239450738,14
2443.0,27,11.79642610631574,7.814814814814815,11.970721986082626,17
2444.0,27,10.84968000897902,8.481481481481481,12.562440784849493,19
2445.0,26,10.480286361009393,9.5,13.697516231609882,18
2446.0,26,11.371838688640524,10.192307692307692,14.460328182812784,18
2447.0,27,11.732646546048574,10.481481481481481,14.642976383061477,19
2448.0,27,11.000694898884769,11.148148148148149,15.263431779874306,19
2449.0,32,8.475659574648597,9.96875,13.400379259282072,24
2450.0,33,9.873332531883264,10.212121212121213,13.758663925036377,19
2451.0,32,10.65998006825085,11.09375,14.867203244982878,18
2452.0,32,12.675630585574854,11.65625,15.605724583322266,18
2453.0,34,10.85528100497583,11.5,15.404535341430133,20
2454.0,33,9.886440409332407,12.393939393939394,16.552191231411417,18
2455.0,34,9.036452714084856,12.647058823529411,16.844374313335432,22
2456.0,34,7.907206542636601,13.352941176470589,17.67427343811068,24
2457.0,33,6.179157779242642,14.484848484848484,18.976143487275248,24
2458.0,35,6.552758183261369,3.342857142857143,18.69651973241165,14
2459.0,34,8.189495738407858,0.029411764705882353,19.850742410393924,2
2460.0,34,13.3869527893669,0.17647058823529413,20.58119301962746,5
2461.0,40,16.05990876688142,0.3,18.020676268008128,12
2462.0,41,20.618145592651658,0.43902439024390244,18.141762028503432,7
2463.0,41,23.55605628048544,0.6097560975609756,17.82454026570127,8
2464.0,33,21.112742204629072,1.0,11.363858847827895,9
2465.0,31,23.127864833423843,1.3870967741935485,10.485985092235541,10
2466.0,19,11.948677699163209,2.789473684210526,6.82843994585595,10
2467.0,19,14.246971673176368,3.3157894736842106,7.533693367311427,10
2468.0,19,15.617842427815669,3.9473684210526314,8.211428410575474,12
2469.0,19,12.057547896159452,4.578947368421052,8.72932373630012,13
2470.0,14,0.7282220457441223,7.071428571428571,11.77357150681865,12
2471.0,14,1.1008948113601609,7.928571428571429,12.752439605592498,12
2472.0,14,1.4189205600732904,8.857142857142858,13.725306190541252,13
2473.0,20,0.8024974602852952,6.85,10.292367114205486,19
2474.0,21,2.330534896411548,7.142857142857143,10.709198350214258,14
2475.0,21,4.590012934763527,7.809523809523809,11.619367099202886,14
2476.0,21,7.033979216918133,8.476190476190476,12.48178514144404,14
2477.0,21,9.115357087945542,9.142857142857142,13.303795255524403,14
2478.0,21,10.184441353714162,9.857142857142858,14.105514522972488,15
2479.0,22,11.36059401808676,10.090909090909092,14.197595456422295,16
2480.0,22,12.800380994240452,10.772727272727273,14.949555071339182,15
2481.0,20,10.135546135690058,12.6,16.981798180453744,15
2482.0,16,0.8463518954368153,16.6875,21.337232073621898,15
2483.0,16,0.1786565607558738,17.625,22.33413999233462,15
2484.0,17,0.008386553398339124,17.529411764705884,21.961398374944537,17
2485.0,23,0.30024710942683147,13.652173913043478,16.965288587492296,22
2486.0,23,3.758344623154958,6.304347826086956,17.889167969687666,9
2487.0,23,8.475334642688967,3.347826086956522,18.717293909973204,5
2488.0,23,14.081415654859336,0.9565217391304348,19.43111605285072,2
2489.0,23,19.06981035727587,0.0,20.042758134405002,0
2490.0,23,20.067574083799286,0.0,20.629791556201507,0
2491.0,25,21.68101656446544,0.08,19.451526610607537,4
2492.0,25,26.067863393404313,0.24,19.913630185407943,4
2493.0,24,28.27930565523954,0.5,19.61735939819619,6
2494.0,26,28.320010523811938,0.6923076923076923,18.44538170388953,8
2495.0,26,30.252402446721582,0.9230769230769231,18.821203664172547,6
2496.0,25,31.151284267279816,1.2,18.477422839657027,6
2497.0,31,24.555081344860277,1.1612903225806452,14.025763223418318,13
2498.0,31,25.832240898700707,1.3548387096774193,14.49819989008313,6
2499.0,29,26.69300637864925,1.6551724137931034,13.716063356750928,6
2500.0,29,26.117168216097657,1.8620689655172413,11.83979348050353,8
2501.0,27,25.923933987300458,2.2222222222222223,11.546518964428609,6
2502.0,25,23.16679146424473,2.64,10.487310168334767,6
2503.0,24,18.995921761757057,3.0416666666666665,10.269100711818982,8
2504.0,22,17.056055425793595,3.8181818181818183,9.083049032160798,11
2505.0,22,15.727758762455176,4.363636363636363,9.34787558750648,13
2506.0,22,15.222477052650724,4.909090909090909,8.669220740381146,13
2507.0,21,15.258028026005594,5.714285714285714,9.581398710065878,12
2508.0,20,14.890794142163454,6.6,10.609026489476246,12
2509.0,27,12.16594189973505,5.333333333333333,8.356523577609275,19
2510.0,26,11.446929403496066,6.0,9.05011835161448,13
2511.0,26,14.11677662541908,6.461538461538462,9.762442510843623,12
2512.0,27,14.776021815780233,6.666666666666667,10.0642635976479,13
2513.0,27,13.998397246258731,7.111111111111111,10.77742159715558,12
2514.0,27,13.01895990455411,7.592592592592593,11.510307827176863,13
2515.0,28,11.591049380026266,7.928571428571429,11.666945785040998,19
2516.0,27,11.417363653586982,8.88888888888889,12.752860446535525,18
2517.0,26,11.548705307802818,9.923076923076923,13.85787613491988,18
2518.0,26,10.436913311697904,10.615384615384615,14.435472757222616,19
2519.0,26,11.435702921266438,11.307692307692308,15.208136333632517,18
2520.0,27,11.696015152188894,11.555555555555555,15.37691407435567,19
2521.0,34,10.285254586527596,9.705882352941176,12.803666191556655,25
2522.0,33,11.329754696495966,10.545454545454545,13.860703944816946,18
2523.0,33,13.552280316079852,11.090909090909092,14.599259381235916,18
2524.0,32,12.687081676427475,12.0,15.56175823942917,19
2525.0,33,11.424395261211076,12.181818181818182,15.840073831823137,19
2526.0,33,8.519776423132347,12.757575757575758,16.535288278164813,20
2527.0,33,8.10422189384648,13.454545454545455,17.38199641500636,23
2528.0,32,6.493616725962378,14.625,18.719099190274292,24
2529.0,33,8.137871601999324,3.303030303030303,18.970207399485787,14
2530.0,33,7.933309387656377,0.12121212121212122,19.52514367088565,5
2531.0,33,12.892004634841255,0.24242424242424243,20.275894356803903,4
2532.0,33,18.51345452206068,0.3939393939393939,20.917705686734944,5
2533.0,40,19.284824474598665,0.475,17.70959018555448,13
2534.0,41,23.49019676959156,0.6097560975609756,17.800929900103874,7
2535.0,31,21.90997143672412,1.0,11.261573780716553,6
2536.0,30,22.685746126827087,1.2666666666666666,9.92367964170864,8
2537.0,19,11.997117389273923,2.4210526315789473,6.466994908190391,8
2538.0,18,12.411441449890237,3.111111111111111,6.957090684134913,10
2539.0,18,15.213142542692836,3.7222222222222223,7.654084724157688,11
2540.0,18,16.455079164898006,4.333333333333333,8.326119955369135,11
2541.0,19,15.206455844894803,4.684210526315789,8.532289390052762,12
2542.0,13,0.4916837342033839,7.6923076923076925,11.981205458346864,11
2543.0,13,0.8790402388792031,8.538461538461538,12.961875753775859,11
2544.0,13,1.400612623326714,9.461538461538462,13.930869080585653,12
2545.0,19,1.059381833166449,7.105263157894737,10.19238166511285,18
2546.0,20,2.395173212842307,7.35,10.586943763192263,13
2547.0,20,4.621466546503824,7.95,11.499589650409169,12
2548.0,20,6.726012355484868,8.6,12.373304769250877,13
2549.0,20,8.685856107786497,9.25,13.210402849702026,13
2550.0,20,10.173747323369263,9.9,14.01853924251537,13
2551.0,21,11.273476592050828,10.095238095238095,14.09037351994011,15
2552.0,21,13.536220306657677,10.761904761904763,14.835398330061386,14
2553.0,20,13.129258244331817,12.0,16.159630409191998,14
2554.0,15,0.9568072026124574,16.933333333333334,21.34012313892771,14
2555.0,15,0.020675604982387453,17.933333333333334,22.33973449429821,15
2556.0,16,0.002497021869248256,17.75,21.8809541512465,16
2557.0,22,2.171681956709626,6.454545454545454,16.597264351785903,15
2558.0,22,7.327511124607639,3.4545454545454546,17.450358155134786,5
2559.0,22,13.197362906016075,1.0,18.185017382477028,1
2560.0,22,19.884932307192706,0.0,18.78412226621804,0
2561.0,24,21.45181791496385,0.0,17.70331375647063,2
2562.0,24,22.762136426336447,0.041666666666666664,18.244147498785292,1
2563.0,24,25.306774746799512,0.041666666666666664,18.733677121253596,1
2564.0,24,28.577502394501415,0.16666666666666666,19.155912962646088,3
2565.0,25,29.71982841817263,0.36,18.747831307977563,6
2566.0,25,29.631280452761896,0.6,17.648168631557215,7
2567.0,24,29.991752926837854,0.875,17.319201657353283,6
2568.0,25,29.42227559728886,1.08,16.982491547093826,7
2569.0,31,24.55655401807613,1.064516129032258,13.998465067975648,12
2570.0,29,25.493982140666233,1.3448275862068966,13.162431604582446,6
2571.0,29,24.88469970749003,1.5517241379310345,11.379852249615112,8
2572.0,27,25.8557134436856,1.8888888888888888,10.524006879789162,6
2573.0,25,25.234390578988666,2.28,9.984256812273241,6
2574.0,25,21.776749673587723,2.52,9.748521528579946,7
2575.0,21,16.339932827902114,3.3333333333333335,8.52635964457342,7
2576.0,21,17.295221437760315,3.761904761904762,9.173462963560404,9
2577.0,22,15.316350311230714,4.136363636363637,8.035225620647125,14
2578.0,22,16.489498130426735,4.681818181818182,8.70287781399721,12
2579.0,20,15.152503410818777,5.75,9.80893023345458,12
2580.0,21,15.30572460281884,6.0476190476190474,9.98682494406369,13
2581.0,26,11.274095187090229,5.346153846153846,8.45859729721812,18
2582.0,27,13.615365219199814,5.592592592592593,8.826253303540117,13
2583.0,27,14.626726841599758,6.037037037037037,9.35635112105645,13
2584.0,27,16.567246835589543,6.481481481481482,10.019252199393225,12
2585.0,27,13.753629840583379,6.925925925925926,10.743101389744119,12
2586.0,26,11.287221322055428,7.730769230769231,11.635931932460933,15
2587.0,26,10.019547612072556,8.346153846153847,12.224137762783094,17
2588.0,26,11.045251507438113,9.038461538461538,13.007038048284283,18
2589.0,27,11.36434314257317,9.37037037037037,13.26522937214372,19
2590.0,26,11.38720825014557,10.423076923076923,14.42500647976835,18
2591.0,26,12.215125701237643,11.115384615384615,15.18342482302619,18
2592.0,28,11.778820578690958,10.964285714285714,14.792874114408324,20
2593.0,33,9.70129928435807,9.848484848484848,13.068054639206716,24
2594.0,32,10.742920338734947,10.71875,14.16102778418559,18
2595.0,33,12.14433735902988,10.93939393939394,14.454195462519447,19
2596.0,32,12.653786556409564,11.84375,15.507134280879209,18
2597.0,33,8.159656375977928,12.030303030303031,15.699422757685708,20
2598.0,32,4.75598666578189,13.03125,16.975460015055297,20
2599.0,32,3.5342344214210115,13.71875,17.90066703239471,22
2600.0,33,4.86132518721446,2.9393939393939394,18.226548233565122,14
2601.0,34,8.292766886085557,0.11764705882352941,18.486648995341827,4
2602.0,35,12.907596998347744,0.2571428571428571,18.65746794573794,6
2603.0,35,17.913614524549168,0.42857142857142855,19.280712518635465,6
2604.0,36,21.929664203949436,0.6111111111111112,19.256974549257478,8
2605.0,43,21.81053739284918,0.6976744186046512,16.5027814996387,15
2606.0,33,19.495090227139485,1.1515151515151516,10.791245495139245,8
2607.0,32,19.78000093084757,1.5,9.306969303176757,11
2608.0,21,8.673242983267503,2.8095238095238093,7.391789174089111,11
2609.0,20,9.4780184774109,3.55,7.509363113562557,12
2610.0,20,11.88268563954611,4.2,8.273922718539733,13
2611.0,20,13.999800565149952,4.85,8.99722026934262,13
2612.0,20,14.436761600322008,5.5,9.712402737002702,13
2613.0,19,9.53520071399398,6.473684210526316,10.65650974020101,14
2614.0,15,0.5000974167627656,9.066666666666666,13.655539936563311,13
2615.0,15,1.0535525351476478,10.0,14.634402496115971,14
2616.0,15,0.7869001810271696,10.933333333333334,15.618614879097604,14
2617.0,21,0.08762865799636954,8.476190476190476,11.868681163267885,20
2618.0,22,1.5160091371376663,8.727272727272727,12.254681652613838,15
2619.0,22,3.5909021431944184,9.409090909090908,13.186495593325075,15
2620.0,22,5.792187065058754,10.090909090909092,14.07640638283067,15
2621.0,22,7.842608153888635,10.772727272727273,14.926860998933732,15
2622.0,22,8.66231376297859,11.454545454545455,15.761833756824279,15
2623.0,23,10.098662935032468,11.652173913043478,15.8408951235799,17
2624.0,23,12.073910596546927,12.347826086956522,16.61100193124704,16
2625.0,23,12.868137537882244,13.043478260869565,17.36781011994678,16
2626.0,18,2.256485663155838,17.555555555555557,22.095080582196815,16
2627.0,17,0.014168793056401669,19.58823529411765,24.195086665240826,17
2628.0,17,2.9654211597713416,9.470588235294118,25.13208299330185,10
2629.0,23,5.473233776385947,3.6956521739130435,19.199513960980738,12
2630.0,23,11.556241807940513,1.0869565217391304,19.96040023260131,2
2631.0,23,18.391046022658145,0.0,20.582568599213626,0
2632.0,24,24.14849622865639,0.0,20.190194553768524,1
2633.0,25,27.228495326155752,0.04,19.788282414960587,2
2634.0,25,27.95944377632874,0.0,20.21949094444035,0
2635.0,24,26.125605268559475,0.041666666666666664,18.554992710760857,2
2636.0,25,27.45982708951342,0.12,18.21918722806773,3
2637.0,25,29.773293960694783,0.36,18.620444147695043,6
2638.0,25,31.60962743075066,0.6,18.98548178569731,6
2639.0,26,29.913534024311613,0.8076923076923077,17.26853248752984,8
2640.0,25,30.63765515130244,1.08,16.87720124079474,6
2641.0,30,24.621328701680838,1.1,13.26600273128522,12
2642.0,29,24.877736959596806,1.3448275862068966,11.887800583042049,7
2643.0,29,25.840141855986328,1.5517241379310345,11.524924318566192,7
2644.0,26,25.81197025748847,1.9615384615384615,9.796975944065908,6
2645.0,24,25.005240690442974,2.375,8.3413047390518,7
2646.0,23,22.32368028374169,2.739130434782609,7.954110386906303,6
2647.0,21,17.563685108453328,3.4285714285714284,7.415493583655952,9
2648.0,22,17.7753524903806,3.8181818181818183,7.693497036669245,13
2649.0,21,15.343176092560157,4.571428571428571,8.296007778568704,13
2650.0,21,16.9905091696248,5.142857142857143,8.970929171534582,12
2651.0,21,15.6145302167457,5.714285714285714,9.439839806257933,13
2652.0,21,16.69158378794768,6.285714285714286,10.120253949784958,12
2653.0,26,12.5106016632992,5.538461538461538,8.586241167433057,18
2654.0,27,12.67552079637849,5.777777777777778,8.841973505692565,14
2655.0,26,13.729488332111325,6.461538461538462,9.753515393764284,12
2656.0,26,16.5296665057988,6.923076923076923,10.43284195864741,12
2657.0,26,12.826482852561414,7.384615384615385,10.969536250981518,13
2658.0,26,12.505519018890972,7.884615384615385,11.722958051817152,13
2659.0,26,11.160642564134122,8.384615384615385,12.316081341980048,14
2660.0,27,11.40638262225974,8.74074074074074,12.595568169419003,19
2661.0,27,12.203471756846149,9.407407407407407,13.352404524147902,18
2662.0,26,11.558000046953833,10.461538461538462,14.498377578256491,18
2663.0,26,10.27575178156278,11.153846153846153,15.122390420815465,19
2664.0,26,9.315336292348032,11.846153846153847,15.784670856484105,19
2665.0,32,8.733405841947713,10.1875,13.464708097417548,24
2666.0,32,9.377837940404257,10.75,14.122715941459456,19
2667.0,32,11.347500601031735,11.3125,14.894321380598324,18
2668.0,32,12.429054203441188,11.875,15.645536029173963,18
2669.0,34,8.318529569740493,11.705882352941176,15.501181412894452,20
2670.0,33,4.862812220584589,12.636363636363637,16.773451334375803,19
2671.0,32,5.227570982816907,2.5,18.110609070105475,11
2672.0,33,8.960199290363699,0.12121212121212122,18.355769373687604,4
2673.0,34,13.286201369870987,0.2647058823529412,18.52454757258308,6
2674.0,35,17.613468737517127,0.4,18.62096532748392,6
2675.0,36,21.571957288860894,0.5555555555555556,18.652751560597473,7
2676.0,36,25.790410144784033,0.75,19.146017056878335,7
2677.0,33,18.094926203954127,1.0303030303030303,9.849679248141964,14
2678.0,31,19.4041006331794,1.3548387096774193,9.060171615806254,8
2679.0,23,9.577034558774724,2.260869565217391,7.0835256137840545,11
2680.0,20,6.461419139512018,3.15,7.145324204423085,11
2681.0,20,8.825309166345177,3.7,7.969636723025694,11
2682.0,20,11.244623887751693,4.35,8.745818764685461,13
2683.0,20,13.462760850251556,5.0,9.477419215067558,13
2684.0,20,14.192218591208382,5.65,10.1940869494608,13
2685.0,21,13.420917372829527,6.0,10.393656512204387,14
2686.0,15,0.6160056150889226,9.333333333333334,14.208049908743508,14
2687.0,15,0.9633914325606222,10.266666666666667,15.187442151368101,14
2688.0,15,0.6293107889675974,11.2,16.17398063371018,14
2689.0,21,0.1635557279730431,8.666666666666666,12.263630411509197,20
2690.0,22,1.9414418344199782,8.954545454545455,12.621749908173308,16
2691.0,22,4.3288883115005445,9.636363636363637,13.534187400924395,15
2692.0,22,6.235779028446136,10.318181818181818,14.407538012940485,15
2693.0,22,8.49052047423505,11.0,15.235325141634581,15
2694.0,22,9.50022436993636,11.681818181818182,16.04282669409696,15
2695.0,23,10.755310605133932,11.869565217391305,16.084311877102667,17
2696.0,23,12.46330689390369,12.565217391304348,16.833716117688517,16
2697.0,21,8.763776226757008,14.523809523809524,18.96341714830963,16
2698.0,18,2.238015986937228,17.833333333333332,22.56692945132531,16
2699.0,17,2.7672045290952583,8.941176470588236,24.62926823793949,10
2700.0,17,6.750666012753042,4.647058823529412,25.499105511477815,6
2701.0,23,9.3694483527635,1.0,19.40498123711684,8
2702.0,23,15.499352842777533,0.0,20.107787363439087,0
2703.0,23,22.469705892004576,0.0,20.675740113188773,0
2704.0,25,27.057057484731807,0.0,19.421266010065175,2
2705.0,24,30.276347707935304,0.0,19.15252367440232,0
2706.0,23,29.56793765456021,0.0,18.881690205968614,0
2707.0,25,28.43397215037617,0.12,17.733281085357692,5
2708.0,25,30.408694038709328,0.28,18.136595331443228,4
2709.0,24,31.812225316520536,0.5416666666666666,17.747776148174655,6
2710.0,25,31.989889980056546,0.76,17.371593737935804,7
2711.0,24,30.238788913394128,1.0416666666666667,15.554280301220821,7
2712.0,23,30.479873211197127,1.3478260869565217,15.04643248062713,6
2713.0,27,21.31647338904358,1.3703703703703705,10.061509793634638,13
2714.0,26,23.079039990878922,1.6538461538461537,9.919499421810487,6
2715.0,26,23.777441140165358,1.8846153846153846,9.173848854720136,7
2716.0,24,22.852368431787223,2.2916666666666665,7.429618910498305,7
2717.0,23,24.144946372763144,2.652173913043478,7.482797093721019,6
2718.0,23,22.196323206397423,2.9130434782608696,8.055198577981411,6
2719.0,22,16.74085793921581,3.3636363636363638,7.132222099394618,8
2720.0,22,17.42390906386897,3.8181818181818183,7.790745572723996,10
2721.0,22,16.59415610681098,4.363636363636363,8.261476842087509,13
2722.0,22,16.2907405813408,4.909090909090909,8.726535081181657,13
2723.0,20,14.469729912880622,6.0,9.855382852585219,12
2724.0,20,16.0723222864036,6.6,10.536882514418211,12
2725.0,26,11.196763998761964,5.538461538461538,8.484355315807553,19
2726.0,26,11.532808094591484,6.0,9.078796635157751,13
2727.0,26,14.546627044233405,6.461538461538462,9.781636679598908,12
2728.0,27,15.811058426085937,6.666666666666667,10.060365795989242,13
2729.0,26,12.52041372802801,7.384615384615385,11.028382339250758,12
2730.0,26,12.363916333720544,7.884615384615385,11.765343479751444,13
2731.0,28,11.579877911605424,7.857142857142857,11.605397771713074,17
2732.0,26,9.80039258251053,9.153846153846153,12.980636830162249,18
2733.0,26,10.636972931042681,9.846153846153847,13.74826572767398,18
2734.0,27,11.039298272708331,10.148148148148149,13.962616518857201,19
2735.0,27,11.858340838442874,10.814814814814815,14.707204252469026,18
2736.0,27,10.913907993928396,11.481481481481481,15.32288857515812,19
2737.0,33,8.508554212065702,9.93939393939394,13.041257848307932,25
2738.0,33,10.7306025506696,10.484848484848484,13.815598262243538,18
2739.0,34,11.61410597435281,10.705882352941176,14.136827236343972,19
2740.0,33,11.327923604472794,11.575757575757576,15.241169790142095,18
2741.0,34,7.720867358839773,11.764705882352942,15.603226918807463,19
2742.0,35,7.247853109032196,2.057142857142857,15.980049218512194,9
2743.0,34,8.698802495209398,0.058823529411764705,17.057895705157506,2
2744.0,34,13.075844038327585,0.20588235294117646,17.805714279195694,5
2745.0,34,18.52446795940246,0.35294117647058826,18.448157643528603,5
2746.0,36,21.867619370567343,0.5,17.946427468307892,8
2747.0,37,24.89683059811011,0.6756756756756757,17.952947503120885,8
2748.0,26,20.817758429891033,1.2692307692307692,10.807000136786856,8
2749.0,31,18.623867932714106,1.3870967741935485,8.528974398521092,16
2750.0,21,6.802279377447022,2.5714285714285716,6.43650899215328,11
2751.0,20,4.392789234915291,3.25,6.8494759096793745,12
2752.0,20,6.38623127787436,3.9,7.726740811861179,13
2753.0,20,8.566498030313227,4.55,8.562150702977195,13
2754.0,20,10.722922507911488,5.2,9.355955568283662,13
2755.0,20,12.838045805313854,5.85,10.10929551917451,13
2756.0,20,13.87110882399008,6.5,10.843607211874104,13
2757.0,21,14.052915261458612,6.809523809523809,11.01124222693134,14
2758.0,15,0.4656735272336696,10.466666666666667,14.983289007632504,14
2759.0,15,0.7979828944232735,11.4,15.967292190740938,14
2760.0,15,0.8546538555509451,12.333333333333334,16.950159344318593,14
2761.0,21,0.16942674416943437,9.476190476190476,12.818145963771236,20
2762.0,22,2.0494275894375287,9.681818181818182,13.1491122504568,15
2763.0,22,4.330357588404294,10.318181818181818,14.06254418361288,14
2764.0,22,6.635167717895943,11.0,14.929537307719972,15
2765.0,22,8.337041773869014,11.681818181818182,15.763628192994922,15
2766.0,22,9.934496741425479,12.363636363636363,16.566910665570646,15
2767.0,23,11.39247064821894,12.478260869565217,16.577457788241645,16
2768.0,23,12.615856013473246,13.173913043478262,17.3278024070903,16
2769.0,20,6.8376017312009525,15.95,20.341247769526,16
2770.0,17,2.7439895883008165,8.941176470588236,24.30800307147491,10
2771.0,17,7.034797196506248,4.647058823529412,25.16520038512085,6
2772.0,17,12.063603269504247,1.5294117647058822,25.919625968970568,2
2773.0,24,12.975422533198111,0.0,18.804652219698543,7
2774.0,24,20.03744897068482,0.0,19.399218824675746,0
2775.0,25,25.84984199900817,0.0,19.061521195972922,1
2776.0,26,30.17051339497088,0.0,18.686978494223812,1
2777.0,24,32.58795172856579,0.0,17.702403140048244,0
2778.0,25,31.490913216544126,0.0,17.329524221569958,1
2779.0,25,29.25024147670467,0.0,16.244307863732505,1
2780.0,25,29.927711747643666,0.16,16.646269141919795,4
2781.0,25,30.803033040898033,0.4,17.031436358037006,6
2782.0,26,28.337747630228897,0.6153846153846154,15.386322186651228,8
2783.0,25,29.747428010841332,0.88,15.244464967040356,6
2784.0,23,28.61580886366503,1.2173913043478262,13.980111573003057,6
2785.0,28,20.737620554364906,1.2142857142857142,9.851016842338572,13
2786.0,27,22.96496343569323,1.4814814814814814,9.520904216147917,6
2787.0,26,22.647807330594585,1.7692307692307692,8.17767605802672,7
2788.0,25,22.702412008993946,2.08,7.364251279177293,7
2789.0,23,21.627599875055864,2.5217391304347827,6.369370369371569,6
2790.0,22,19.271495771835284,2.909090909090909,7.084424975259935,6
2791.0,22,16.98390334058102,3.1818181818181817,7.162688713433995,7
2792.0,21,15.983078235115737,3.7142857142857144,7.8495141858257265,8
2793.0,21,14.713535620412996,4.238095238095238,8.334683681803602,12
2794.0,21,13.457256260466819,4.809523809523809,8.827528550243114,13
2795.0,21,15.002153027288369,5.380952380952381,9.512119383446825,12
2796.0,21,15.846658945724514,5.9523809523809526,10.180116253064691,12
2797.0,27,11.641013383171856,5.074074074074074,8.300005765233548,19
2798.0,27,12.329757955893008,5.518518518518518,8.842629943148577,13
2799.0,27,15.181843828847821,5.962962962962963,9.536784596860848,12
2800.0,27,15.169321606122372,6.407407407407407,10.086505947923243,13
2801.0,27,13.883924820334101,6.851851851851852,10.808932682690273,12
2802.0,26,12.40649107668487,7.576923076923077,11.817203346330617,12
2803.0,27,10.568117331405778,7.925925925925926,11.9336862964947,19
2804.0,27,11.093693866567255,8.592592592592593,12.712415962867052,18
2805.0,27,12.33472515651069,9.25925925925926,13.467016073442029,18
2806.0,27,11.615051191229227,9.925925925925926,14.079132561138463,19
2807.0,27,12.613033232087096,10.592592592592593,14.836469412773438,18
2808.0,27,11.888965328922799,11.25925925925926,15.356298164231438,19
2809.0,34,10.475235882749207,9.470588235294118,12.785750878384576,25
2810.0,32,10.656252302776085,10.625,14.177700123602488,18
2811.0,33,10.132229579738965,10.848484848484848,14.526808027208686,19
2812.0,33,9.986804307156087,11.393939393939394,15.338357162178252,18
2813.0,32,6.151781095131271,2.0625,16.469120791314502,8
2814.0,33,8.74420187300313,0.06060606060606061,16.77039431871013,2
2815.0,34,13.367067246237829,0.11764705882352941,16.98855437425627,3
2816.0,34,18.032143897278356,0.2647058823529412,17.637584176790572,5
2817.0,34,23.38109567895417,0.4117647058823529,18.18233290856423,5
2818.0,36,26.179118941618167,0.5555555555555556,17.608095899712573,8
2819.0,27,21.626473608837376,1.0,10.829284391429441,8
2820.0,24,21.571400937369866,1.4166666666666667,9.566528369081487,7
2821.0,21,6.660249784425571,2.0,6.4280461263504,14
2822.0,19,3.2325147152278144,2.736842105263158,6.561390781925022,10
2823.0,20,4.572730966338025,3.1,7.084876709834115,11
2824.0,20,6.661289547951301,3.7,7.941186628857889,12
2825.0,20,8.956633655671121,4.35,8.747068728174384,13
2826.0,20,11.356557064159094,5.0,9.50104874670492,13
2827.0,20,13.014617736149422,5.65,10.221135857204539,13
2828.0,21,13.101603329698634,6.0,10.404986183895225,14
2829.0,19,9.383581015370211,7.368421052631579,11.989540885782434,14
2830.0,17,5.093013655719996,9.058823529411764,13.903735030079032,14
2831.0,15,1.0370169525610817,11.2,16.3471727691,14
2832.0,15,0.020477185722415074,12.2,17.346758263283586,15
2833.0,21,0.005848059294801465,9.428571428571429,13.104708982576685,21
2834.0,22,1.9213438117231472,9.681818181818182,13.425650903366865,16
2835.0,22,4.305911390628597,10.363636363636363,14.341009116519757,15
2836.0,22,6.685604739379438,11.045454545454545,15.209415034265179,15
2837.0,22,8.363712627986311,11.727272727272727,16.044728001573592,15
2838.0,22,8.875512602992199,12.409090909090908,16.868888467699513,15
2839.0,23,9.588698843481202,12.565217391304348,16.90153567163104,17
2840.0,23,10.66073371353769,13.304347826086957,17.691152421847725,17
2841.0,22,11.116292050341466,6.545454545454546,19.14118905582764,10
2842.0,18,6.872948027071319,4.277777777777778,23.585428822207135,6
2843.0,18,11.736320130547313,1.4444444444444444,24.358819858469403,3
2844.0,18,17.4161955275745,0.3333333333333333,25.019416440069563,1
2845.0,24,17.853902832832613,0.2916666666666667,19.165958304173007,7
2846.0,26,22.443477616904946,0.3076923076923077,18.175720472099407,3
2847.0,25,27.06073839780757,0.36,17.90454604805981,1
2848.0,25,32.798089489626726,0.4,18.255885283671184,1
2849.0,27,32.904130088103145,0.4074074074074074,17.176844887811427,3
2850.0,27,31.390344726430488,0.4444444444444444,17.55211332180628,1
2851.0,25,30.330061674223394,0.52,16.534361414066538,1
2852.0,25,30.886449681592033,0.68,16.919998138465335,4
2853.0,25,29.62522841630962,0.96,15.836821249173477,8
2854.0,23,26.930413021086462,1.3478260869565217,13.466391170714681,8
2855.0,22,27.558805751608404,1.7272727272727273,13.033526730944926,7
2856.0,22,26.11067298537675,2.0454545454545454,12.28656766164184,8
2857.0,26,19.487169490501618,2.0,8.865251271516758,13
2858.0,25,20.93016397277146,2.36,9.118159795017522,7
2859.0,24,18.400238694012323,2.75,7.867483862859383,9
2860.0,23,20.451897634319046,3.1739130434782608,7.611723100503105,7
2861.0,21,19.85062546987135,3.8095238095238093,7.453901834707956,7
2862.0,22,17.150867620856424,3.9545454545454546,7.734659516726468,8
2863.0,21,14.61337357869636,4.571428571428571,8.537431601382766,9
2864.0,22,15.18235861198199,4.863636363636363,8.805382648510399,12
2865.0,23,15.517129373656031,5.217391304347826,9.07391200517475,14
2866.0,22,15.20699122237982,6.045454545454546,9.966478168227688,13
2867.0,21,15.087271104612832,6.9523809523809526,11.013625405375908,13
2868.0,21,13.563233328325566,7.571428571428571,11.511748775689776,14
2869.0,26,9.64315146747654,6.615384615384615,9.735299405383044,19
2870.0,27,11.50140519750306,6.851851851851852,10.11225433681445,14
2871.0,28,13.623909275785493,7.071428571428571,10.447778438847687,14
2872.0,27,14.80285955108353,7.814814814814815,11.409182782314165,13
2873.0,27,13.017681850874638,8.296296296296296,12.151657172962935,13
2874.0,28,12.781375281871625,8.464285714285714,12.428047406783636,14
2875.0,27,10.131020383258202,9.407407407407407,13.388410127993303,18
2876.0,27,10.741123795768514,10.11111111111111,14.174539475241673,19
2877.0,28,11.116872710129027,10.428571428571429,14.41187514480609,20
2878.0,27,10.560696594673914,11.518518518518519,15.60529892742733,19
2879.0,27,11.435571361808956,12.222222222222221,16.383047027875236,19
2880.0,27,8.122984944411014,12.925925925925926,16.848061289246868,21
2881.0,33,7.284004331502826,11.151515151515152,14.457640774861098,25
2882.0,33,8.808604225852582,11.727272727272727,15.280683057039123,19
2883.0,34,8.66554578402751,11.941176470588236,15.6262199489463,20
2884.0,34,10.52071112366606,2.3823529411764706,16.411682650270023,8
2885.0,34,10.136912406358066,0.08823529411764706,17.07041592287793,3
2886.0,35,13.042492230945445,0.17142857142857143,17.29052599406548,5
2887.0,35,18.122508750135,0.3142857142857143,17.923723164904903,5
2888.0,36,22.252090681559906,0.5,17.94532181907768,8
2889.0,36,27.138905614882404,0.6944444444444444,18.393291590444658,7
2890.0,26,22.315570964259646,1.2692307692307692,10.671022955506974,9
2891.0,25,21.706018339322597,1.64,9.781705298219032,9
2892.0,16,7.498371342040388,3.0625,7.561955743897306,9
2893.0,21,4.18240392032816,2.761904761904762,6.111490656542804,15
2894.0,20,4.090079536336382,3.45,6.979536498185302,11
2895.0,21,4.829191831912803,3.8095238095238093,7.501973142357795,12
2896.0,21,6.738057815917854,4.380952380952381,8.367433542107664,12
2897.0,21,8.786969720945862,5.0476190476190474,9.19263780795965,14
2898.0,21,11.248250073759564,5.714285714285714,9.968941359260935,14
2899.0,21,12.666510951723263,6.380952380952381,10.716164935991609,14
2900.0,22,12.568239333769531,6.7272727272727275,10.931618680700588,15
2901.0,21,11.575121017894332,7.714285714285714,12.068528546878559,14
2902.0,16,0.8468677928004519,11.0625,15.857825507771354,15
2903.0,16,1.0649655516656193,12.0,16.836109165922657,15
2904.0,16,0.052438076322338496,12.9375,17.835040170042305,15
2905.0,22,0.00703487034339647,10.136363636363637,13.698067577927839,22
2906.0,23,1.903148521286796,10.391304347826088,14.021114135166838,17
2907.0,23,4.189166237798118,11.08695652173913,14.938555968513553,16
2908.0,23,6.54051592131545,11.782608695652174,15.809557292858074,16
2909.0,23,6.323477630576168,12.478260869565217,16.683848523773996,16
2910.0,23,2.008461852268813,13.217391304347826,17.643366661435294,17
2911.0,24,0.307379854587596,13.416666666666666,17.86049461990652,19
2912.0,24,2.7440294098041207,5.583333333333333,18.806031094971992,10
2913.0,24,5.4466815731171545,3.125,19.69713191016565,11
2914.0,24,8.834872192331304,1.375,20.52054944760515,8
2915.0,24,13.789228616152297,0.8333333333333334,21.24600465582994,6
2916.0,24,18.69157239599352,1.0833333333333333,21.873939078839076,6
2917.0,32,17.574957631415963,1.0,16.805945863407757,14
2918.0,31,21.958680622664943,1.2580645161290323,16.74168184176562,7
2919.0,30,25.570911058613405,1.4666666666666666,16.722464864971904,6
2920.0,30,28.959765160152273,1.6666666666666667,17.15922121252282,6
2921.0,31,27.714971294097538,1.8064516129032258,15.830831038558008,8
2922.0,30,26.076787895181656,2.066666666666667,15.643118199254173,6
2923.0,30,25.7504770047504,2.2666666666666666,16.131316522863113,6
2924.0,31,25.15189887791384,2.4838709677419355,16.07883423277065,10
2925.0,28,23.168800722129546,3.1785714285714284,15.006929936503083,12
2926.0,28,21.9989319687246,3.607142857142857,14.251864730646323,13
2927.0,27,19.679385453697833,4.185185185185185,13.3683078195643,13
2928.0,26,20.096314240441437,4.8076923076923075,13.565096134721703,12
2929.0,29,13.957742278858708,4.724137931034483,10.286040479186475,18
2930.0,29,14.739883415748482,5.137931034482759,10.358600568986978,13
2931.0,28,14.496106971621767,5.75,9.421485718194917,13
2932.0,27,16.019905725808496,6.407407407407407,10.189735874149662,12
2933.0,28,14.408576068598869,6.607142857142857,10.504775583599653,13
2934.0,27,12.886034897409989,7.296296296296297,11.436758581823673,12
2935.0,26,12.420307416832602,8.153846153846153,12.475674960533153,15
2936.0,27,11.033713366218093,8.518518518518519,12.596623799269421,20
2937.0,27,11.80493703509509,9.185185185185185,13.36199273912791,18
2938.0,27,12.567108531123358,9.851851851851851,14.111610982508166,18
2939.0,27,11.68676443445209,10.518518518518519,14.72626815836779,19
2940.0,27,12.69113568496184,11.185185185185185,15.479534944139205,18
2941.0,31,8.66105423914958,10.32258064516129,13.84842039743628,24
2942.0,33,10.239938614117744,10.242424242424242,13.746730471816294,20
2943.0,32,11.060487407776716,11.125,14.802429850836731,18
2944.0,32,13.273798476886594,11.6875,15.534767249370244,18
2945.0,33,11.478104625414677,11.878787878787879,15.804014865191517,19
2946.0,31,8.318549265448043,13.258064516129032,17.437638861371457,19
2947.0,32,8.346927018172519,13.5625,17.695403950063476,24
2948.0,33,8.846899495493465,13.878787878787879,17.953901308763605,25
2949.0,33,9.813288271734574,14.606060606060606,18.760237265740276,24
2950.0,33,10.74455160483962,15.333333333333334,19.54915481864598,24
2951.0,33,9.93039278218233,16.060606060606062,20.227895570256585,25
2952.0,33,9.044809216502651,16.78787878787879,20.907800371500155,25
2953.0,39,5.227867515938379,14.820512820512821,18.306812206041634,31
2954.0,38,4.084403081846454,15.842105263157896,19.628763976858014,24
2955.0,38,6.468993312328107,4.657894736842105,20.5054180574851,12
2956.0,39,8.211219872600408,0.05128205128205128,20.791120051366878,3
2957.0,41,11.428998303357941,0.0975609756097561,20.498715781918158,5
2958.0,41,15.907997524869304,0.21951219512195122,21.179076598239963,5
2959.0,41,21.087614979694955,0.34146341463414637,21.755337473453046,5
2960.0,42,25.634071509288948,0.5,21.699236357185445,8
2961.0,31,21.009907923791104,0.9354838709677419,12.696505968486466,9
2962.0,32,23.435601852019424,1.15625,12.795103408678504,9
2963.0,22,16.1250669248551,2.1363636363636362,9.64840418275361,10
2964.0,20,15.394090893020575,2.9,8.507624041635195,11
2965.0,20,1.132865050126604,3.55,7.135282699578234,19
2966.0,20,3.0626220582088663,4.2,8.070457134475193,13
2967.0,21,4.677265012650645,4.619047619047619,8.541186388370278,14
2968.0,21,6.834350885649425,5.238095238095238,9.397267367109853,13
2969.0,21,8.755765207567672,5.904761904761905,10.21158717583205,14
2970.0,21,10.882324309477863,6.571428571428571,10.982280065319523,14
2971.0,21,12.252527421442535,7.238095238095238,11.727053875201696,14
2972.0,22,12.40236412946002,7.590909090909091,11.8928363205727,16
2973.0,19,6.739755697608965,9.578947368421053,14.14207009543553,15
2974.0,16,0.8497351699374361,12.3125,17.23997437780392,15
2975.0,16,0.937912294167543,13.25,18.21922347024366,15
2976.0,16,0.04649589778036604,14.1875,19.218194768431374,15
2977.0,22,0.013921521459805977,11.045454545454545,14.70383364207213,22
2978.0,23,1.888286808167748,11.26086956521739,14.98139070619094,17
2979.0,23,4.0006769915899385,11.956521739130435,15.8969696237193,16
2980.0,23,5.527479935341116,12.652173913043478,16.781121053172907,16
2981.0,23,5.980879884782576,13.347826086956522,17.655478590008503,16
2982.0,23,2.1557418086404887,14.08695652173913,18.609938909332783,17
2983.0,23,2.6356359256874304,7.0,19.558671451472705,11
2984.0,23,5.343985924792741,3.9130434782608696,20.455128233554156,9
2985.0,23,9.083302089378163,1.5217391304347827,21.275708855738635,8
2986.0,23,13.840272855331833,0.6956521739130435,21.999772256961162,6
2987.0,23,18.89067916582163,0.9565217391304348,22.619265346084802,6
2988.0,25,21.79933347312917,1.12,21.289770508784045,8
2989.0,29,19.21691894192829,1.1724137931034482,16.328953937665904,12
2990.0,29,23.949009941649457,1.3793103448275863,16.839608323909296,6
2991.0,31,25.49436504145611,1.4838709677419355,16.167267540711492,8
2992.0,30,27.366647393262543,1.7333333333333334,15.928885315163608,6
2993.0,30,28.62146697400515,1.9333333333333333,16.33761028443085,6
2994.0,32,25.077869486943726,2.0,15.735891226306451,8
2995.0,32,24.93992316190233,2.21875,16.22076666862315,7
2996.0,28,22.042870553158817,2.892857142857143,14.175359492718721,10
2997.0,29,22.183120035257275,3.206896551724138,14.186723754777349,13
2998.0,28,20.304523979815002,3.75,13.045297212486973,13
2999.0,26,19.965841900419058,4.5,12.638646003787398,12
3000.0,26,19.300070757535657,4.961538461538462,11.985977130853913,13
3001.0,30,14.838100471526483,4.7,9.467230030174182,18
3002.0,30,16.75615559370035,5.1,10.11866436291487,12
3003.0,30,16.095688409424586,5.5,9.125971633938724,14
3004.0,29,17.458239125020192,6.103448275862069,9.95301791204464,12
3005.0,28,14.98426453426288,6.75,10.560026714266668,12
3006.0,28,13.156530754840876,7.178571428571429,11.08821432415142,13
3007.0,27,13.096233580714875,7.962962962962963,12.098868730014837,14
3008.0,27,12.014967687259471,8.592592592592593,12.654178915789512,18
3009.0,28,12.425950699394203,8.928571428571429,12.91418920550133,19
3010.0,27,12.436317362050616,9.925925925925926,14.01736057111739,18
3011.0,26,11.670105223405834,11.0,15.155165541409279,18
3012.0,27,11.993093164164918,11.25925925925926,15.316576671240284,19
3013.0,32,9.69536104384817,10.0625,13.42746590696434,24
3014.0,33,10.952355895388498,10.303030303030303,13.768385631998528,19
3015.0,33,12.021747544035641,10.848484848484848,14.39416888099677,19
3016.0,32,12.687709172525716,11.75,15.465361784178533,18
3017.0,32,11.469319526258204,12.3125,16.23084855786048,18
3018.0,33,10.395634754296598,12.515151515151516,16.497044792613718,20
3019.0,33,9.728209900260012,13.242424242424242,17.17131219154953,25
3020.0,32,9.423837327146055,14.40625,18.415255024964363,24
3021.0,33,9.97372755028184,14.696969696969697,18.627948349355133,25
3022.0,32,9.321848106265028,15.90625,19.9205321333326,24
3023.0,31,8.038811809899446,17.193548387096776,21.289664083332646,24
3024.0,32,5.2626999813144115,17.40625,21.331114160498263,26
3025.0,38,3.4601528891248168,15.289473684210526,18.7334393947104,30
3026.0,39,5.599961520730686,4.205128205128205,19.112525789705767,13
3027.0,39,9.478320481753356,0.05128205128205128,19.916346918953508,2
3028.0,39,14.034618456018986,0.1282051282051282,20.623883434510354,3
3029.0,41,17.195182864621614,0.1951219512195122,20.21374790342171,5
3030.0,42,20.911831452449924,0.3333333333333333,20.27970934363107,7
3031.0,42,25.51701493480643,0.47619047619047616,20.75758103336193,6
3032.0,30,23.455484220175624,0.9,12.261202862495166,7
3033.0,31,25.28827032900037,1.1612903225806452,12.323639467877518,10
3034.0,22,13.589573039052299,2.0454545454545454,7.043350655234959,11
3035.0,21,15.105811888290605,2.5714285714285716,7.37900744690611,9
3036.0,15,2.032275070622305,4.333333333333333,9.059705475226103,11
3037.0,21,1.2814196789940024,3.6666666666666665,7.160837814585342,18
3038.0,21,3.0717131886604183,4.238095238095238,8.099950814771985,12
3039.0,22,4.237379789769282,4.681818181818182,8.601653766611793,15
3040.0,22,6.313334590409137,5.318181818181818,9.47397903598514,14
3041.0,22,8.459469148313103,6.0,10.30279420098122,15
3042.0,22,10.603594097400228,6.681818181818182,11.08741375615226,15
3043.0,22,11.252504229380316,7.363636363636363,11.863031589514621,15
3044.0,23,11.7758346235808,7.739130434782608,12.071387769158916,17
3045.0,20,6.960269853670352,9.7,14.276148050965137,16
3046.0,17,0.6204568304238092,12.352941176470589,17.217446280186273,16
3047.0,17,0.9077910592936799,13.294117647058824,18.196669862306305,16
3048.0,17,0.3088363744350525,14.235294117647058,19.189601585487964,16
3049.0,23,0.0020254888875924078,11.26086956521739,14.922702641208975,23
3050.0,24,1.3689846193441755,11.5,15.22954905799899,18
3051.0,24,3.632374863193721,12.208333333333334,16.151848422512128,17
3052.0,24,4.943247711193872,12.916666666666666,17.044866776849307,17
3053.0,24,6.118176652799527,13.666666666666666,17.91270723060079,18
3054.0,24,5.139821129441688,5.958333333333333,18.80055014321,10
3055.0,24,6.766733716395402,3.125,19.65666855711961,6
3056.0,24,10.468333234445643,1.125,20.435911868903066,7
3057.0,24,15.599644618361623,0.4583333333333333,21.109304865279945,6
3058.0,24,20.29066562163345,0.7083333333333334,21.686980227031214,6
3059.0,26,23.084594612932158,0.8846153846153846,20.463283899259928,8
3060.0,26,26.44765851154807,1.1153846153846154,20.917364486892193,6
3061.0,30,22.586431598574812,1.1666666666666667,16.22742959275089,12
3062.0,32,24.176985325438746,1.28125,15.656974973540398,8
3063.0,31,25.49167087909829,1.5161290322580645,15.520944339386373,6
3064.0,30,27.38976213038535,1.7666666666666666,15.273744382158526,6
3065.0,32,27.408824397440526,1.84375,14.683383680468614,8
3066.0,32,25.85141160932716,2.03125,15.146349819072086,6
3067.0,30,23.1400510359304,2.466666666666667,14.500083844794633,9
3068.0,29,21.669058903889205,2.9310344827586206,13.411408336573746,12
3069.0,28,21.67908620720144,3.4642857142857144,13.431794979061836,12
3070.0,26,18.88757109231852,4.1923076923076925,11.785798353103296,13
3071.0,26,18.421317867695173,4.653846153846154,11.252588779236074,13
3072.0,24,17.873554479013812,5.541666666666667,10.968091803830783,12
3073.0,30,14.182124160516368,4.833333333333333,8.363101238961036,19
3074.0,28,14.765770362488022,5.607142857142857,8.671517916797967,12
3075.0,28,15.22185285989126,6.035714285714286,9.196026203213908,13
3076.0,28,17.425420369646357,6.464285714285714,9.835306056310097,12
3077.0,29,15.943145265803743,6.655172413793103,10.133894489715129,13
3078.0,27,12.359702902666477,7.62962962962963,11.373150560620997,13
3079.0,27,13.329034902805859,8.148148148148149,12.10413430831932,14
3080.0,28,12.013944554530063,8.464285714285714,12.229771374085784,19
3081.0,27,11.82713093091765,9.444444444444445,13.265198022638726,18
3082.0,26,11.49613627420898,10.5,14.423888408766363,18
3083.0,27,11.627269109765166,10.777777777777779,14.618842530889026,19
3084.0,26,11.73556572352614,11.884615384615385,15.81876509686035,18
3085.0,33,9.931649400081634,9.909090909090908,13.054456155578322,25
3086.0,33,10.754993642909627,10.454545454545455,13.689560787327496,19
3087.0,33,12.849910358723069,11.0,14.432593129144538,18
3088.0,32,12.893198146764968,11.90625,15.544480031008638,18
3089.0,32,10.137844140207205,12.46875,16.142400816718926,19
3090.0,32,9.927276871118249,13.03125,16.943370191735905,18
3091.0,33,10.098879075924925,13.333333333333334,17.196974869337357,24
3092.0,33,9.274684309957852,14.06060606060606,17.871943381987265,25
3093.0,33,9.748860425831884,14.787878787878787,18.67672516725657,24
3094.0,32,9.170012492951116,16.0,19.982840033761132,24
3095.0,32,7.184245219986175,16.75,20.697408688458026,25
3096.0,32,4.783867594744016,17.5,21.470406733469865,25
3097.0,38,5.422057908335874,4.0,18.81371988885741,19
3098.0,38,8.430172713223348,0.07894736842105263,19.516773880365953,3
3099.0,39,13.00389224284562,0.1794871794871795,19.71185239842787,5
3100.0,39,17.139424466089277,0.3076923076923077,20.34303896209618,5
3101.0,40,21.223779570065382,0.45,20.355112821140885,7
3102.0,41,24.562320212311583,0.5853658536585366,20.310816121485445,7
3103.0,34,24.143291258087256,0.8823529411764706,15.057059660790756,7
3104.0,30,25.852810884604192,1.2333333333333334,11.796039656206228,7
3105.0,18,15.404389730086542,2.5555555555555554,6.708701932946816,9
3106.0,19,14.644116671300909,2.9473684210526314,6.989414761704618,11
3107.0,15,5.6349121060837275,4.4,8.541906784203615,10
3108.0,13,1.142807055951306,5.923076923076923,10.278469080680946,11
3109.0,19,1.2123029882311895,4.631578947368421,7.694278937743001,17
3110.0,19,3.1112569592424055,5.2631578947368425,8.633608437182739,12
3111.0,20,4.871773766061282,5.6,9.055332316152827,13
3112.0,20,6.80066015058978,6.25,9.920185590425252,13
3113.0,20,9.184838081061331,6.9,10.737371202621144,13
3114.0,20,11.637970472017708,7.55,11.505889316596571,13
3115.0,20,12.84292787693031,8.2,12.251278463608253,13
3116.0,21,13.548079563676316,8.428571428571429,12.352030438398748,14
3117.0,21,13.863325348573959,9.047619047619047,13.07797505309103,13
3118.0,15,0.9319946502279193,13.6,18.047134371055577,14
3119.0,15,1.139416956426953,14.533333333333333,19.02269866938907,14
3120.0,15,0.05934915026932535,15.466666666666667,20.021425991746018,14
3121.0,22,0.012351916167023115,11.227272727272727,14.332525549655696,22
3122.0,22,2.160857151696444,11.909090909090908,15.28766809571269,15
3123.0,22,3.816584910893221,12.590909090909092,16.20732430634142,15
3124.0,22,5.855207715433255,13.272727272727273,17.084037842985815,15
3125.0,22,8.160980192924578,6.7727272727272725,17.912730977572718,10
3126.0,22,7.3157418634045035,3.590909090909091,18.763088409953777,6
3127.0,22,9.359598699001749,1.1818181818181819,19.57686624748,3
3128.0,22,13.891454315141212,0.18181818181818182,20.30041457505374,3
3129.0,23,17.392959852198327,0.43478260869565216,20.028654078763715,7
3130.0,24,21.03411078629245,0.6666666666666666,19.736512832968003,7
3131.0,24,25.351617033341103,0.9166666666666666,20.238586514545023,6
3132.0,23,27.65870338629153,1.2173913043478262,20.115314550093675,6
3133.0,31,22.607595198313522,1.096774193548387,15.226674014879716,14
3134.0,31,25.902335158867444,1.2903225806451613,15.721894053054308,6
3135.0,30,27.834180446157944,1.5333333333333334,15.519575262944239,6
3136.0,31,29.021110298592284,1.6774193548387097,15.423736078092315,7
3137.0,31,28.87375240995658,1.8709677419354838,14.748096971753935,7
3138.0,29,26.063189645678783,2.206896551724138,13.817412084475905,6
3139.0,28,21.769752234904274,2.607142857142857,12.561532884258996,10
3140.0,26,20.61695056688007,3.269230769230769,11.928076317349724,12
3141.0,25,21.380386287319606,3.88,12.034736585844014,12
3142.0,24,17.594880410320982,4.541666666666667,9.930383453280802,14
3143.0,23,17.858026617463846,5.260869565217392,10.407365328848563,12
3144.0,21,16.20262218247094,6.333333333333333,10.151337786487236,12
3145.0,27,11.488472788312247,5.37037037037037,8.24337856229681,19
3146.0,26,13.018553095012985,6.038461538461538,9.131175894029614,12
3147.0,27,14.5083370453127,6.2592592592592595,9.46801155154511,13
3148.0,27,14.834914498759044,6.703703703703703,9.985125081277866,13
3149.0,27,13.646662497032661,7.148148148148148,10.713684526740664,12
3150.0,26,12.538785810260677,7.961538461538462,11.767527381201335,14
3151.0,27,12.786065755683651,8.25925925925926,12.04656409068793,17
3152.0,28,13.0166927634951,8.535714285714286,12.32762488241148,17
3153.0,26,11.63060120126095,9.884615384615385,13.782344460495496,18
3154.0,27,12.182469243194209,10.185185185185185,14.000031818860109,19
3155.0,26,12.041539593780055,11.26923076923077,15.164463073593994,18
3156.0,26,12.694570413187199,11.961538461538462,15.919027412904247,18
3157.0,32,7.5354037814341455,10.28125,13.28675751792689,26
3158.0,32,10.031233964039904,10.84375,14.083318720199037,18
3159.0,32,11.925364921962169,11.40625,14.840851949769304,18
3160.0,32,12.053215667928248,11.96875,15.446804228760767,19
3161.0,32,10.166944406128076,12.53125,16.234923945650184,18
3162.0,32,9.913660443657287,13.1875,17.026348508753415,21
3163.0,33,8.793579225017774,13.484848484848484,17.16966086757688,25
3164.0,32,8.007152432096564,14.65625,18.420805398491517,24
3165.0,32,7.565310822591956,15.40625,19.257991853350692,24
3166.0,33,6.463089741107671,15.666666666666666,19.504192466946677,25
3167.0,33,5.37496024721049,16.424242424242426,20.388912977899373,25
3168.0,33,5.555290233698067,4.454545454545454,21.138569385963283,15
3169.0,39,6.7027382343469455,0.1794871794871795,18.48467299808504,11
3170.0,40,11.229292556142447,0.3,18.767792314410393,6
3171.0,40,16.160050651014767,0.45,19.438679609227638,6
3172.0,40,21.900871589863637,0.6,19.992918103617114,6
3173.0,42,24.887581778378006,0.7142857142857143,19.488158543009654,8
3174.0,34,22.546759908294728,1.088235294117647,13.483351948147032,8
3175.0,31,24.41805065862234,1.4838709677419355,11.370149679499299,9
3176.0,24,21.752311303951355,2.3333333333333335,9.81260107075988,10
3177.0,19,16.004561303332135,3.526315789473684,7.505033867549857,11
3178.0,15,3.5464511098236957,5.2,9.151715523282519,12
3179.0,14,0.6026253406039205,6.428571428571429,10.53275304023366,12
3180.0,14,1.051847879543258,7.357142857142857,11.509916771660714,13
3181.0,20,1.1331772838418557,5.8,8.732298847979516,19
3182.0,20,2.8292487698458912,6.45,9.673827511735647,13
3183.0,21,4.050224551701774,6.761904761904762,10.083031707691854,14
3184.0,21,6.538330176673718,7.380952380952381,10.950558355581446,13
3185.0,21,9.072811385540843,8.047619047619047,11.767113655410034,14
3186.0,21,10.838999666814551,8.714285714285714,12.547004113418412,14
3187.0,21,12.311226775553894,9.380952380952381,13.296229741140811,14
3188.0,22,12.599558180622076,9.590909090909092,13.390628726303396,15
3189.0,21,11.433973546988394,10.714285714285714,14.63395420610876,14
3190.0,16,1.0212887730067501,15.0,19.255504131847307,15
3191.0,16,0.7407339392314041,15.9375,20.24182458936787,15
3192.0,16,0.06798245798437118,16.875,21.240569117839517,15
3193.0,23,0.001361274198026717,12.434782608695652,15.471675116627026,23
3194.0,23,2.156604089237977,13.130434782608695,16.4271298191722,16
3195.0,23,3.8415711862183524,13.826086956521738,17.34625659249951,16
3196.0,23,7.868251232758054,6.260869565217392,18.17971790828313,9
3197.0,23,10.679540764469351,3.347826086956522,18.954379095919723,6
3198.0,23,11.313836197321411,1.0434782608695652,19.716749410548015,2
3199.0,23,13.211784173700016,0.08695652173913043,20.439484843606323,2
3200.0,23,18.269516607904773,0.2608695652173913,21.05716599575658,4
3201.0,25,20.79723039071999,0.44,19.858702743178707,7
3202.0,25,24.982338486125894,0.68,20.33994941768943,6
3203.0,24,27.663328006971213,0.9583333333333334,20.076966451227648,6
3204.0,26,27.448410608406352,1.1153846153846154,18.888146612890015,8
3205.0,32,23.63501645764235,1.09375,15.673300826689932,12
3206.0,31,25.809424507823255,1.3225806451612903,15.482524633646213,6
3207.0,31,27.23167331273806,1.5161290322580645,14.810388481127145,7
3208.0,31,29.467913588789905,1.7096774193548387,15.216902230549097,6
3209.0,29,27.08874606950509,2.0344827586206895,13.401492804012511,7
3210.0,29,23.535747255596494,2.2413793103448274,12.628991821706013,7
3211.0,27,22.044207848303724,2.6666666666666665,12.039073339099685,7
3212.0,26,22.09384787990076,3.1153846153846154,12.27706667834992,9
3213.0,24,18.13813382388203,3.8333333333333335,11.218247910235773,12
3214.0,25,18.501053626808652,4.12,11.35068889331821,12
3215.0,23,17.738527171281635,5.0,11.226113086604693,12
3216.0,22,15.739472906123916,5.7727272727272725,10.998307394471592,13
3217.0,27,11.847301795601165,5.148148148148148,8.396615453235249,18
3218.0,26,13.308264171826824,5.8076923076923075,9.148021068437494,12
3219.0,28,14.575270713562482,5.821428571428571,9.124427008688476,14
3220.0,26,15.06593018996913,6.730769230769231,10.243797071298978,12
3221.0,27,12.59054782271799,6.925925925925926,10.570520414604264,13
3222.0,27,11.808440654961776,7.444444444444445,11.330145600100378,14
3223.0,27,12.607390744843949,7.962962962962963,12.07531468453682,14
3224.0,27,11.52794289781774,8.62962962962963,12.665915505692713,19
3225.0,27,10.581393727400526,9.296296296296296,13.279424006013667,19
3226.0,27,11.91274570428222,9.962962962962964,14.04032819588558,18
3227.0,27,12.512237558660392,10.62962962962963,14.789932171989554,18
3228.0,27,11.8952397546609,11.296296296296296,15.409557816383298,19
3229.0,33,9.210981826776047,9.787878787878787,13.114279425719799,25
3230.0,32,10.517861095461187,10.65625,14.147694418481235,18
3231.0,33,12.32058005917609,10.878787878787879,14.44213356030824,19
3232.0,33,13.758639312704943,11.424242424242424,15.165521259546065,18
3233.0,32,11.317849704394348,12.34375,16.293937359817267,18
3234.0,32,9.254599953407789,12.90625,16.97208150147529,19
3235.0,32,8.161899412875746,13.59375,17.67316491682637,23
3236.0,33,7.705312932754635,13.909090909090908,17.948539250694324,25
3237.0,32,5.330471092722544,15.09375,19.24037100456908,24
3238.0,32,4.421322853452575,15.84375,20.147757964826884,24
3239.0,33,6.175225467714605,3.909090909090909,20.378271334273244,14
3240.0,35,9.501706069319061,0.11428571428571428,19.960432597791794,5
3241.0,40,11.074440393383227,0.2,18.004121597566236,10
3242.0,40,16.39484942171738,0.325,18.669769939356556,5
3243.0,41,21.0175495783954,0.4878048780487805,18.761490108741878,8
3244.0,42,25.313169380055346,0.6428571428571429,18.773380804033067,8
3245.0,32,22.6162230223948,1.0625,11.141263575193483,8
3246.0,31,25.018885342981662,1.3870967741935485,10.852877240003929,9
3247.0,21,17.10383636097601,2.4761904761904763,7.389575283082074,9
3248.0,19,15.899144440025221,3.263157894736842,7.480312923782861,10
3249.0,18,14.173798745010425,4.111111111111111,8.435541379155007,12
3250.0,15,3.117460580722767,5.733333333333333,10.125428195242574,13
3251.0,14,0.5375286480442161,7.0,11.593709980301128,12
3252.0,14,1.048838370062306,7.928571428571429,12.575983468354632,13
3253.0,20,1.051617358851665,6.2,9.48543357201282,19
3254.0,20,3.072735555716779,6.85,10.424943166686088,13
3255.0,21,4.230808581142093,7.142857142857143,10.793994914252838,14
3256.0,21,6.54034211777704,7.761904761904762,11.659643456845103,13
3257.0,21,8.63300141500129,8.428571428571429,12.482123024565121,14
3258.0,21,10.345003967044702,9.095238095238095,13.270038223108553,14
3259.0,21,11.96703829307267,9.761904761904763,14.024834771103713,14
3260.0,22,12.531690853850067,10.0,14.086816101608656,16
3261.0,21,11.227697419980617,11.19047619047619,15.396285980600501,15
3262.0,16,0.852750089174958,15.625,20.19741470538781,15
3263.0,16,0.7619061734294317,16.5625,21.18235546875766,15
3264.0,16,0.21473944048915644,17.5,22.178111106972562,15
3265.0,23,0.04813879180301118,12.826086956521738,16.12295190730656,22
3266.0,23,2.1299153051492197,13.478260869565217,17.0816442909685,15
3267.0,23,5.621743253724667,6.217391304347826,17.968301388850545,9
3268.0,23,10.133414773343759,3.260869565217391,18.76442451358654,6
3269.0,23,14.589700458404103,1.0,19.471233018227625,2
3270.0,23,14.801196385637892,0.0,20.171546152215736,0
3271.0,24,17.229038811134316,0.0,19.940586178416233,1
3272.0,25,21.224818765141904,0.08,19.674067800159207,3
3273.0,24,24.242203284477593,0.3333333333333333,19.55152187633701,6
3274.0,24,28.126438248831505,0.5833333333333334,19.99358547213646,6
3275.0,25,29.37359337944071,0.8,19.57341656959109,7
3276.0,26,29.9425997693381,1.0,19.190297924736328,7
3277.0,30,24.008092613642837,1.0666666666666667,14.599814280316902,12
3278.0,31,25.003175654283055,1.2258064516129032,14.605140449503734,7
3279.0,31,27.276672170068235,1.4193548387096775,15.068886394841156,6
3280.0,30,28.966946320420956,1.6666666666666667,15.078818401800666,6
3281.0,30,27.274796627591147,1.8666666666666667,13.281934896671007,8
3282.0,28,24.94221270039464,2.2142857142857144,12.693846942135199,6
3283.0,25,21.131189473234823,2.72,11.071847210468963,6
3284.0,25,19.769993693843343,3.16,11.192253907112402,12
3285.0,23,18.696903411481482,3.9565217391304346,10.068464020237894,12
3286.0,22,16.8963159067459,4.681818181818182,9.982893245634257,13
3287.0,21,15.090997138310982,5.476190476190476,9.460938240211723,13
3288.0,20,15.022977880415352,6.35,10.411303972774595,12
3289.0,26,12.552429432287221,5.346153846153846,8.537107164172447,18
3290.0,27,14.153111298296945,5.592592592592593,8.912450987725414,13
3291.0,27,14.549169015041823,6.037037037037037,9.45127766112835,13
3292.0,27,16.861937247845812,6.481481481481482,10.128307545891593,12
3293.0,27,14.37315683912767,6.925925925925926,10.671914672682064,13
3294.0,26,11.813760896793871,7.6923076923076925,11.726893396903161,13
3295.0,25,10.99003340448423,8.6,12.84520072027683,15
3296.0,26,9.222954049007237,8.923076923076923,12.952213444444462,19
3297.0,26,10.322216387566163,9.615384615384615,13.74883468911164,18
3298.0,26,11.478451350968346,10.307692307692308,14.520921187797715,18
3299.0,27,11.707132911474378,10.592592592592593,14.7120945860168,19
3300.0,27,12.584486573763094,11.25925925925926,15.460351244685386,18
3301.0,33,9.776453404094232,9.757575757575758,13.152663754460603,25
3302.0,33,10.611737539169948,10.303030303030303,13.801929644038509,19
3303.0,32,11.335485599314948,11.1875,14.862390044945855,18
3304.0,32,13.261558776425545,11.75,15.593932835810213,18
3305.0,32,10.108182859596095,12.3125,16.2387122622063,19
3306.0,32,9.479672424420592,12.875,17.052625437496577,18
3307.0,32,7.7909381544056275,13.53125,17.755225480533813,22
3308.0,33,6.000087662251312,13.818181818181818,18.068962135536665,24
3309.0,33,4.443035194729281,14.545454545454545,18.981372406521757,24
3310.0,32,5.24007618859076,3.5625,20.369925329214738,13
3311.0,33,8.737508587993343,0.12121212121212122,20.552957655511996,4
3312.0,34,12.797697928710633,0.2647058823529412,20.66587176590786,6
3313.0,41,14.192698540774805,0.36585365853658536,17.68299159451397,13
3314.0,41,19.48864554462005,0.5121951219512195,18.29176675153931,6
3315.0,41,24.68248986874938,0.7073170731707317,18.796730468233598,8
3316.0,33,23.310016406537613,1.121212121212121,12.502944517990821,9
3317.0,32,22.841909386982916,1.40625,10.17632511350344,10
3318.0,22,14.984808107464518,2.4545454545454546,7.01856204678246,9
3319.0,20,14.633031920838793,3.2,7.299180856546147,10
3320.0,20,15.149780071940661,3.75,7.999163099850811,11
3321.0,18,11.903412224441142,4.833333333333333,9.340793563604661,12
3322.0,15,0.41017153043637977,6.666666666666667,11.250350789168753,14
3323.0,15,0.6541556449438729,7.533333333333333,12.237596066565095,13
3324.0,15,1.2425860662969714,8.466666666666667,13.213520609666316,14
3325.0,21,1.0584679556715766,6.714285714285714,10.132033719064259,20
3326.0,21,2.4016894913359748,7.380952380952381,11.083690179141163,14
3327.0,22,3.9709366547732294,7.681818181818182,11.453970799614517,15
3328.0,22,6.0060326528503305,8.318181818181818,12.332942353230408,14
3329.0,22,8.00941126395839,9.0,13.172184406854255,15
3330.0,22,10.158603353870001,9.681818181818182,13.967825710232027,15
3331.0,22,11.683543781725746,10.363636363636363,14.731818010199417,15
3332.0,23,12.145862802185787,10.565217391304348,14.80314780887233,16
3333.0,22,11.172606330781749,11.772727272727273,16.123842089214776,16
3334.0,17,0.7167361267465919,16.176470588235293,20.914357194629115,16
3335.0,17,0.8144460690376263,17.11764705882353,21.90141835242937,16
3336.0,17,0.17977219234104547,18.058823529411764,22.89856228287435,16
3337.0,24,0.049635470491585953,13.458333333333334,16.927359793751574,23
3338.0,24,4.207556804603677,5.458333333333333,17.8445617013849,8
3339.0,24,9.356389730334783,2.7916666666666665,18.660366743551716,5
3340.0,24,14.832413739633923,0.875,19.370211020399438,2
3341.0,24,20.154657733367646,0.0,19.977805104218625,0
3342.0,24,21.29449048232284,0.0,20.565194688434836,0
3343.0,26,21.796223850918352,0.11538461538461539,19.485393567800894,5
3344.0,24,24.412370643817493,0.375,18.759624937263897,6
3345.0,24,28.402035982319585,0.625,19.223987803823807,6
3346.0,25,29.928557443951156,0.84,18.84997054838735,7
3347.0,24,30.82102789898877,1.125,18.517988690545952,6
3348.0,24,30.04727653766544,1.375,17.367768021336513,7
3349.0,30,25.529539407407807,1.3,14.201585487031995,12
3350.0,29,25.097715163554028,1.5517241379310345,12.771875823070358,7
3351.0,28,26.799074027561996,1.8214285714285714,12.490213600703495,6
3352.0,27,27.735506313974078,2.111111111111111,12.16401726481798,6
3353.0,28,25.621647082478685,2.25,11.202730435836388,8
3354.0,26,22.631752970360136,2.6538461538461537,10.590890879425263,6
3355.0,24,20.785937419331024,3.1666666666666665,9.997256480767822,7
3356.0,22,17.190103206294303,3.8636363636363638,8.860890227669639,10
3357.0,21,16.342233006095377,4.571428571428571,9.549899347143475,11
3358.0,21,15.039121791306902,5.142857142857143,8.889205308025723,13
3359.0,21,13.592754848016908,5.714285714285714,9.382857316430838,13
3360.0,20,14.131772159034004,6.6,10.371684938959536,12
3361.0,26,12.183867874088786,5.538461538461538,8.50289865573281,18
3362.0,26,12.13615847724698,6.0,9.032758114546116,13
3363.0,27,14.306142021158163,6.222222222222222,9.366283225771094,13
3364.0,26,14.929397554792066,6.923076923076923,10.307120775338445,12
3365.0,26,11.41613683449328,7.384615384615385,10.913427044371076,13
3366.0,26,11.269257831981703,7.846153846153846,11.675598474209487,12
3367.0,26,11.399666945521421,8.461538461538462,12.432712493552485,16
3368.0,28,11.523159163769133,8.5,12.226614513017521,20
3369.0,26,9.722900842464146,9.846153846153847,13.655606265444572,18
3370.0,26,10.908096779541859,10.538461538461538,14.414792599040206,18
3371.0,27,10.93351600327492,10.814814814814815,14.603067259590407,19
3372.0,27,12.155064105339225,11.481481481481481,15.335951433587407,18
3373.0,33,8.869793238796822,9.93939393939394,13.016414734635783,25
3374.0,34,10.715217007756427,10.176470588235293,13.370221223332674,19
3375.0,34,12.827973109172179,10.705882352941176,14.093966796403471,18
3376.0,32,12.800759983809042,11.9375,15.51210776073265,18
3377.0,33,10.483948602545697,12.121212121212121,15.790045776597001,19
3378.0,34,9.294865904557053,12.382352941176471,16.099442320738344,22
3379.0,34,6.831905432779136,13.058823529411764,16.81856950425177,24
3380.0,34,6.000794664645957,13.764705882352942,17.69078011820607,24
3381.0,33,6.9444516643476915,3.303030303030303,18.980337773765598,13
3382.0,33,9.796831196791427,0.09090909090909091,19.662347351014823,3
3383.0,34,13.306944399633347,0.20588235294117646,19.785194992168215,5
3384.0,35,17.30405088859294,0.3142857142857143,19.841998478698798,5
3385.0,41,19.146928787344713,0.4146341463414634,17.405935788797468,12
3386.0,42,23.915073170602582,0.5952380952380952,17.48592050266991,9
3387.0,32,19.947644679153033,1.03125,10.16024703362238,9
3388.0,30,22.168083705006886,1.3666666666666667,9.985864433217891,8
3389.0,20,10.00474513111727,2.55,6.371569311448021,11
3390.0,20,11.84871618277393,3.05,7.136511483011252,10
3391.0,20,13.684333810402721,3.65,7.865577308473766,12
3392.0,20,15.114928861777372,4.3,8.56814282472883,13
3393.0,19,13.014351256904376,5.2105263157894735,9.578970073300669,13
3394.0,15,0.23682788288977233,7.466666666666667,12.042459150573192,14
3395.0,15,0.45100025370789365,8.4,13.032663098378883,14
3396.0,15,0.7730009113773064,9.333333333333334,14.015855195145015,14
3397.0,21,0.7587502696985914,7.333333333333333,10.709108214911922,20
3398.0,21,2.0903099447855067,8.0,11.663361109038188,14
3399.0,22,3.6391896138843784,8.272727272727273,12.008661985717321,15
3400.0,22,5.9186584508673885,8.954545454545455,12.88217733648121,15
3401.0,22,8.078214469377944,9.636363636363637,13.710976642298892,15
3402.0,22,9.426940069656444,10.318181818181818,14.509734497212422,15
3403.0,22,11.022823023286696,11.0,15.272957874735276,15
3404.0,23,11.50007843290805,11.173913043478262,15.318556353565572,16
3405.0,23,11.736330432731018,11.869565217391305,16.06800530516526,16
3406.0,18,2.328370520764352,16.055555555555557,20.60617681969414,16
3407.0,17,0.09033360618699697,17.941176470588236,22.644863793836493,16
3408.0,17,0.005837472405667542,18.941176470588236,23.644734096163685,17
3409.0,23,2.1148394931266896,6.695652173913044,18.173521597709918,16
3410.0,23,6.508354523450423,3.5217391304347827,19.044126473207694,6
3411.0,23,12.313480393273561,1.0869565217391304,19.79898745646683,2
3412.0,23,18.702357783529514,0.0,20.42642930715268,0
3413.0,23,24.29455116309393,0.0,20.943469903156675,0
3414.0,25,23.234158051883114,0.0,19.72766151772727,2
3415.0,24,24.681011919386133,0.08333333333333333,19.56823606397305,2
3416.0,23,27.424409107505223,0.30434782608695654,19.425197014074005,5
3417.0,25,27.996405454598392,0.48,18.242836296085837,7
3418.0,25,30.457174757735626,0.72,18.64509823061227,6
3419.0,25,31.541070870106665,0.96,19.026822001563403,6
3420.0,26,30.017804514196072,1.1538461538461537,17.30091934559061,8
3421.0,30,24.200869421603738,1.2,12.987781397086293,12
3422.0,30,26.463368884726524,1.4,13.467104769513067,6
3423.0,28,25.363850665565717,1.7142857142857142,11.3874766061485,7
3424.0,27,27.840579097779816,2.0,11.087161876478785,6
3425.0,25,25.310914011874406,2.4,9.229271767910776,7
3426.0,25,22.323891364599024,2.64,9.08870582400353,7
3427.0,22,18.07571968988486,3.3181818181818183,7.369346590943859,7
3428.0,22,18.496215466273643,3.6818181818181817,7.999648458579469,8
3429.0,22,17.125535215265113,4.136363636363637,8.10366103645717,11
3430.0,23,17.192262373552055,4.478260869565218,8.36924800336025,13
3431.0,22,16.615376201073804,5.2272727272727275,9.246683516846524,12
3432.0,22,16.058953855847154,5.7727272727272725,9.759394535520487,13
3433.0,27,12.527678048378997,5.148148148148148,8.327082889792901,18
3434.0,25,11.930475703258548,6.04,9.401323297861026,12
3435.0,27,13.233438015137981,6.037037037037037,9.360198473011616,14
3436.0,26,14.6040297605695,6.730769230769231,10.292295107717543,12
3437.0,26,13.23079922075947,7.1923076923076925,11.02331142624677,12
3438.0,27,12.136578975689906,7.407407407407407,11.332819062205862,14
3439.0,27,12.552859874600413,8.0,12.078793761453632,16
3440.0,26,10.212503000552056,8.961538461538462,13.039538470746963,18
3441.0,27,10.783520718105978,9.296296296296296,13.299518769936585,19
3442.0,27,11.760865824305624,9.962962962962964,14.059567925630947,18
3443.0,26,11.651144898546653,11.038461538461538,15.219762967115711,18
3444.0,27,11.72060127267668,11.296296296296296,15.380956892933492,19
3445.0,32,7.254226084226018,10.09375,13.373957308779708,25
3446.0,32,9.537307223323907,10.65625,14.17488533110668,18
3447.0,33,11.177478711773293,10.878787878787879,14.48369531737332,19
3448.0,33,12.830418451091807,11.424242424242424,15.219960377526313,18
3449.0,33,8.404057003901716,11.969696969696969,15.907054933335893,19
3450.0,33,4.297029316262002,12.545454545454545,16.662056883152093,20
3451.0,33,2.7842209112713308,13.212121212121213,17.606522506600125,22
3452.0,34,4.525199582910336,2.764705882352941,17.96954876768946,14
3453.0,35,8.517169984459374,0.17142857142857143,18.25692190658004,5
3454.0,35,13.566408718945759,0.34285714285714286,18.982541358080258,6
3455.0,35,17.76194750988784,0.5142857142857142,19.622220747937636,6
3456.0,37,20.78333924678244,0.7027027027027027,19.08598890240763,10
3457.0,44,20.580704198799133,0.7727272727272727,16.474606134213865,15
3458.0,32,17.10175056656646,1.34375,9.21838367565631,9
3459.0,32,20.38093490891864,1.6875,9.79392579354602,11
3460.0,22,10.88732396378149,2.9545454545454546,8.572222897308569,11
3461.0,21,8.840234926275137,3.6666666666666665,7.724566522617977,13
3462.0,21,10.845497895943248,4.285714285714286,8.49124331775802,13
3463.0,21,12.541335826123044,4.904761904761905,9.224605745997083,13
3464.0,21,13.439289648961271,5.571428571428571,9.940793243790225,14
3465.0,20,12.142894552437408,6.55,11.046605606073111,14
3466.0,16,0.4994501542907558,9.0625,13.862463251300081,15
3467.0,16,0.3251172189424779,10.0,14.855516235085023,15
3468.0,16,0.7140562978393069,10.9375,15.840252064060444,15
3469.0,22,0.7707400707655924,8.636363636363637,12.230979757621116,21
3470.0,22,1.9864120227251216,9.318181818181818,13.188159264553947,15
3471.0,23,3.98381313834068,9.565217391304348,13.48530051005481,16
3472.0,23,6.054797022930776,10.26086956521739,14.356225541640857,16
3473.0,23,8.221188779172218,10.956521739130435,15.181619658991961,16
3474.0,23,9.838364659274845,11.652173913043478,15.971274820128246,16
3475.0,23,10.995938883035114,12.347826086956522,16.73436655593053,16
3476.0,24,10.985453168063671,12.5,16.75881021094012,17
3477.0,22,8.276444041492008,14.409090909090908,18.870003494806387,17
3478.0,18,0.12075928900663804,18.555555555555557,23.397026212347292,17
3479.0,18,0.027572481506147366,19.5,24.39635467948945,17
3480.0,18,3.2632045642942544,8.5,25.32627218386785,10
3481.0,24,5.634128847718125,3.375,19.625642507556005,12
3482.0,24,11.126589511742214,1.0416666666666667,20.39418108704755,2
3483.0,24,17.57277235953303,0.0,21.029104541609247,0
3484.0,25,23.10454537305406,0.0,20.668756050639313,1
3485.0,26,27.613311706098795,0.0,20.264895412160964,1
3486.0,27,28.382529967094833,0.0,19.892480081115604,1
3487.0,25,28.20592155367334,0.08,19.030381138102506,2
3488.0,26,29.721710136311273,0.23076923076923078,18.657580528615927,5
3489.0,25,30.76906475730443,0.48,18.311852227377088,6
3490.0,25,31.70450724157921,0.72,18.66670837683545,6
3491.0,25,31.10112392426034,0.96,17.592229181525386,7
3492.0,26,30.45787560738118,1.1538461538461537,17.263676401219517,7
3493.0,29,23.19379372629858,1.2413793103448276,12.36102461158568,12
3494.0,29,24.44938401757757,1.4482758620689655,11.584237364856223,7
3495.0,25,23.552871789480687,1.92,9.42493548332097,6
3496.0,23,23.262594922914534,2.347826086956522,8.886050343981807,6
3497.0,25,21.84170589240284,2.4,8.630532943813366,8
3498.0,24,18.459927652680335,2.75,8.831187844861358,6
3499.0,23,16.557055334616386,3.217391304347826,8.515823049300689,8
3500.0,23,15.603797507969238,3.739130434782609,9.010324599287975,13
3501.0,21,14.859864740847973,4.666666666666667,8.556341913470002,12
3502.0,22,14.985324210356977,5.0,8.803289913453067,13
3503.0,21,12.640940924765562,5.809523809523809,9.312504997157026,13
3504.0,21,13.913577430742043,6.380952380952381,10.001036928682026,12
3505.0,27,11.675299156949004,5.407407407407407,8.293965926760983,18
3506.0,28,13.589855880547756,5.642857142857143,8.660129000680465,13
3507.0,28,14.55963079118548,6.071428571428571,9.187287720236773,13
3508.0,28,16.63077009463266,6.5,9.824630986509039,12
3509.0,28,13.166800915997648,6.928571428571429,10.375477567090977,13
3510.0,28,12.540241931314192,7.428571428571429,11.09864691800199,14
3511.0,26,10.942030088449775,8.692307692307692,12.429359457015419,18
3512.0,28,10.836873114352553,8.714285714285714,12.235169156866073,20
3513.0,28,12.258405059823879,9.357142857142858,12.972332430942972,18
3514.0,27,11.768875085158799,10.37037037037037,14.067310805668523,18
3515.0,27,10.85319904301929,11.037037037037036,14.652864463729516,19
3516.0,27,11.728679131099481,11.703703703703704,15.40746457811185,18
3517.0,33,8.601365854539447,10.121212121212121,13.11499253553136,25
3518.0,33,9.136865004302662,10.666666666666666,13.791947120507603,19
3519.0,33,11.729975553743667,11.212121212121213,14.553454438291723,18
3520.0,34,12.614730114278048,11.411764705882353,14.83886992024537,19
3521.0,34,9.324004915924538,11.941176470588236,15.648586009543287,18
3522.0,36,7.081991087054362,11.805555555555555,15.578543362258323,21
3523.0,35,7.4347930374220095,2.4857142857142858,16.788185139658573,12
3524.0,35,9.54716196674899,0.14285714285714285,17.46091939972475,4
3525.0,34,13.265122796689186,0.23529411764705882,18.527409337554204,3
3526.0,34,18.055542898523104,0.38235294117647056,19.16696076913978,5
3527.0,35,22.10155856520543,0.5714285714285714,19.148016940050276,8
3528.0,37,24.404160957779983,0.7297297297297297,18.567148427291784,9
3529.0,32,16.210422895544923,1.09375,9.25231298647586,14
3530.0,31,19.513905781453218,1.4193548387096775,9.131884649752008,9
3531.0,21,9.678427017171462,2.5714285714285716,7.412793749782635,10
3532.0,19,7.436895598947039,3.3684210526315788,7.464042019477762,10
3533.0,20,8.374693029917129,3.8,7.8674725370063445,13
3534.0,20,10.72178787599452,4.4,8.646390393425063,12
3535.0,20,13.340395743269928,5.05,9.371952368069556,13
3536.0,20,14.906125175472186,5.7,10.066607279233386,13
3537.0,18,10.939877121121649,7.055555555555555,11.625956267794507,13
3538.0,15,0.4081986217278394,9.333333333333334,14.035313147302777,14
3539.0,15,0.48818607302766837,10.266666666666667,15.026097347470591,14
3540.0,15,1.0291261917110155,11.2,16.006717062617845,14
3541.0,21,0.4679382103903005,8.666666666666666,12.13884324915134,20
3542.0,21,2.1965820624241865,9.333333333333334,13.093692122213326,14
3543.0,22,3.862243362876599,9.545454545454545,13.373401251350385,15
3544.0,22,5.796592972777958,10.181818181818182,14.253968776299207,14
3545.0,22,7.820938738145273,10.863636363636363,15.092754842535943,15
3546.0,22,9.801246935152001,11.545454545454545,15.890419345298199,15
3547.0,22,11.059659948712046,12.227272727272727,16.661483694808275,15
3548.0,23,11.66166856436137,12.347826086956522,16.652594026258274,16
3549.0,22,10.377583944765872,13.636363636363637,18.04041153518968,16
3550.0,17,0.17026238439589303,18.58823529411765,23.407611074149578,16
3551.0,17,2.747534275282586,8.647058823529411,24.35494608317605,9
3552.0,17,6.936296953171989,4.411764705882353,25.219849432169315,6
3553.0,23,8.998496858735567,1.0,19.204826008883504,8
3554.0,23,15.57847629303707,0.0,19.897968357885887,0
3555.0,24,21.184921841465332,0.0,19.607201393085486,1
3556.0,25,26.123445638209372,0.0,19.26413502782483,1
3557.0,25,30.948372170275306,0.0,19.65160619327524,0
3558.0,23,30.53097453437195,0.0,18.605610588055264,0
3559.0,25,28.358698933412636,0.04,17.479309945725525,3
3560.0,25,30.11420214957867,0.16,17.886652405076305,3
3561.0,24,31.26966220667068,0.375,17.54842893644399,5
3562.0,25,31.31614768539829,0.6,17.191467682227714,7
3563.0,23,30.900420549162305,0.9130434782608695,16.166903894525586,6
3564.0,22,28.491910358355106,1.2272727272727273,14.193109642822236,7
3565.0,29,23.16565265128597,1.1379310344827587,11.060499938268777,13
3566.0,26,22.34414690906524,1.5,9.54992295458925,6
3567.0,25,23.7904679342095,1.8,9.127173929055193,6
3568.0,24,23.84898119614817,2.125,8.415917988959382,7
3569.0,23,21.651316971596085,2.4782608695652173,7.24615125953499,7
3570.0,22,18.884930508452577,2.8636363636363638,6.829466568327678,6
3571.0,22,15.770976393207611,3.1363636363636362,6.914535250829016,7
3572.0,21,15.417640484004476,3.619047619047619,7.723542454768963,7
3573.0,20,14.928773994970786,4.35,8.576383175405649,11
3574.0,22,14.573420022639711,4.5,8.395410731041835,14
3575.0,22,15.752724636235296,5.045454545454546,9.06332864202403,12
3576.0,21,15.828551737503835,5.857142857142857,9.991805872614638,12
3577.0,28,12.27225565293829,4.821428571428571,7.990000399198072,19
3578.0,27,13.771877228897184,5.444444444444445,8.872708074890134,12
3579.0,29,15.677190726413215,5.482758620689655,8.876722194053215,14
3580.0,27,15.507434469621819,6.333333333333333,9.939876667229184,12
3581.0,26,12.70755894579013,7.038461538461538,10.926116871658262,12
3582.0,27,12.487606685172635,7.222222222222222,11.236493917832073,13
3583.0,27,12.919838492239709,7.777777777777778,11.97920216180256,15
3584.0,28,13.25869712525796,8.142857142857142,12.250841927701012,19
3585.0,27,11.423671953866055,9.11111111111111,13.202875443349589,19
3586.0,27,12.070294172431712,9.777777777777779,13.96212308523234,18
3587.0,26,11.772099441860256,10.846153846153847,15.140465311732164,18
3588.0,27,12.299641658620795,11.11111111111111,15.29846161914264,19
3589.0,32,7.561255866764331,9.9375,13.300666431280503,25
3590.0,32,9.918954439812737,10.5,14.09364797523953,18
3591.0,33,11.361814426431154,10.727272727272727,14.399072386467731,19
3592.0,32,10.794323603934513,11.625,15.533174007031539,18
3593.0,33,8.501394233597834,11.818181818181818,15.854181526344043,19
3594.0,34,7.111548823490322,2.0294117647058822,16.209864548121104,7
3595.0,34,10.334114356644847,0.029411764705882353,16.994526357314278,1
3596.0,34,13.225642548316833,0.11764705882352941,17.58968228828344,4
3597.0,35,17.480091529956525,0.2571428571428571,17.688885315382443,6
3598.0,35,22.17030280718239,0.4,18.219818399191187,5
3599.0,36,25.288729467922046,0.5555555555555556,18.151291339893255,7
3600.0,29,22.805087656739662,0.896551724137931,13.712837569726785,7
3601.0,26,21.259304556784954,1.2692307692307692,9.882065421946319,8
3602.0,18,11.792375745214835,2.3333333333333335,9.059741142614824,9
3603.0,14,2.3260606117312355,3.7142857142857144,8.713874702548367,10
3604.0,14,0.7579487983303066,4.5,9.696620935062708,11
3605.0,14,0.19440043264678383,5.357142857142857,10.691970115613133,12
3606.0,14,0.06064268440885725,6.285714285714286,11.690578748453268,13
3607.0,14,0.013121965454094022,7.285714285714286,12.690301703986435,14
3608.0,14,0.0027923830101996513,8.285714285714286,13.690240914092545,14
3609.0,14,0.0014297942999365258,9.285714285714286,14.690212085649906,14
3610.0,14,0.00014104668667554244,10.285714285714286,15.69020867146665,14
3611.0,14,4.296338430134402e-05,11.285714285714286,16.690207589215802,14
3612.0,14,0.0,12.285714285714286,17.690207589215802,14
3613.0,14,0.0,13.285714285714286,18.6902075892158,14
3614.0,14,0.0,14.285714285714286,19.6902075892158,14
3615.0,14,0.0,15.285714285714286,20.6902075892158,14
3616.0,14,0.0,16.285714285714285,21.6902075892158,14
3617.0,14,0.0,17.285714285714285,22.6902075892158,14
3618.0,14,0.0,18.285714285714285,23.690207589215806,14
3619.0,14,0.0,19.285714285714285,24.690207589215806,14
3620.0,14,0.0,20.285714285714285,25.690207589215806,14
3621.0,14,0.0,21.285714285714285,26.690207589215806,14
3622.0,14,4.083945938421945,8.071428571428571,27.6039535029187,6
3623.0,14,9.146311043712867,4.142857142857143,28.410016704202654,3
3624.0,14,14.471560743107446,1.4285714285714286,29.101043603644875,1
3625.0,14,19.96432337676411,0.0,29.675333593854486,0
3626.0,14,26.719990989937873,0.0,30.103267798706295,0
3627.0,15,31.946903894863432,0.0,28.345831352473496,1
3628.0,14,35.39940923744169,0.0,28.148154751384055,0
3629.0,13,39.769119482284616,0.0,27.77557717167627,0
3630.0,14,37.66185037135507,0.0,25.91434131423374,1
3631.0,14,39.05195420356628,0.0,26.07837577979128,0
3632.0,12,39.821236371649874,0.0,24.826482020064873,0
3633.0,13,37.877444520391045,0.0,23.02607158510493,1
3634.0,13,38.04612730725202,0.0,23.2100572384391,0
3635.0,11,37.225886582595585,0.0,21.491380543872765,0
3636.0,11,35.27463208669486,0.0,19.05526320811519,1
3637.0,9,37.1683302856509,0.0,16.36675418936956,0
3638.0,8,37.95151147770837,0.0,15.208969400549494,0
3639.0,8,33.62646486740157,0.0,11.664806402425318,1
3640.0,8,35.22656646767511,0.0,11.877734405145612,0
3641.0,6,35.51204941978927,0.0,6.84443197648076,0
3642.0,7,33.5387722762229,0.0,5.992127282907419,1
3643.0,6,35.78917522808239,0.0,2.6487029733411678,0
3644.0,5,38.45301240859199,0.0,2.7348420473329824,0
3645.0,6,34.10865449554942,0.0,2.4054160346090883,1
3646.0,5,34.21180426965748,0.0,2.4383964909297644,0
3647.0,5,37.486031451770295,0.0,2.65427264441077,0
3648.0,6,33.587130395486774,0.0,2.344465325481331,1
3649.0,6,36.4032716500256,0.0,2.588804615985421,0
3650.0,6,37.98115065568384,0.0,2.803456345976409,0
3651.0,6,33.410295161774194,0.0,2.4241234549165953,1
3652.0,6,36.21135580002982,0.0,2.6944158201104966,0
3653.0,5,38.99327025996584,0.0,2.6138781615458697,0
3654.0,6,34.25759966188163,0.0,2.312437122076765,1
3655.0,5,36.40637755967041,0.0,2.397574531430688,0
3656.0,5,39.60535424515155,0.0,2.5839530972257307,0
3657.0,6,35.06119860502721,0.0,2.2634688830076253,1
3658.0,5,34.962945769916594,0.0,2.413521804402284,0
3659.0,5,38.84960791032886,0.0,2.6097365396705903,0
3660.0,6,34.37124916102893,0.0,2.2964987034203417,1
3661.0,5,33.62472176456615,0.0,2.4235367608616136,0
3662.0,6,24.55513367802236,0.0,2.3319907242853932,1
3663.0,5,16.601145833156615,0.0,2.7833352774686233,0
3664.0,5,12.032938203602889,0.2,3.5075636674682764,1
3665.0,6,7.863217124217226,0.5,3.5853885400511056,3
3666.0,6,6.121865300634868,0.8333333333333334,4.463929458000359,2
3667.0,7,3.8119035180702006,1.0,4.6069545992165155,3
3668.0,7,4.2233402305353325,1.5714285714285714,5.525588194817898,4
3669.0,7,4.628966593627151,2.142857142857143,6.437541938087935,4
3670.0,8,2.7352386984337675,2.5,6.457171408009839,6
3671.0,9,1.440282318110415,2.7777777777777777,6.600865728184091,6
3672.0,9,2.5844051003864736,3.5555555555555554,7.550348928565281,7
3673.0,9,1.993754538350831,4.333333333333333,8.511250293869558,7
3674.0,9,0.3242919071954164,5.222222222222222,9.504876523359478,8
3675.0,9,0.07190117128875997,6.111111111111111,10.503463600850038,8
3676.0,9,0.0025992785567468856,7.111111111111111,11.503412579381596,9
3677.0,9,0.0011187950293434213,8.11111111111111,12.503390671552784,9
3678.0,9,0.0006798437878662485,9.11111111111111,13.503377291188553,9
3679.0,9,8.828585146560482e-05,10.11111111111111,14.503375553588139,9
3680.0,9,0.0,11.11111111111111,15.503375553588139,9
3681.0,9,0.0,12.11111111111111,16.50337555358814,9
3682.0,9,0.0,13.11111111111111,17.50337555358814,9
3683.0,9,0.0,14.11111111111111,18.50337555358814,9
3684.0,9,4.07240905687179e-05,15.11111111111111,19.50337480982863,9
3685.0,9,8.771832392480881e-05,16.11111111111111,20.503372910254566,9
3686.0,9,7.108303082002035e-05,17.11111111111111,21.50337151971667,9
3687.0,9,8.801691416475403e-05,18.11111111111111,22.50336978740935,9
3688.0,9,0.0,19.11111111111111,23.50336978740935,9
3689.0,9,0.0,20.11111111111111,24.50336978740935,9
3690.0,9,0.0,21.11111111111111,25.50336978740935,9
3691.0,9,0.0,22.11111111111111,26.50336978740935,9
3692.0,9,0.0,23.11111111111111,27.50336978740935,9
3693.0,9,3.1322988964710383,11.777777777777779,28.433326443961548,5
3694.0,9,7.879935114578257,7.0,29.26292170494278,3
3695.0,9,13.223207409931632,2.4444444444444446,29.980943421308147,1
3696.0,9,19.481438346098994,0.0,30.56930384213675,0
3697.0,10,24.16086681421782,0.0,27.905928638650618,1
3698.0,10,29.377289394565278,0.0,28.294524316026735,0
3699.0,9,33.270609846587085,0.0,28.014839702622286,0
3700.0,10,33.05018902895448,0.0,25.447348982799404,1
3701.0,10,37.24003309214328,0.0,25.70145764710653,0
3702.0,10,40.09298639577187,0.0,25.899589450156263,0
3703.0,10,37.05553304339949,0.0,22.45954296359252,1
3704.0,10,38.807222079606625,0.0,22.684551622114498,0
3705.0,10,39.37023352452594,0.0,22.89798002819459,0
3706.0,10,36.63663796261069,0.0,19.465337193272326,1
3707.0,10,39.72087307235147,0.0,19.671774559514972,0
3708.0,8,41.02547243936599,0.0,16.41598503363078,0
3709.0,7,34.38885174627521,0.0,9.919091933364239,1
3710.0,7,39.80547105706136,0.0,10.109656786820377,0
3711.0,5,39.485955789122585,0.0,2.927733792126857,0
3712.0,6,34.11123655453002,0.0,2.5627465787241133,1
3713.0,5,33.47324156966613,0.0,2.5996439247394423,0
3714.0,5,36.77784454036056,0.0,2.817311402595025,0
3715.0,6,32.02118558962335,0.0,2.499171301539221,1
3716.0,6,34.11182138879471,0.0,2.7765016132305598,0
3717.0,5,35.26636559180804,0.0,2.8247769757828323,0
3718.0,6,32.79867597475137,0.0,2.5041549905073457,1
3719.0,5,32.60554261856564,0.0,2.4679664575863565,0
3720.0,5,33.85725317957104,0.0,2.745901332457376,0
3721.0,6,30.859113086864358,0.0,2.4678911974124467,1
3722.0,6,34.938075677837865,0.0,2.7367577847211746,0
3723.0,6,38.24365179696672,0.0,2.9411486085899994,0
3724.0,6,34.07106092519729,0.0,2.606408880742491,1
3725.0,6,38.35000007060336,0.0,2.8419747324490294,0
3726.0,5,37.80701374077351,0.0,2.9494499175116444,0
3727.0,6,34.52987200037516,0.0,2.617919278568613,1
3728.0,5,36.09736401997765,0.0,2.8103572603318008,0
3729.0,5,38.99299943829649,0.0,3.0751322194243125,0
3730.0,5,42.28161650544353,0.0,3.2801918909466017,0
3731.0,4,43.34910038015528,0.0,3.232580831016226,0
3732.0,4,46.388654295794296,0.0,3.3601203344941104,0
3733.0,4,48.07388729854386,0.0,3.458432264367941,0
3734.0,4,47.40063963724669,0.0,3.5695915750713745,0
3735.0,3,37.91068797571819,0.0,3.9196831088531687,0
3736.0,2,19.14581262009348,0.0,4.530677225562494,0
3737.0,2,3.806810288278275,0.0,5.459112887129848,0
3738.0,2,0.7118637599844014,0.5,6.445780697746319,1
3739.0,2,0.027961111435500372,1.5,7.445283547903356,2
3740.0,2,0.0056997825869665375,2.5,8.445178426657993,2
3741.0,2,0.0012090482622480652,3.5,9.445156103967877,2
3742.0,2,0.0005146272060716343,4.5,10.445146378282011,2
3743.0,2,0.00019435756624323308,5.5,11.445142705214181,2
3744.0,2,0.0,6.5,12.445142705214181,2
3745.0,2,0.0,7.5,13.445142705214181,2
3746.0,2,0.0,8.5,14.445142705214181,2
3747.0,2,0.0,9.5,15.445142705214181,2
3748.0,2,0.0,10.5,16.44514270521418,2
3749.0,2,0.0,11.5,17.44514270521418,2
3750.0,2,0.0,12.5,18.44514270521418,2
3751.0,2,0.0,13.5,19.44514270521418,2
3752.0,2,0.0,14.5,20.44514270521418,2
3753.0,2,0.0,15.5,21.44514270521418,2
3754.0,2,0.0,16.5,22.44514270521418,2
3755.0,2,0.0,17.5,23.44514270521418,2
3756.0,2,0.0,18.5,24.44514270521418,2
3757.0,2,0.0,19.5,25.44514270521418,2
3758.0,2,0.0,20.5,26.44514270521418,2
3759.0,2,0.0,21.5,27.44514270521418,2
3760.0,2,0.0,22.5,28.44514270521418,2
3761.0,2,0.0,23.5,29.44514270521418,2
3762.0,2,0.0,24.5,30.44514270521418,2
3763.0,2,0.0,25.5,31.44514270521418,2
3764.0,2,7.74236303129699,0.0,32.306443149337454,0
3765.0,2,15.030788532989103,0.0,33.03681205378979,0
3766.0,2,21.593695047777146,0.0,33.64919909211249,0
3767.0,2,29.13462233996485,0.0,34.12563190853972,0
3768.0,2,35.521328904591506,0.0,34.486816187800855,0
3769.0,2,41.69405818041879,0.0,34.737646052262484,0
3770.0,1,46.58857238044962,0.0,35.27677897313381,0
3771.0,1,53.35297647292725,0.0,35.368406615288734,0
3772.0,1,58.6905718313585,0.0,35.369157901493374,0
3773.0,0,0.0,0.0,0.0,0
